m,n,k,us,tflops,iters
1,1,1024,10.260159969329834,0.00019960702426882043,100
2,2,1024,10.543999671936035,0.0007769347737940349,100
3,3,1024,10.413119792938232,0.0017700747102227573,100
4,4,1024,10.215679407119751,0.003207618279129096,100
5,5,1024,10.049599409103394,0.0050947304380730505,100
6,6,1024,10.107519626617432,0.007294371193288863,100
7,7,1024,10.319360494613647,0.009724633619726758,100
8,8,1024,9.46720004081726,0.013844853751361649,100
9,9,1024,10.011839866638184,0.016569182309115634,100
10,10,1024,10.049599409103394,0.020378921752292202,100
11,11,1024,9.874240159988403,0.025096412076763892,100
12,12,1024,9.554240107536316,0.030867132988145814,100
13,13,1024,9.648000001907349,0.0358739635086625,100
14,14,1024,9.585919976234436,0.0418747497366113,100
15,15,1024,9.590719938278198,0.048046445205940036,100
16,16,1024,9.231039881706238,0.05679620137261201,100
17,17,1024,9.938880205154419,0.059551175563324364,100
18,18,1024,9.584640264511108,0.06923076732018031,100
19,19,1024,9.703680276870728,0.07619047401656776,100
20,20,1024,9.578880071640015,0.08552147995102141,100
21,21,1024,9.670400023460388,0.09339510235449563,100
22,22,1024,9.582719802856445,0.1034395266054352,100
23,23,1024,9.606720209121704,0.11277438880454803,100
24,24,1024,9.113280177116394,0.12944274477175813,100
25,25,1024,9.745280146598816,0.13134563406540248,100
26,26,1024,9.818559885025024,0.14100316301085244,100
27,27,1024,9.928640127182007,0.1503722544956162,100
28,28,1024,9.589759707450867,0.16743193249696206,100
29,29,1024,9.633600115776062,0.17878757466582365,100
30,30,1024,13.048319816589355,0.14125956643525817,100
31,31,1024,10.44160008430481,0.18848911891946257,100
32,32,1024,8.957440257072449,0.23412402871949603,100
33,33,1024,9.625599980354309,0.2317021281324747,100
34,34,1024,9.599360227584839,0.2466297694711735,100
35,35,1024,9.62943971157074,0.26053436909578703,100
36,36,1024,9.550399780273438,0.2779159052045471,100
37,37,1024,9.62336003780365,0.29134439416026403,100
38,38,1024,9.551360011100769,0.3096220848719928,100
39,39,1024,9.666879773139954,0.32223510306347763,100
40,40,1024,8.967040181159973,0.3654271569881729,100
41,41,1024,9.603520035743713,0.3584818886394287,100
42,42,1024,9.573760032653809,0.37735142594738524,100
43,43,1024,9.694079756736755,0.39062521611383005,100
44,44,1024,9.582080245018005,0.4137857227882723,100
45,45,1024,9.729920029640198,0.42623166350457237,100
46,46,1024,9.542080163955688,0.45415338432909486,100
47,47,1024,9.713600277900696,0.46574203905554723,100
48,48,1024,8.861439824104309,0.5324859270797951,100
49,49,1024,9.59775984287262,0.5123328860589893,100
50,50,1024,9.558719992637634,0.5356365709994175,100
51,51,1024,9.64031994342804,0.5525592543877548,100
52,52,1024,9.556480050086975,0.5794803077048855,100
53,53,1024,9.724159836769104,0.5916019580681229,100
54,54,1024,9.516800045967102,0.6275184905803206,100
55,55,1024,9.631040096282959,0.6432534739826283,100
56,56,1024,8.816319704055786,0.7284817492547865,100
57,57,1024,9.613440036773682,0.6921509859682965,100
58,58,1024,9.514560103416443,0.7240977959166144,100
59,59,1024,9.666240215301514,0.7375243984434363,100
60,60,1024,9.583359956741333,0.7693335148925161,100
61,61,1024,9.911680221557617,0.7688512774479345,100
62,62,1024,9.59775984287262,0.8202447371973155,100
63,63,1024,9.60864007472992,0.8459586306471654,100
64,64,1024,8.882240056991577,0.9444248237129079,100
65,65,1024,9.79968011379242,0.8829675968526504,50
66,66,1024,9.581440091133118,0.9310800793145675,50
67,67,1024,9.681280255317688,0.9496132492342895,50
68,68,1024,9.553279876708984,0.9912775635400217,50
69,69,1024,9.887359738349915,0.9861609426610436,50
70,70,1024,9.52127993106842,1.0539759436391143,50
71,71,1024,9.774720072746277,1.056190655401491,50
72,72,1024,9.566720128059387,1.1097671780802507,50
73,73,1024,9.72607970237732,1.1221162414834387,50
74,74,1024,9.789440035820007,1.1456066903688424,50
75,75,1024,9.727360010147095,1.184288438793559,50
76,76,1024,9.708799719810486,1.2184047813719763,50
77,77,1024,9.758719801902771,1.2442812424671132,50
78,78,1024,9.667840003967285,1.2888123918979746,50
79,79,1024,9.768959879875183,1.3083857603234736,50
80,80,1024,9.073280096054077,1.4445933401417042,50
81,81,1024,9.739519953727722,1.3796293928077148,50
82,82,1024,9.696639776229858,1.420157118113982,50
83,83,1024,9.776639938354492,1.4431002971328237,50
84,84,1024,9.581440091133118,1.5081958309558283,50
85,85,1024,9.790719747543335,1.5113087067692628,50
86,86,1024,9.578239917755127,1.5813978486717668,50
87,87,1024,9.759359955787659,1.5883533418405327,50
88,88,1024,9.118720293045044,1.7392475578065916,50
89,89,1024,9.649919867515564,1.6810717832599493,50
90,90,1024,9.741439819335938,1.7029104842461409,50
91,91,1024,9.689599871635437,1.7502774340193197,50
92,92,1024,9.596800208091736,1.8062553793069756,50
93,93,1024,9.694719910621643,1.8270927023475196,50
94,94,1024,9.715200066566467,1.8626613838118835,50
95,95,1024,9.765759706497192,1.8926535728401208,50
96,96,1024,9.066879749298096,2.08168284149364,50
97,97,1024,9.750400185585022,1.9762913965816704,50
98,98,1024,9.663360118865967,2.0354195391724916,50
99,99,1024,9.806079864501953,2.0469390701846453,50
100,100,1024,9.618560075759888,2.129216830657684,50
101,101,1024,9.944319725036621,2.1008624599429866,50
102,102,1024,9.793919920921326,2.175573434543213,50
103,103,1024,9.779840111732483,2.221634684388624,50
104,104,1024,9.106559753417969,2.4324408558002375,50
105,105,1024,9.726719856262207,2.3213581077348677,50
106,106,1024,9.703680276870728,2.3714021220225905,50
107,107,1024,9.631360173225403,2.4345005874853243,50
108,108,1024,9.608319997787476,2.486165323958892,50
109,109,1024,9.737600088119507,2.498797216953584,50
110,110,1024,9.549440145492554,2.5950002955614964,50
111,111,1024,9.84000027179718,2.564370660875131,50
112,112,1024,9.066879749298096,2.8334016453663433,50
113,113,1024,9.748479723930359,2.6825631011782587,50
114,114,1024,9.564160108566284,2.7828693474256196,50
115,115,1024,10.26047945022583,2.6397207003230116,50
116,116,1024,9.584640264511108,2.8752135958652665,50
117,117,1024,9.798399806022644,2.861188822155234,50
118,118,1024,9.653120040893555,2.9541072605744105,50
119,119,1024,9.816319942474365,2.9544399703713853,50
120,120,1024,9.068800210952759,3.2519406441860172,50
121,121,1024,9.752960205078125,3.0744273912229922,50
122,122,1024,9.618560075759888,3.169126330750897,50
123,123,1024,9.902080297470093,3.129058851190717,50
124,124,1024,9.642879962921143,3.2656268792192495,50
125,125,1024,9.822720289230347,3.2577533572939945,50
126,126,1024,9.596160054206848,3.388235274978163,50
127,127,1024,9.884799718856812,3.3417158606649253,50
128,128,1024,9.026560187339783,3.7172999795716004,50
129,129,1024,9.790719747543335,3.480925700947723,50
130,130,1024,10.124800205230713,3.4184575792536656,50
131,131,1024,9.767680168151855,3.598165316120289,50
132,132,1024,9.702399969100952,3.6778891937709512,50
133,133,1024,9.858559966087341,3.6746819134455975,50
134,134,1024,9.74016010761261,3.775491120649922,50
135,135,1024,9.806079864501953,3.8062916594342577,50
136,136,1024,9.04255986213684,4.18905802975228,50
137,137,1024,9.757440090179443,3.9394463757648444,50
138,138,1024,9.879040122032166,3.9479657454794386,50
139,139,1024,9.698560237884521,4.0799259920492075,50
140,140,1024,9.786880016326904,4.101490968831267,50
141,141,1024,9.664639830589294,4.212913125963573,50
142,142,1024,9.723520278930664,4.247008368921866,50
143,143,1024,9.674239754676819,4.328976029331314,50
144,144,1024,9.000319838523865,4.718424318459002,50
145,145,1024,9.813759922981262,4.387635354637788,50
146,146,1024,9.731199741363525,4.486103374740008,50
147,147,1024,9.770240187644958,4.529595091834419,50
148,148,1024,9.682559967041016,4.633009467816289,50
149,149,1024,9.748479723930359,4.664075762335228,50
150,150,1024,9.753599762916565,4.724409563656419,50
151,151,1024,9.784960150718689,4.772267569896053,50
152,152,1024,9.077759981155396,5.212408358254215,50
153,153,1024,9.664000272750854,4.960847542107263,50
154,154,1024,9.775999784469604,4.968327441778394,50
155,155,1024,9.73695993423462,5.053240470570721,50
156,156,1024,9.78111982345581,5.095544160544878,50
157,157,1024,9.72607970237732,5.190287715579899,50
158,158,1024,9.719039797782898,5.26042418425562,50
159,159,1024,9.874560236930847,5.243320893051998,50
160,160,1024,8.869119882583618,5.911387002779721,50
161,161,1024,9.715840220451355,5.463882360709905,50
162,162,1024,9.68895971775055,5.547315043691648,50
163,163,1024,9.856640100479126,5.520472640302145,50
164,164,1024,9.941759705543518,5.540569238390036,50
165,165,1024,9.663360118865967,5.769918466677539,50
166,166,1024,9.845759868621826,5.731877351575052,50
167,167,1024,9.76960003376007,5.846367487166948,50
168,168,1024,9.033600091934204,6.398639679833749,50
169,169,1024,9.728000164031982,6.012842003875577,50
170,170,1024,9.65120017528534,6.132625883314054,50
171,171,1024,10.30784010887146,5.809710605470043,50
172,172,1024,9.684479832649231,6.256198892142861,50
173,173,1024,9.737600088119507,6.294630242084321,50
174,174,1024,9.672319889068604,6.4105869854528565,50
175,175,1024,11.163519620895386,5.618299795219015,50
176,176,1024,9.132159948348999,6.946751738778851,50
177,177,1024,9.738879799842834,6.5882106893890855,50
178,178,1024,9.73695993423462,6.664177776048396,50
179,179,1024,9.824000000953674,6.679557002608905,50
180,180,1024,9.737600088119507,6.814327904157573,50
181,181,1024,9.809280037879944,6.839903411963451,50
182,182,1024,10.241919755935669,6.623558240698455,50
183,183,1024,9.957119822502136,6.888083423984053,50
184,184,1024,9.116160273551941,7.605953155646319,50
185,185,1024,9.843199849128723,7.120936390030149,50
186,186,1024,9.76256012916565,7.257584799742009,50
187,187,1024,9.955840110778809,7.1934172508921215,50
188,188,1024,9.697920083999634,7.463921271059501,50
189,189,1024,9.875839948654175,7.407634022052917,50
190,190,1024,9.797760248184204,7.545887848572514,50
191,191,1024,9.992319941520691,7.477051219061519,50
192,192,1024,9.025920033454895,8.364518156616269,50
193,193,1024,9.845119714736938,7.748605828104789,50
194,194,1024,9.758080244064331,7.898943857003587,50
195,195,1024,9.850239753723145,7.905919241261627,50
196,196,1024,9.81823980808258,8.01324570777262,50
197,197,1024,9.936000108718872,7.9992784954033285,50
198,198,1024,9.775999784469604,8.212949444572446,50
199,199,1024,10.046720504760742,8.072569348532049,50
200,200,1024,9.123200178146362,8.979305331503138,50
201,201,1024,9.919999837875366,8.34085174921951,50
202,202,1024,9.866880178451538,8.469403751603533,50
203,203,1024,9.99616026878357,8.442845025560013,50
204,204,1024,9.84384000301361,8.658162665576409,50
205,205,1024,9.923200011253357,8.673331173653247,50
206,206,1024,9.808639883995056,8.860446405195377,50
207,207,1024,9.976320266723633,8.7963046147094,50
208,208,1024,9.041280150413513,9.800013994251419,50
209,209,1024,9.969919919967651,8.972859232382909,50
210,210,1024,9.779840111732483,9.234997604066201,50
211,211,1024,10.038399696350098,9.083022270287978,50
212,212,1024,9.813119769096375,9.379821521171126,50
213,213,1024,9.931520223617554,9.355638402572318,50
214,214,1024,9.782400131225586,9.587647892322467,50
215,215,1024,9.989759922027588,9.47658409600552,50
216,216,1024,9.095680117607117,10.505150441145636,50
217,217,1024,9.917439818382263,9.724109625676666,50
218,218,1024,9.701120257377625,10.03277450622076,50
219,219,1024,9.955840110778809,9.865980862193284,50
220,220,1024,9.699199795722961,10.21972967746372,50
221,221,1024,9.919999837875366,10.083303390599987,50
222,222,1024,9.692800045013428,10.413258452796256,50
223,223,1024,9.842560291290283,10.34740849798228,50
224,224,1024,9.026560187339783,11.384231187438028,50
225,225,1024,9.819520115852356,10.55856078268244,50
226,226,1024,10.35647988319397,10.100309099209095,50
227,227,1024,9.952639937400818,10.6033567640105,50
228,228,1024,9.872639775276184,10.783664189451473,50
229,229,1024,9.746559858322144,11.019187237463763,50
230,230,1024,9.947519898414612,10.891076480004488,50
231,231,1024,9.774720072746277,11.180200270358851,50
232,232,1024,9.765759706497192,11.287555224880517,50
233,233,1024,9.92576003074646,11.20154745385664,50
234,234,1024,9.946879744529724,11.273916130500266,50
235,235,1024,9.875199794769287,11.45301384787247,50
236,236,1024,9.905920028686523,11.514872689228092,50
237,237,1024,9.898239970207214,11.621673382969298,50
238,238,1024,9.938560128211975,11.672406314743558,50
239,239,1024,9.845759868621826,11.881643424274877,50
240,240,1024,9.212160110473633,12.805335402918326,50
241,241,1024,9.794560074806213,12.144485009180306,50
242,242,1024,9.921280145645142,12.089072200289213,50
243,243,1024,9.84831988811493,12.279490651592525,50
244,244,1024,9.864320158958435,12.36068234152636,50
245,245,1024,9.896320104598999,12.42191023538857,50
246,246,1024,9.765759706497192,12.690949984929945,50
247,247,1024,10.005760192871094,12.487450187844985,50
248,248,1024,9.09056007862091,13.856153076445965,50
249,249,1024,9.86624002456665,12.869953263231825,50
250,250,1024,9.88864004611969,12.94414594959671,50
251,251,1024,9.924479722976685,13.000787104364276,50
252,252,1024,9.90015983581543,13.136776997225912,50
253,253,1024,9.987840056419373,13.125003129755338,50
254,254,1024,9.963520169258118,13.261253628780308,50
255,255,1024,10.069119930267334,13.225704025998658,50
256,256,1024,9.020799994468689,14.87869458166667,50
257,257,1024,13.87840062379837,9.746681600187047,20
258,258,1024,11.683200299739838,11.668298796780508,20
259,259,1024,13.748799264431,9.992282624666396,20
260,260,1024,11.655999720096588,11.877556908422163,20
261,261,1024,13.760000467300415,10.138939190557377,20
262,262,1024,11.654400080442429,12.062646814048893,20
263,263,1024,13.742400705814362,10.308105187186468,20
264,264,1024,10.742399841547012,13.287292421191836,20
265,265,1024,13.926400244235992,10.327205701238272,20
266,266,1024,12.727999687194824,11.385000908334948,20
267,267,1024,13.77439945936203,10.599363872866956,20
268,268,1024,11.801599711179733,12.464035012190376,20
269,269,1024,13.737599551677704,10.78757081559432,20
270,270,1024,11.828800290822983,12.62166883617346,20
271,271,1024,13.948799669742584,10.782803650572154,20
272,272,1024,9.391999989748001,16.132797291886014,20
273,273,1024,13.982400298118591,10.916251054587383,20
274,274,1024,11.876799911260605,12.945881815708754,20
275,275,1024,13.823999464511871,11.203704137691735,20
276,276,1024,11.86240017414093,13.151507764852324,20
277,277,1024,13.823999464511871,11.367259699582801,20
278,278,1024,11.910399794578552,13.289027633820131,20
279,279,1024,14.073599874973297,11.327476226142352,20
280,280,1024,9.622400254011154,16.68639796323878,20
281,281,1024,13.948799669742584,11.593264784695577,20
282,282,1024,11.935999989509583,13.644868644700098,20
283,283,1024,13.875199854373932,11.821254736615174,20
284,284,1024,11.905600130558014,13.87443607954082,20
285,285,1024,13.872000575065613,11.991695004612787,20
286,286,1024,11.912000179290771,14.062978968992416,20
287,287,1024,13.955199718475342,12.088090131499046,20
288,288,1024,9.374400228261948,18.120552554165325,20
289,289,1024,14.107200503349304,12.125085197406063,20
290,290,1024,12.006399780511856,14.345416040499131,20
291,291,1024,14.01119977235794,12.377718597813846,20
292,292,1024,11.990399658679962,14.563373779921545,20
293,293,1024,13.889600336551666,12.658301732218888,20
294,294,1024,11.999999731779099,14.751744329727181,20
295,295,1024,14.084799587726593,12.6538683699345,20
296,296,1024,9.507200121879578,18.87386041102132,20
297,297,1024,14.12159949541092,12.792604128073899,20
298,298,1024,11.956799775362015,15.210641259943113,20
299,299,1024,13.953599333763123,13.121578427221609,20
300,300,1024,11.903999745845795,15.48387129832754,20
301,301,1024,13.969600200653076,13.282473752636497,20
302,302,1024,11.932799965143204,15.653140297802555,20
303,303,1024,14.112000167369843,13.323754944019644,20
304,304,1024,9.462399780750275,20.00211071033324,20
305,305,1024,14.163200557231903,13.451422877911632,20
306,306,1024,12.038400024175644,15.9295693460005,20
307,307,1024,14.159999787807465,13.631493989583424,20
308,308,1024,11.932799965143204,16.2812979826624,20
309,309,1024,13.972799479961395,13.994696501616172,20
310,310,1024,12.097600102424622,16.26874738242955,20
311,311,1024,14.17119950056076,13.977970459886738,20
312,312,1024,9.483200311660767,21.022492982127734,20
313,313,1024,14.206400513648987,14.123247602883783,20
314,314,1024,12.003199756145477,16.822564991190564,20
315,315,1024,14.182400703430176,14.328519144918157,20
316,316,1024,11.96959987282753,17.08537379467895,20
317,317,1024,14.14719969034195,14.547152546415045,20
318,318,1024,12.062399834394455,17.169216312120096,20
319,319,1024,14.134399592876434,14.744632527938036,20
320,320,1024,9.663999825716019,21.70066264301303,20
321,321,1024,14.313599467277527,14.743179623157214,20
322,322,1024,12.057600170373917,17.61087023948108,20
323,323,1024,14.134399592876434,15.116722192266659,20
324,324,1024,11.740799993276596,18.31143091809035,20
325,325,1024,14.108799397945404,15.332275546528903,20
326,326,1024,11.710400134325027,18.586320322396503,20
327,327,1024,14.230400323867798,15.388927016529548,20
328,328,1024,10.649599879980087,20.689231002396305,20
329,329,1024,14.347200095653534,15.450928858736482,20
330,330,1024,11.800000071525574,18.90061005492568,20
331,331,1024,14.148800075054169,15.85865421871409,20
332,332,1024,11.776000261306763,19.169390878983403,20
333,333,1024,13.982400298118591,16.241894607362774,20
334,334,1024,11.870399862527847,19.246755850341437,20
335,335,1024,14.230400323867798,16.151112742380725,20
336,336,1024,9.345600008964539,24.74009242619163,20
337,337,1024,14.214399456977844,16.362936239689112,20
338,338,1024,11.766400188207626,19.88473180051178,20
339,339,1024,14.168000221252441,16.611956826973746,20
340,340,1024,11.912000179290771,19.874815013148847,20
341,341,1024,14.135999977588654,16.846596517936824,20
342,342,1024,11.902400106191635,20.125543576323736,20
343,343,1024,14.260800182819366,16.89562639621566,20
344,344,1024,9.246399998664856,26.210430874177483,20
345,345,1024,14.291200041770935,17.05687411046787,20
346,346,1024,11.88960000872612,20.621246115938007,20
347,347,1024,14.056000113487244,17.543940666547133,20
348,348,1024,12.003199756145477,20.66290631154552,20
349,349,1024,14.076800644397736,17.72053567436683,20
350,350,1024,12.04800009727478,20.823373005844203,20
351,351,1024,14.156800508499146,17.822928835404607,20
352,352,1024,9.371200203895569,27.078216928341252,20
353,353,1024,14.235199987888336,17.92733731996248,20
354,354,1024,12.057600170373917,21.28509524064283,20
355,355,1024,14.241600036621094,18.12290749187727,20
356,356,1024,11.939200013875961,21.739758752541206,20
357,357,1024,14.159999787807465,18.43330197114471,20
358,358,1024,11.9439996778965,21.975877350846204,20
359,359,1024,14.337599277496338,18.40951772269724,20
360,360,1024,9.47360023856163,28.01688833349999,20
361,361,1024,14.35520052909851,18.59238451312396,20
362,362,1024,11.94079965353012,22.475723551785578,20
363,363,1024,14.366400241851807,18.784309740573892,20
364,364,1024,11.94240003824234,22.72171482541771,20
365,365,1024,14.235199987888336,19.166910210755255,20
366,366,1024,11.937599629163742,22.981327613784142,20
367,367,1024,14.364799857139587,19.20270903481475,20
368,368,1024,9.440000355243683,29.380120928273055,20
369,369,1024,14.457599818706512,19.28796836935474,20
370,370,1024,11.881600320339203,23.597090664634965,20
371,371,1024,14.295999705791473,19.718017193705148,20
372,372,1024,11.980800330638885,23.655383962557615,20
373,373,1024,14.22719955444336,20.027566978985007,20
374,374,1024,11.875200271606445,24.123049838994223,20
375,375,1024,14.406399428844452,19.99111585254031,20
376,376,1024,9.36959981918335,30.901858519848293,20
377,377,1024,14.392000436782837,20.225137796415158,20
378,378,1024,11.803200095891953,24.792126679428847,20
379,379,1024,14.361600577831268,20.48356423824338,20
380,380,1024,11.91679984331131,24.81632685691106,20
381,381,1024,14.263999462127686,20.841961526241874,20
382,382,1024,11.787199974060059,25.35397317918425,20
383,383,1024,14.422400295734406,20.83003285443772,20
384,384,1024,9.249600023031235,32.64896722539937,20
385,385,1024,16.787199676036835,18.083111290641796,20
386,386,1024,12.356799840927124,24.694404047019447,20
387,387,1024,16.69439971446991,18.373042292388853,20
388,388,1024,12.307199835777283,25.051523995224695,20
389,389,1024,16.475200653076172,18.810417822871,20
390,390,1024,12.36959993839264,25.18277078898623,20
391,391,1024,16.71999990940094,18.726093881373597,20
392,392,1024,10.82720011472702,29.066043729250353,20
393,393,1024,16.811199486255646,18.815525463165628,20
394,394,1024,12.430399656295776,25.576275646051133,20
395,395,1024,16.728000342845917,19.102056040826046,20
396,396,1024,12.39200010895729,25.91665309685214,20
397,397,1024,16.53600037097931,19.520030524822968,20
398,398,1024,12.488000094890594,25.977849898698462,20
399,399,1024,16.93599969148636,19.25151475787405,20
400,400,1024,9.603200107812881,34.12195896380512,20
401,401,1024,16.90720021724701,19.478118421053573,20
402,402,1024,12.148799747228622,27.242608231771996,20
403,403,1024,16.735999286174774,19.87414233906932,20
404,404,1024,15.31199961900711,21.830353730225283,20
405,405,1024,16.595199704170227,20.242190873761253,20
406,406,1024,12.265600264072418,27.522837915142972,20
407,407,1024,16.862399876117706,20.118675543952683,20
408,408,1024,9.50080007314682,35.8831118827114,20
409,409,1024,16.95519983768463,20.205688595810948,20
410,410,1024,12.272000312805176,28.05319354830638,20
411,411,1024,16.732800006866455,20.6749741739599,20
412,412,1024,12.211199849843979,28.46859573790709,20
413,413,1024,16.56000018119812,21.094523440683094,20
414,414,1024,12.227199971675873,28.7080450808959,20
415,415,1024,16.833600401878357,20.953140836148307,20
416,416,1024,9.436800330877304,37.5570824403626,20
417,417,1024,17.01280027627945,20.932748649059047,20
418,418,1024,12.228800356388092,29.26163986421399,20
419,419,1024,16.74399971961975,21.473299929568157,20
420,420,1024,12.303999811410904,29.361768980600573,20
421,421,1024,16.61760061979294,21.843681064741038,20
422,422,1024,12.150400131940842,30.0167918784204,20
423,423,1024,16.846400499343872,21.752218939248905,20
424,424,1024,10.85280030965805,33.924999769170235,20
425,425,1024,16.967999935150146,21.801037329903,20
426,426,1024,12.142399698495865,30.608681745671706,20
427,427,1024,16.90399944782257,22.09002627766292,20
428,428,1024,12.12640032172203,30.937526557487477,20
429,429,1024,16.622400283813477,22.67518297986317,20
430,430,1024,12.281599640846252,30.83272627944968,20
431,431,1024,16.889600455760956,22.52501644408257,20
432,432,1024,9.683199971914291,39.47103778798043,20
433,433,1024,17.12159961462021,22.4264952249041,20
434,434,1024,12.111999839544296,31.848835296427286,20
435,435,1024,16.868799924850464,22.97334734696223,20
436,436,1024,12.110400199890137,32.147295017016184,20
437,437,1024,16.72320067882538,23.386941262697977,20
438,438,1024,12.067200243473053,32.55904468913667,20
439,439,1024,16.93599969148636,23.30494893657857,20
440,440,1024,9.398400038480759,42.18726574487168,20
441,441,1024,17.00959950685501,23.416017986754067,20
442,442,1024,12.092799693346024,33.08625646219504,20
443,443,1024,16.95519983768463,23.70470155749489,20
444,444,1024,12.07360029220581,33.43944790524773,20
445,445,1024,16.74399971961975,24.220927304770047,20
446,446,1024,12.027200311422348,33.87155426463691,20
447,447,1024,16.967999935150146,24.11650362823855,20
448,448,1024,10.593599826097488,38.8009551755384,20
449,449,1024,16.620799899101257,24.841093720304382,20
450,450,1024,12.404800206422806,33.43221922955852,20
451,451,1024,16.206400096416473,25.703749476856988,20
452,452,1024,12.39200010895729,33.76489576509591,20
453,453,1024,16.128000617027283,26.05828471734421,20
454,454,1024,12.371200323104858,34.121633873442704,20
455,455,1024,16.540800034999847,25.632810934347525,20
456,456,1024,12.609599530696869,33.77212154623164,20
457,457,1024,16.582399606704712,25.79377907568095,20
458,458,1024,12.42239996790886,34.582421521589175,20
459,459,1024,16.21920019388199,26.602710543196554,20
460,460,1024,12.398400157690048,34.952638605652076,20
461,461,1024,16.380800306797028,26.57031401691655,20
462,462,1024,12.515200674533844,34.92819039565916,20
463,463,1024,16.47839993238449,26.64261783919884,20
464,464,1024,9.471999853849411,46.55048720474886,20
465,465,1024,16.527999937534332,26.79264288925583,20
466,466,1024,12.507200241088867,35.558356740699445,20
467,467,1024,16.35199934244156,27.314474679602704,20
468,468,1024,12.433599680662155,36.07653161760084,20
469,469,1024,16.45919978618622,27.36950361208182,20
470,470,1024,12.542399764060974,36.06990755439939,20
471,471,1024,16.63679927587509,27.308760565430475,20
472,472,1024,9.414400160312653,48.46422759077277,20
473,473,1024,16.71999990940094,27.404126464281585,20
474,474,1024,12.55200058221817,36.65841512562178,20
475,475,1024,16.358399391174316,28.247262397157353,20
476,476,1024,12.561599910259247,36.940170942797,20
477,477,1024,16.420799493789673,28.377387603827263,20
478,478,1024,12.990400195121765,36.021617884853306,20
479,479,1024,16.521599888801575,28.44126302311058,20
480,480,1024,9.385599941015244,50.274804270952,20
481,481,1024,16.74239933490753,28.301040879611595,20
482,482,1024,12.947200238704681,36.74922324732671,20
483,483,1024,16.64319932460785,28.706972901152675,20
484,484,1024,12.89760023355484,37.19732968245128,20
485,485,1024,16.699199378490448,28.848137511341445,20
486,486,1024,12.878400087356567,37.56129680074963,20
487,487,1024,16.83039963245392,28.85980859678377,20
488,488,1024,10.702399909496307,45.57098558494753,20
489,489,1024,16.950400173664093,28.891341973204838,20
490,490,1024,12.7920001745224,38.44002449119408,20
491,491,1024,16.72160029411316,29.526712713843487,20
492,492,1024,12.84639984369278,38.59035045086175,20
493,493,1024,16.72479957342148,29.76205184491606,20
494,494,1024,12.750400602817535,39.19764904402763,20
495,495,1024,16.8832004070282,29.72251634181303,20
496,496,1024,9.284800291061401,54.26511634128029,20
497,497,1024,15.644800662994385,32.33498737996554,20
498,498,1024,12.688000500202179,40.030908888434126,20
499,499,1024,15.411199629306793,33.089834682969325,20
500,500,1024,12.583999335765839,40.68658828873346,20
501,501,1024,15.449599921703339,33.27270936497657,20
502,502,1024,12.600000202655792,40.960649499927555,20
503,503,1024,15.769599378108978,32.85831298411436,20
504,504,1024,9.486400336027145,54.8390063219562,20
505,505,1024,15.593600273132324,33.49394564768372,20
506,506,1024,12.550400197505951,41.78047868977139,20
507,507,1024,15.556800365447998,33.8396289489725,20
508,508,1024,12.567999958992004,42.052440620980775,20
509,509,1024,15.512000024318695,34.20563996700383,20
510,510,1024,12.502400577068329,42.60660156554579,20
511,511,1024,15.772800147533417,33.904937804187504,20
512,512,1024,9.451200067996979,56.80452303807602,20
513,513,1024,19.166399538517,28.120571676327625,20
514,514,1024,14.257599413394928,37.94982537464651,20
515,515,1024,18.915200233459473,28.716629657409428,20
516,516,1024,14.153599739074707,38.52675630600025,20
517,517,1024,18.769599497318268,29.1646005594425,20
518,518,1024,14.19679969549179,38.70784710546442,20
519,519,1024,19.37599927186966,28.47085821276299,20
520,520,1024,9.353599697351456,59.20492836108936,20
521,521,1024,19.2111998796463,28.93682703228607,20
522,522,1024,14.326399564743042,38.95237107398164,20
523,523,1024,18.913599848747253,29.618232196929142,20
524,524,1024,14.187200367450714,39.63654797532439,20
525,525,1024,18.953600525856018,29.78220413741182,20
526,526,1024,14.399999380111694,39.349477249463945,20
527,527,1024,19.448000192642212,29.246657052954507,20
528,528,1024,9.377600252628326,60.88440716375982,20
529,529,1024,19.339199364185333,29.634854949650215,20
530,530,1024,14.459200203418732,39.7866543036025,20
531,531,1024,19.102400541305542,30.22950580223433,20
532,532,1024,14.507199823856354,39.95486096819475,20
533,533,1024,19.121600687503815,30.427069444046197,20
534,534,1024,14.572800695896149,40.07462259224202,20
535,535,1024,19.419200718402863,30.186041562693692,20
536,536,1024,10.814400017261505,54.40729093253887,20
537,537,1024,19.51040029525757,30.269994621461116,20
538,538,1024,14.54239934682846,40.762277108645016,20
539,539,1024,19.208000600337982,30.975999031858144,20
540,540,1024,14.580799639225006,40.957753674457734,20
541,541,1024,19.05760020017624,31.452579637726732,20
542,542,1024,14.528000354766846,41.41166418698476,20
543,543,1024,19.390399754047394,31.141738162151977,20
544,544,1024,10.876800119876862,55.72198820611053,20
545,545,1024,19.672000408172607,30.922488174984107,20
546,546,1024,14.732800424098969,41.440971873976885,20
547,547,1024,19.201600551605225,31.912966335963727,20
548,548,1024,14.705599844455719,41.82233968727735,20
549,549,1024,19.204799830913544,32.1414049318231,20
550,550,1024,14.795200526714325,41.8730384141391,20
551,551,1024,19.66399997472763,31.61995772981648,20
552,552,1024,9.358400106430054,66.68167474173639,20
553,553,1024,19.69120055437088,31.80592418784644,20
554,554,1024,14.833599328994751,42.37433909727942,20
555,555,1024,19.368000328540802,32.571003164967806,20
556,556,1024,14.868800342082977,42.57979886972558,20
557,557,1024,19.42880004644394,32.703509762883975,20
558,558,1024,14.871999621391296,42.87745348532659,20
559,559,1024,19.545599818229675,32.741951843459155,20
560,560,1024,9.340800344944,68.75779122584923,20
561,561,1024,19.579200446605682,32.92006789336187,20
562,562,1024,14.937600493431091,43.303374747802096,20
563,563,1024,19.32159960269928,33.59724481141363,20
564,564,1024,14.927999675273895,43.64018101360571,20
565,565,1024,19.2671999335289,33.93190511623334,20
566,566,1024,14.902399480342865,44.02573483991084,20
567,567,1024,19.64160054922104,33.52117208320438,20
568,568,1024,9.334400296211243,70.78483148705189,20
569,569,1024,19.66399997472763,33.71961599126193,20
570,570,1024,14.982399344444275,44.41179177664489,20
571,571,1024,19.31840032339096,34.564557976961574,20
572,572,1024,14.88800048828125,45.00757724500564,20
573,573,1024,19.288000464439392,34.861975104143795,20
574,574,1024,14.94240015745163,45.1578622503628,20
575,575,1024,19.58719938993454,34.569515861872425,20
576,576,1024,9.58240032196045,70.90887723014548,20
577,577,1024,19.620800018310547,34.75080482771823,20
578,578,1024,15.015999972820282,45.564999549709896,20
579,579,1024,19.528000056743622,35.15841694003401,20
580,580,1024,14.992000162601471,45.95432180681428,20
581,581,1024,19.45440024137497,35.535658741599924,20
582,582,1024,15.031999349594116,46.14866830863261,20
583,583,1024,19.71839964389801,35.30168190984052,20
584,584,1024,10.831999778747559,64.48326276468606,20
585,585,1024,19.884799420833588,35.246862951289394,20
586,586,1024,15.150399506092072,46.41956852142471,20
587,587,1024,19.513599574565887,36.163359266620546,20
588,588,1024,15.025599300861359,47.125156063452884,20
589,589,1024,19.438399374485016,36.5510654613157,20
590,590,1024,15.054400265216827,47.35550984698971,20
591,591,1024,19.74399983882904,36.23012023091791,20
592,592,1024,9.675200283527374,74.18453892081327,20
593,593,1024,19.815999269485474,36.34321651944124,20
594,594,1024,15.171200037002563,47.630255104247425,20
595,595,1024,19.521600008010864,37.14056223375501,20
596,596,1024,15.056000649929047,48.318433620911705,20
597,597,1024,19.475199282169342,37.479751627922425,20
598,598,1024,15.04800021648407,48.66912423338051,20
599,599,1024,19.815999269485474,37.08238166578616,20
600,600,1024,9.353599697351456,78.8231294748231,20
601,601,1024,19.787199795246124,37.38475659288196,20
602,602,1024,15.174399316310883,48.91155007382793,20
603,603,1024,19.548800587654114,38.09293714266496,20
604,604,1024,15.119999647140503,49.414231841023884,20
605,605,1024,19.512000679969788,38.41836684484785,20
606,606,1024,15.124799311161041,49.72623520663864,20
607,607,1024,19.74080055952072,38.22456691788391,20
608,608,1024,9.409599751234055,80.45739372715732,20
609,609,1024,19.787199795246124,38.38664873553687,20
610,610,1024,15.163199603557587,50.257255719380325,20
611,611,1024,19.61439996957779,38.97959709121082,20
612,612,1024,15.07200002670288,50.893452139132044,20
613,613,1024,19.577600061893463,39.308950513190226,20
614,614,1024,15.092800557613373,51.15603330559683,20
615,615,1024,19.84799951314926,39.026844971798084,20
616,616,1024,9.318400174379349,83.39692151627953,20
617,617,1024,19.82879936695099,39.31912656796852,20
618,618,1024,15.063999593257904,51.92381659052059,20
619,619,1024,19.592000544071198,40.052761648042356,20
620,620,1024,15.087999403476715,52.17730853161317,20
621,621,1024,19.622400403022766,40.249549075470654,20
622,622,1024,15.04800021648407,52.654068354680554,20
623,623,1024,19.835199415683746,40.07462568646927,20
624,624,1024,9.26079973578453,86.10941503449374,20
625,625,1024,19.865599274635315,40.27062002712657,20
626,626,1024,15.121600031852722,53.07388413325656,20
627,627,1024,19.66239959001541,40.947606029166714,20
628,628,1024,15.129600465297699,53.38531138694595,20
629,629,1024,19.71839964389801,41.09221755482293,20
630,630,1024,15.193599462509155,53.499580662616815,20
631,631,1024,19.808000326156616,41.166887852036915,20
632,632,1024,10.74879989027977,76.10341250652017,20
633,633,1024,19.791999459266663,41.46175699372243,20
634,634,1024,15.12639969587326,54.421799274852205,20
635,635,1024,19.66080069541931,42.002602680998685,20
636,636,1024,15.124799311161041,54.77149091087068,20
637,637,1024,19.592000544071198,42.41603148849831,20
638,638,1024,15.18079936504364,54.91318948062546,20
639,639,1024,19.784000515937805,42.26856986413501,20
640,640,1024,10.846400260925293,77.34001879149146,20
641,641,1024,24.694399535655975,34.075916151959476,20
642,642,1024,17.85600036382675,47.27328935935891,20
643,643,1024,24.371199309825897,34.74361442929125,20
644,644,1024,17.745600640773773,47.86421971248441,20
645,645,1024,24.316799640655518,35.038295030218535,20
646,646,1024,17.880000174045563,47.79995300227238,20
647,647,1024,24.673600494861603,34.74609359013247,20
648,648,1024,10.811199992895126,79.54375023726769,20
649,649,1024,24.751999974250793,34.850502945110414,20
650,650,1024,17.93760061264038,48.238335699717226,20
651,651,1024,24.432000517845154,35.52490297984615,20
652,652,1024,17.9407998919487,48.52698860939335,20
653,653,1024,24.507200717926025,35.633838480835834,20
654,654,1024,17.985600233078003,48.703538199908635,20
655,655,1024,24.7296005487442,35.53001991553069,20
656,656,1024,10.95840036869049,80.42488851913677,20
657,657,1024,24.831999838352203,35.599917757516444,20
658,658,1024,18.01760047674179,49.21356054845479,20
659,659,1024,24.620799720287323,36.124232279390014,20
660,660,1024,18.009600043296814,49.53518111758643,20
661,661,1024,24.46880042552948,36.56959852704496,20
662,662,1024,18.04639995098114,49.73422480039869,20
663,663,1024,24.846400320529938,36.23210205045908,20
664,664,1024,9.417600184679031,95.87952241474076,20
665,665,1024,24.931199848651886,36.327044245685315,20
666,666,1024,18.115200102329254,50.145882069676816,20
667,667,1024,24.483199417591095,37.214608126148505,20
668,668,1024,17.9967999458313,50.77940271329649,20
669,669,1024,24.4159996509552,37.5411591212134,20
670,670,1024,18.07039976119995,50.87586396256634,20
671,671,1024,24.753600358963013,37.25088692668175,20
672,672,1024,9.310399740934372,99.3345138484016,20
673,673,1024,24.86879974603653,37.29969284697128,20
674,674,1024,18.17599982023239,51.18602867526353,20
675,675,1024,24.513599276542664,38.06540155418601,20
676,676,1024,18.265600502490997,51.23767203122433,20
677,677,1024,24.558399617671967,38.22145606444777,20
678,678,1024,18.23360025882721,51.63175777884216,20
679,679,1024,24.984000623226166,37.792665083518344,20
680,680,1024,10.977599769830704,86.26614377057076,20
681,681,1024,25.10559856891632,37.83150301685865,20
682,682,1024,18.33920031785965,51.94195687324135,20
683,683,1024,24.583999812602997,38.86143342346714,20
684,684,1024,18.276800215244293,52.42542877942121,20
685,685,1024,24.60159957408905,39.06139505709693,20
686,686,1024,18.28799992799759,52.700164686927984,20
687,687,1024,25.02399981021881,38.62661921877421,20
688,688,1024,9.628800302743912,100.67801611003901,20
689,689,1024,25.10240077972412,38.730502971862954,20
690,690,1024,18.367999792099,53.08432115833425,20
691,691,1024,24.686400592327118,39.61213723089057,20
692,692,1024,18.240000307559967,53.7671850582986,20
693,693,1024,24.585600197315216,40.005122677761804,20
694,694,1024,18.347199261188507,53.76245790749116,20
695,695,1024,25.13279914855957,39.360327281996994,20
696,696,1024,9.286399930715561,106.83192360891087,20
697,697,1024,25.198400020599365,39.4841272138966,20
698,698,1024,18.321600556373596,54.45996865447949,20
699,699,1024,24.673600494861603,40.55568818212775,20
700,700,1024,18.33920031785965,54.7199432149024,20
701,701,1024,24.57759976387024,40.947417879243865,20
702,702,1024,18.52159947156906,54.49111420151557,20
703,703,1024,24.977600574493408,40.52190797836586,20
704,704,1024,9.348800033330917,108.57239050799917,20
705,705,1024,24.620799720287323,41.3433849251149,20
706,706,1024,18.031999468803406,56.61030157892632,20
707,707,1024,24.3151992559433,42.10085803634869,20
708,708,1024,18.1536003947258,56.550141551989704,20
709,709,1024,24.223999679088593,42.49879052337957,20
710,710,1024,17.987200617790222,57.396190876912165,20
711,711,1024,24.775999784469604,41.78668941743226,20
712,712,1024,9.433600306510925,110.05568163444828,20
713,713,1024,24.872000515460968,41.859910357946696,20
714,714,1024,18.035200238227844,57.890247638447654,20
715,715,1024,24.297599494457245,43.09021556795512,20
716,716,1024,17.980800569057465,58.39114248376516,20
717,717,1024,24.262399971485138,43.394481718106526,20
718,718,1024,18.04479956626892,58.509552745245806,20
719,719,1024,24.75840002298355,42.76270385069961,20
720,720,1024,9.408000111579895,112.84897825343569,20
721,721,1024,25.53440034389496,41.69412062400535,20
722,722,1024,18.727999925613403,57.004999799252886,20
723,723,1024,25.179201364517212,42.51719411198755,20
724,724,1024,18.692800402641296,57.4291933191729,20
725,725,1024,25.254398584365845,42.625445876442804,20
726,726,1024,19.036799669265747,56.70342004715936,20
727,727,1024,25.751999020576477,42.032752142275015,20
728,728,1024,10.726399719715118,101.19026517397276,20
729,729,1024,25.785601139068604,42.20926097980097,20
730,730,1024,19.041599333286285,57.31552171104553,20
731,731,1024,25.363200902938843,43.14799745457975,20
732,732,1024,19.008000195026398,57.73187819553661,20
733,733,1024,25.26719868183136,43.549262656933585,20
734,734,1024,18.798400461673737,58.69500919770065,20
735,735,1024,25.61120092868805,43.19909882713474,20
736,736,1024,9.375999867916107,118.32267743478242,20
737,737,1024,25.804799795150757,43.10865113586521,20
738,738,1024,19.15999948978424,58.21664622667278,20
739,739,1024,25.28800070285797,44.22871626516507,20
740,740,1024,18.97920072078705,59.090201768701945,20
741,741,1024,25.385600328445435,44.29747074919238,20
742,742,1024,18.996800482273102,59.35499891427401,20
743,743,1024,25.835201144218445,43.761855992091306,20
744,744,1024,9.428799897432327,120.23181532452672,20
745,745,1024,25.900799036026,43.88633719056122,20
746,746,1024,19.34240013360977,58.9246815352328,20
747,747,1024,25.508800148963928,44.800320882455004,20
748,748,1024,19.1648006439209,59.79003973430163,20
749,749,1024,25.483199954032898,45.085783970320165,20
750,750,1024,19.075199961662292,60.3925517066826,20
751,751,1024,25.779199600219727,44.80643565016483,20
752,752,1024,9.58240032196045,120.86243040230815,20
753,753,1024,25.764799118041992,45.07057969595567,20
754,754,1024,19.16159987449646,60.76323353091605,20
755,755,1024,25.47999918460846,45.81676755724508,20
756,756,1024,18.987199664115906,61.64709639685047,20
757,757,1024,25.28960108757019,46.40659802960772,20
758,758,1024,19.113600254058838,61.563863236604114,20
759,759,1024,25.76960027217865,45.78316603823108,20
760,760,1024,9.436800330877304,125.35231842613626,20
761,761,1024,25.729599595069885,46.096318118656626,20
762,762,1024,18.97760033607483,62.661184287852684,20
763,763,1024,25.44960081577301,46.84875494239793,20
764,764,1024,19.075199961662292,62.66825041952677,20
765,765,1024,25.36959946155548,47.24318970097426,20
766,766,1024,18.860800564289093,63.71289934931212,20
767,767,1024,25.63520073890686,46.99849571185281,20
768,768,1024,10.74720025062561,112.39760345301866,20
769,769,1024,28.444799780845642,42.57746010979286,20
770,770,1024,19.45119947195053,62.425929143907766,20
771,771,1024,28.142398595809937,43.259111829268825,20
772,772,1024,19.886399805545807,61.377385747802016,20
773,773,1024,28.099200129508972,43.55068423157228,20
774,774,1024,19.87999975681305,61.715677213704595,20
775,775,1024,28.404799103736877,43.30535820752111,20
776,776,1024,10.892800241708755,113.21757680617661,20
777,777,1024,28.95680069923401,42.699364644682845,20
778,778,1024,20.020799338817596,61.916690289010745,20
779,779,1024,28.29119861125946,43.92922283276399,20
780,780,1024,19.752000272274017,63.082380661416906,20
781,781,1024,28.203201293945312,44.29284870821311,20
782,782,1024,20.078399777412415,62.37554615328026,20
783,783,1024,28.63839864730835,43.8434525429728,20
784,784,1024,9.404800087213516,133.84819202180043,20
785,785,1024,28.707200288772583,43.962099658098,20
786,786,1024,20.01120001077652,63.226903300083656,20
787,787,1024,28.34559977054596,44.75007487116468,20
788,788,1024,19.950400292873383,63.742746678334576,20
789,789,1024,28.483200073242188,44.760525668521844,20
790,790,1024,20.25279998779297,63.110128020342245,20
791,791,1024,28.911998867988586,44.32051529369567,20
792,792,1024,9.57920029759407,134.1068807510635,20
793,793,1024,28.935998678207397,44.50797659767467,20
794,794,1024,20.342400670051575,63.47003723610792,20
795,795,1024,28.31839919090271,45.70834641019617,20
796,796,1024,20.262399315834045,64.04204890908233,20
797,797,1024,28.312000632286072,45.94899699587063,20
798,798,1024,20.051200687885284,65.04221928155992,20
799,799,1024,28.804799914360046,45.38983960614841,20
800,800,1024,9.419199824333191,139.15407088125866,20
801,801,1024,28.963199257850647,45.36787653538767,20
802,802,1024,20.27200013399124,64.98035631872541,20
803,803,1024,28.539198637008667,46.272106263261755,20
804,804,1024,20.35519927740097,65.03792716339525,20
805,805,1024,28.305599093437195,46.88666703781967,20
806,806,1024,20.446400344371796,65.07035495694133,20
807,807,1024,28.993600606918335,46.001804676917025,20
808,808,1024,10.96159964799881,121.97722184134864,20
809,809,1024,29.16800081729889,45.95368384675347,20
810,810,1024,20.417599380016327,65.81051841555555,20
811,811,1024,28.48159968852997,47.29413455461441,20
812,812,1024,20.17119973897934,66.9437876513897,20
813,813,1024,28.486400842666626,47.519675071499236,20
814,814,1024,20.505599677562714,66.17687994196189,20
815,815,1024,28.975999355316162,46.94688122121395,20
816,816,1024,9.352000057697296,145.81619756060735,20
817,817,1024,29.105600714683533,46.96750585568059,20
818,818,1024,20.691199600696564,66.22941049555519,20
819,819,1024,28.779199719429016,47.73303432313979,20
820,820,1024,20.582400262355804,66.90547178399804,20
821,821,1024,28.508800268173218,48.42139813021516,20
822,822,1024,20.694400370121002,66.86837053746964,20
823,823,1024,29.044800996780396,47.75965902309908,20
824,824,1024,9.415999799966812,147.67872531230316,20
825,825,1024,29.24639880657196,47.661252560324534,20
826,826,1024,20.380799472332,68.55968775400149,20
827,827,1024,28.567999601364136,49.029914993877156,20
828,828,1024,20.375999808311462,68.90832573659875,20
829,829,1024,28.39840054512024,49.56157885595598,20
830,830,1024,20.657600462436676,68.29772908840452,20
831,831,1024,28.827199339866638,49.06022646619485,20
832,832,1024,10.824000090360641,130.97512381420952,20
833,833,1024,29.00640070438385,48.99210648307792,20
834,834,1024,20.628799498081207,69.05388208036537,20
835,835,1024,28.60960066318512,49.910406538370374,20
836,836,1024,20.684799551963806,69.19762526120826,20
837,837,1024,28.491199016571045,50.358193460566966,20
838,838,1024,20.73120027780533,69.37348984755705,20
839,839,1024,29.067200422286987,49.59645879396918,20
840,840,1024,10.672000050544739,135.40749561055694,20
841,841,1024,29.264000058174133,49.49806879170629,20
842,842,1024,20.69920003414154,70.14562251705962,20
843,843,1024,28.575998544692993,50.93117392638908,20
844,844,1024,20.62399983406067,70.73623641087684,20
845,845,1024,28.459200263023376,51.38314451864536,20
846,846,1024,20.428800582885742,71.75097539637078,20
847,847,1024,29.05600070953369,50.56627189294902,20
848,848,1024,10.66880002617836,138.04035958930055,20
849,849,1024,29.099199175834656,50.72993380607898,20
850,850,1024,20.625600218772888,71.73997286407372,20
851,851,1024,28.66399884223938,51.74308219041666,20
852,852,1024,20.708799362182617,71.78839130166325,20
853,853,1024,28.515198826789856,52.25785873181496,20
854,854,1024,20.440000295639038,73.07432223074255,20
855,855,1024,29.11520004272461,51.42122320310519,20
856,856,1024,9.4991996884346,157.97576398220713,20
857,857,1024,29.19520139694214,51.520506111581156,20
858,858,1024,20.59040069580078,73.2216868566076,20
859,859,1024,28.604799509048462,52.829606007969865,20
860,860,1024,20.62080055475235,73.45499492021014,20
861,861,1024,28.561601042747498,53.15617306353753,20
862,862,1024,20.38560062646866,74.64848055662165,20
863,863,1024,28.98240089416504,52.62803856622806,20
864,864,1024,9.523200243711472,160.53677008519693,20
865,865,1024,29.131200909614563,52.602184329937906,20
866,866,1024,20.654399693012238,74.3623591500278,20
867,867,1024,28.71679961681366,53.608309161953,20
868,868,1024,20.40960043668747,75.60228122968756,20
869,869,1024,28.71840000152588,53.852921051236386,20
870,870,1024,20.664000511169434,75.01602601887826,20
871,871,1024,29.16640043258667,53.270089725028434,20
872,872,1024,10.945600271224976,142.2732781585234,20
873,873,1024,29.452800750732422,52.994627071626994,20
874,874,1024,20.73120027780533,75.46201025682312,20
875,875,1024,28.780800104141235,54.48076475727937,20
876,876,1024,20.5935999751091,76.31429424187766,20
877,877,1024,28.77120077610016,54.74836466709019,20
878,878,1024,20.75359970331192,76.07212505636097,20
879,879,1024,29.0912002325058,54.393382031446734,20
880,880,1024,10.795199871063232,146.91448226458783,20
881,881,1024,29.332798719406128,54.19113747739182,20
882,882,1024,20.24960070848465,78.67751937115722,20
883,883,1024,28.7663996219635,55.50931270456318,20
884,884,1024,20.53920030593872,77.92036029451705,20
885,885,1024,28.812798857688904,55.67125942615426,20
886,886,1024,20.244799554347992,79.41159425580577,20
887,887,1024,29.078400135040283,55.412364659578884,20
888,888,1024,9.723199903964996,166.09121770102135,20
889,889,1024,29.121598601341248,55.57996420998171,20
890,890,1024,20.25119960308075,80.10492374749084,20
891,891,1024,28.601598739624023,56.84536388336775,20
892,892,1024,20.35840004682541,80.04164709662926,20
893,893,1024,28.49920094013214,57.30601203278606,20
894,894,1024,20.428800582885742,80.12390748829675,20
895,895,1024,28.832000494003296,56.89855618382095,20
896,896,1024,10.8815997838974,151.09608887041037,20
897,897,1024,28.251200914382935,58.32811274090195,20
898,898,1024,20.70399969816208,79.76793933911269,20
899,899,1024,27.87039875984192,59.38901923373084,20
900,900,1024,20.921599864959717,79.29030335669285,20
901,901,1024,28.05120050907135,59.269065773578916,20
902,902,1024,20.971199870109558,79.45472850005768,20
903,903,1024,28.251200914382935,59.11103167121685,20
904,904,1024,10.724800080060959,156.0549712354626,20
905,905,1024,28.406399488449097,59.04877880359554,20
906,906,1024,21.091200411319733,79.70490513654036,20
907,907,1024,28.143998980522156,59.86303343622215,20
908,908,1024,21.036800742149353,80.2642137792804,20
909,909,1024,29.264000058174133,57.82611688887424,20
910,910,1024,20.9087997674942,81.11172419550363,20
911,911,1024,29.703998565673828,57.220518787802575,20
912,912,1024,10.77599972486496,158.0745875549237,20
913,913,1024,29.633599519729614,57.608570665315405,20
914,914,1024,20.951999723911285,81.65764750595433,20
915,915,1024,29.14080023765564,58.83972938342141,20
916,916,1024,20.999999344348907,81.82794007859897,20
917,917,1024,28.947201371192932,59.49247562542622,20
918,918,1024,20.91200053691864,82.53149902865817,20
919,919,1024,29.577600955963135,58.47874310615052,20
920,920,1024,9.644799679517746,179.72661512931225,20
921,921,1024,29.684799909591675,58.52145115651197,20
922,922,1024,20.950399339199066,83.09970630214048,20
923,923,1024,28.960001468658447,60.24690965186006,20
924,924,1024,20.62080055475235,84.79463459031548,20
925,925,1024,28.756800293922424,60.93584759394606,20
926,926,1024,20.88640034198761,84.07915290552569,20
927,927,1024,29.262399673461914,60.142223865394726,20
928,928,1024,9.433600306510925,186.95988537724227,20
929,929,1024,29.692798852920532,59.52648575687068,20
930,930,1024,21.009600162506104,84.30980058159808,20
931,931,1024,29.529601335525513,60.11346065361331,20
932,932,1024,21.140800416469574,84.14733202883508,20
933,933,1024,29.070401191711426,61.325657676451414,20
934,934,1024,21.057599782943726,84.84276966110363,20
935,935,1024,29.734399914741516,60.21351717652662,20
936,936,1024,9.355200082063675,191.7911527557843,20
937,937,1024,30.022400617599487,59.89129699861323,20
938,938,1024,21.091200411319733,85.43470626891879,20
939,939,1024,29.287999868392944,61.65544305224978,20
940,940,1024,21.131199598312378,85.63701230404936,20
941,941,1024,29.124799370765686,62.26532464358481,20
942,942,1024,20.99200040102005,86.57209590714814,20
943,943,1024,29.865598678588867,60.97925481418977,20
944,944,1024,9.42239984869957,193.69232438717654,20
945,945,1024,29.815998673439026,61.34006175782574,20
946,946,1024,21.01919949054718,87.1958976755631,20
947,947,1024,29.385599493980408,62.502207326967685,20
948,948,1024,21.030400693416595,87.51834160611922,20
949,949,1024,29.204800724983215,63.15505677880499,20
950,950,1024,20.982399582862854,88.08906687248465,20
951,951,1024,29.875200986862183,61.99835270780348,20
952,952,1024,9.380800276994705,197.86271290221262,20
953,953,1024,29.891198873519897,62.226076641166536,20
954,954,1024,21.105599403381348,88.31388923744,20
955,955,1024,29.321599006652832,63.701409993916265,20
956,956,1024,21.20160013437271,88.28300298737706,20
957,957,1024,29.155200719833374,64.33359077250488,20
958,958,1024,21.06879949569702,89.2115695715779,20
959,959,1024,29.660800099372864,63.5015468797089,20
960,960,1024,10.88320016860962,173.42663653691937,20
961,961,1024,29.74720001220703,63.58148018044922,20
962,962,1024,21.057599782943726,90.00595184334192,20
963,963,1024,29.24639880657196,64.93967768685488,20
964,964,1024,21.139200031757355,90.03170437579621,20
965,965,1024,29.177600145339966,65.36345657285307,20
966,966,1024,21.01760059595108,90.92871849359261,20
967,967,1024,29.90719974040985,64.03348653910973,20
968,968,1024,11.308799684047699,169.69308906470374,20
969,969,1024,30.06879985332489,63.95307220043115,20
970,970,1024,21.051199734210968,91.536977670134,20
971,971,1024,29.361599683761597,65.76407242102356,20
972,972,1024,21.04479968547821,91.94279161208523,20
973,973,1024,29.332798719406128,66.10010216029107,20
974,974,1024,21.027199923992157,92.39881938741415,20
975,975,1024,29.96799945831299,64.96529749035165,20
976,976,1024,9.84639972448349,198.13086027261974,20
977,977,1024,30.01120090484619,65.13819284333697,20
978,978,1024,21.001599729061127,93.2728581284875,20
979,979,1024,29.494398832321167,66.55118414717401,20
980,980,1024,21.02240025997162,93.56206597136952,20
981,981,1024,29.37600016593933,67.09270550335926,20
982,982,1024,20.899200439453125,94.49813918582996,20
983,983,1024,30.06719946861267,65.81789814065816,20
984,984,1024,9.467200189828873,209.45878910751588,20
985,985,1024,30.166399478912354,65.86867622001147,20
986,986,1024,20.838400721549988,95.54751511909224,20
987,987,1024,29.528000950813293,67.56631156045289,20
988,988,1024,20.846399664878845,95.89871364541061,20
989,989,1024,29.38399910926819,68.17287873413258,20
990,990,1024,20.764799416065216,96.66574474333925,20
991,991,1024,29.93279993534088,67.1939107716184,20
992,992,1024,9.668800234794617,208.4398294575801,20
993,993,1024,30.025601387023926,67.2568827504894,20
994,994,1024,20.608000457286835,98.18991086466647,20
995,995,1024,29.652801156044006,68.37705447556777,20
996,996,1024,20.75680047273636,97.87870585683619,20
997,997,1024,29.481598734855652,69.05088324104983,20
998,998,1024,20.59040069580078,99.06636699964763,20
999,999,1024,30.164799094200134,67.75798644032697,20
1000,1000,1024,9.5551997423172,214.33356237756115,20
1001,1001,1024,30.287998914718628,67.75284342085641,20
1002,1002,1024,20.734399557113647,99.1685429007058,20
1003,1003,1024,29.547199606895447,69.72933000118174,20
1004,1004,1024,20.552000403404236,100.44845890807056,20
1005,1005,1024,29.495999217033386,70.12921260200814,20
1006,1006,1024,20.625600218772888,100.48918363663076,20
1007,1007,1024,30.233600735664368,68.69087047081969,20
1008,1008,1024,9.364800155162811,222.20432230503084,20
1009,1009,1024,29.630398750305176,70.3679321216872,20
1010,1010,1024,20.185600221157074,103.49777946212815,20
1011,1011,1024,29.076799750328064,71.99223525196861,20
1012,1012,1024,20.108799636363983,104.30492868440827,20
1013,1013,1024,28.916800022125244,72.67727101173013,20
1014,1014,1024,19.977599382400513,105.40532762185028,20
1015,1015,1024,29.625600576400757,71.21883637628972,20
1016,1016,1024,9.604799747467041,220.10456683987775,20
1017,1017,1024,29.499199986457825,71.80614636913583,20
1018,1018,1024,19.74879950284958,107.46939588372234,20
1019,1019,1024,28.966400027275085,73.4148298027233,20
1020,1020,1024,19.713599979877472,108.08473349235746,20
1021,1021,1024,28.788799047470093,74.15797944470395,20
1022,1022,1024,19.61439996957779,109.05779607419953,20
1023,1023,1024,29.144001007080078,73.54142595175318,20
1024,1024,1024,10.96159964799881,195.90969538757534,20
1025,1025,1024,40.66559970378876,52.91155216381897,5
1026,1026,1024,30.739200115203857,70.13456563346566,5
1027,1027,1024,39.99359905719757,54.01076779588442,5
1028,1028,1024,30.745598673820496,70.39360836524773,5
1029,1029,1024,39.743998646736145,54.56185693026845,5
1030,1030,1024,30.777600407600403,70.59430141485153,5
1031,1031,1024,40.4992014169693,53.7527667666023,5
1032,1032,1024,16.767999529838562,130.07927082289225,5
1033,1033,1024,41.35040044784546,52.85071603493671,5
1034,1034,1024,31.10400140285492,70.39709970560322,5
1035,1035,1024,40.24960100650787,54.50659746031465,5
1036,1036,1024,31.23840093612671,70.3656442752779,5
1037,1037,1024,39.871999621391296,55.235647394479756,5
1038,1038,1024,31.379199028015137,70.32063852330832,5
1039,1039,1024,40.870401263237,54.09437978747402,5
1040,1040,1024,11.392000317573547,194.44493839970428,5
1041,1041,1024,41.10719859600067,53.99002519757996,5
1042,1042,1024,32.35839903354645,68.71924255877782,5
1043,1043,1024,40.326398611068726,55.24705475158611,5
1044,1044,1024,31.775999069213867,70.24763951993734,5
1045,1045,1024,40.10879993438721,55.76001285649459,5
1046,1046,1024,31.76960051059723,70.53124785917797,5
1047,1047,1024,41.363200545310974,54.27616824623361,5
1048,1048,1024,11.17440015077591,201.29282660813027,5
1049,1049,1024,41.47840142250061,54.33240362965116,5
1050,1050,1024,31.801599264144897,71.00020289060494,5
1051,1051,1024,40.66559970378876,55.62989023838819,5
1052,1052,1024,31.481599807739258,71.99538161471735,5
1053,1053,1024,40.31359851360321,56.32940039410621,5
1054,1054,1024,31.667199730873108,71.84582114413787,5
1055,1055,1024,41.203200817108154,55.32276994979306,5
1056,1056,1024,11.187200248241425,204.14388563027669,5
1057,1057,1024,41.77280068397522,54.77549780083971,5
1058,1058,1024,31.910398602485657,71.84045240417115,5
1059,1059,1024,41.06239974498749,55.93421481121232,5
1060,1060,1024,31.942400336265564,72.04007137145001,5
1061,1061,1024,40.9855991601944,56.25089434435061,5
1062,1062,1024,31.974399089813232,72.23980990266335,5
1063,1063,1024,41.82400107383728,55.33130385862623,5
1064,1064,1024,16.87680035829544,137.37986814902231,5
1065,1065,1024,42.105600237846375,55.16826234226395,5
1066,1066,1024,32.24959969520569,72.16390621884142,5
1067,1067,1024,41.29279851913452,56.465668485015776,5
1068,1068,1024,32.08320140838623,72.81062517001166,5
1069,1069,1024,41.228801012039185,56.7655248406712,5
1070,1070,1024,31.987199187278748,73.30292303092622,5
1071,1071,1024,42.14400053024292,55.74079200939256,5
1072,1072,1024,18.15039962530136,129.66815500410357,5
1073,1073,1024,42.52159893512726,55.45233131043225,5
1074,1074,1024,32.281601428985596,73.17849001998017,5
1075,1075,1024,41.72160029411316,56.72649139333085,5
1076,1076,1024,32.1727991104126,73.69968773505302,5
1077,1077,1024,41.19679927825928,57.663086298396905,5
1078,1078,1024,32.03839957714081,74.28423589853963,5
1079,1079,1024,42.054399847984314,56.69717262923403,5
1080,1080,1024,16.806399822235107,142.1355689062925,5
1081,1081,1024,42.771199345588684,55.953841945440566,5
1082,1082,1024,32.22399950027466,74.40549867124855,5
1083,1083,1024,41.48479998111725,57.90257330620757,5
1084,1084,1024,32.06399977207184,75.05347757942867,5
1085,1085,1024,42.32960045337677,56.95675778124833,5
1086,1086,1024,32.19839930534363,75.01624491001145,5
1087,1087,1024,41.72160029411316,58.00001186295428,5
1088,1088,1024,11.673600226640701,207.67438193295405,5
1089,1089,1024,41.894400119781494,57.973528706840156,5
1090,1090,1024,32.06399977207184,75.88662728594996,5
1091,1091,1024,41.08799993991852,59.328648061832,5
1092,1092,1024,31.999999284744263,76.31769770583347,5
1093,1093,1024,40.55039882659912,60.33580982673642,5
1094,1094,1024,32.22399950027466,76.06504983899059,5
1095,1095,1024,41.87520146369934,58.640988321661126,5
1096,1096,1024,11.25119999051094,218.6513767486842,5
1097,1097,1024,42.19520092010498,58.40905075121202,5
1098,1098,1024,32.29439854621887,76.45527098039383,5
1099,1099,1024,40.84480106830597,60.56037447369042,5
1100,1100,1024,31.98080062866211,77.48649037194753,5
1101,1101,1024,40.6143993139267,61.12579996101825,5
1102,1102,1024,32.153600454330444,77.35057215544387,5
1103,1103,1024,41.55519902706146,59.959169738963766,5
1104,1104,1024,11.059200018644333,225.7066662861554,5
1105,1105,1024,41.79840087890625,59.826671533311426,5
1106,1106,1024,32.281601428985596,77.60418371780642,5
1107,1107,1024,41.280001401901245,60.79746770271207,5
1108,1108,1024,32.044801115989685,78.46064835601176,5
1109,1109,1024,41.03679955005646,61.37896511465487,5
1110,1110,1024,31.999999284744263,78.85440176253321,5
1111,1111,1024,42.393600940704346,59.62903249327045,5
1112,1112,1024,11.25119999051094,225.08195695888583,5
1113,1113,1024,42.214399576187134,60.09795087624803,5
1114,1114,1024,32.128000259399414,79.10731410232849,5
1115,1115,1024,41.01119935512543,62.083646419421164,5
1116,1116,1024,31.82080090045929,80.15806691915114,5
1117,1117,1024,41.04959964752197,62.24828241788353,5
1118,1118,1024,31.82080090045929,80.44562926016901,5
1119,1119,1024,41.868799924850464,61.24908601638548,5
1120,1120,1024,10.88000014424324,236.1223498107488,5
1121,1121,1024,41.996800899505615,61.28087646862399,5
1122,1122,1024,32.10879862308502,80.29557450169983,5
1123,1123,1024,41.60639941692352,62.076801362182806,5
1124,1124,1024,31.90400004386902,81.09936197474457,5
1125,1125,1024,41.17119908332825,62.95663127891744,5
1126,1126,1024,31.942400336265564,81.29038584028886,5
1127,1127,1024,42.048001289367676,61.86320662660724,5
1128,1128,1024,16.889600455760956,154.28680144480035,5
1129,1129,1024,42.70719885826111,61.124701169555685,5
1130,1130,1024,32.13439881801605,81.37980781311079,5
1131,1131,1024,41.7279988527298,62.78090970155931,5
1132,1132,1024,31.98080062866211,82.06037061023345,5
1133,1133,1024,41.56799912452698,63.245648753124016,5
1134,1134,1024,31.87200129032135,82.63170749807178,5
1135,1135,1024,42.16960072517395,62.5636656413734,5
1136,1136,1024,17.747199535369873,148.92128770698005,5
1137,1137,1024,42.85440146923065,61.781073150699896,5
1138,1138,1024,31.839999556541443,83.29931372298347,5
1139,1139,1024,41.95199906826019,63.332224137327294,5
1140,1140,1024,31.7440003156662,83.84516045655612,5
1141,1141,1024,41.945600509643555,63.56452775987823,5
1142,1142,1024,31.53280019760132,84.70316163685253,5
1143,1143,1024,42.342400550842285,63.18979361567577,5
1144,1144,1024,11.711999773979187,228.8500153453609,5
1145,1145,1024,42.43200123310089,63.277222897171946,5
1146,1146,1024,31.39840066432953,85.662680617221,5
1147,1147,1024,41.836801171302795,64.401846139426,5
1148,1148,1024,31.44960105419159,85.82199142523842,5
1149,1149,1024,41.440001130104065,65.2454530469558,5
1150,1150,1024,31.36639893054962,86.3497274901407,5
1151,1151,1024,41.683200001716614,65.09079072355924,5
1152,1152,1024,16.422399878501892,165.5001103436739,5
1153,1153,1024,47.00160026550293,57.92631775557413,5
1154,1154,1024,31.615999341011047,86.26500584664998,5
1155,1155,1024,46.35519981384277,58.93800934893467,5
1156,1156,1024,32.21760094165802,84.94785607891866,5
1157,1157,1024,46.745601296424866,58.64836639099294,5
1158,1158,1024,31.673601269721985,86.70609472580841,5
1159,1159,1024,48.65280091762543,56.5443188493467,5
1160,1160,1024,16.812799870967865,163.91016494276255,5
1161,1161,1024,48.37760031223297,57.06240471175163,5
1162,1162,1024,31.859201192855835,86.79752186065782,5
1163,1163,1024,47.731199860572815,58.03460462111997,5
1164,1164,1024,31.859201192855835,87.096565642149,5
1165,1165,1024,46.854400634765625,59.32413524328726,5
1166,1166,1024,32.179200649261475,86.52703087153604,5
1167,1167,1024,48.48639965057373,57.524350995341365,5
1168,1168,1024,11.961600184440613,233.5749990736427,5
1169,1169,1024,48.19200038909912,58.0743049759989,5
1170,1170,1024,32.1727991104126,87.13905154409323,5
1171,1171,1024,47.462400794029236,59.16897419890492,5
1172,1172,1024,31.98080062866211,87.96215156286047,5
1173,1173,1024,47.24479913711548,59.64471525895976,5
1174,1174,1024,32.21119940280914,87.63129906158761,5
1175,1175,1024,49.5168000459671,57.10223595578017,5
1176,1176,1024,11.801599711179733,239.99584101441016,5
1177,1177,1024,49.81119930744171,56.95815060562362,5
1178,1178,1024,32.45440125465393,87.56830266873166,5
1179,1179,1024,47.21919894218445,60.28912035305065,5
1180,1180,1024,32.15999901294708,88.67025147768129,5
1181,1181,1024,47.27039933204651,60.42831387852236,5
1182,1182,1024,32.262399792671204,88.68868932217441,5
1183,1183,1024,49.77920055389404,57.577330292737926,5
1184,1184,1024,11.372800171375275,252.44452067540544,5
1185,1185,1024,48.94079864025116,58.76186903159294,5
1186,1186,1024,32.21760094165802,89.41412531667386,5
1187,1187,1024,47.814399003982544,60.34936278838632,5
1188,1188,1024,32.56320059299469,88.76377196846607,5
1189,1189,1024,47.56479859352112,60.87065841995121,5
1190,1190,1024,32.576000690460205,89.02789595192108,5
1191,1191,1024,49.96480047702789,58.141913112124655,5
1192,1192,1024,11.94240003824234,243.66370768704198,5
1193,1193,1024,49.80480074882507,58.524758821944744,5
1194,1194,1024,32.26880133152008,90.48066266868247,5
1195,1195,1024,47.82080054283142,61.157386886079884,5
1196,1196,1024,32.46079981327057,90.24706676519936,5
1197,1197,1024,47.45599925518036,61.83396995227485,5
1198,1198,1024,32.40959942340851,90.69219750605838,5
1199,1199,1024,49.56800043582916,59.39732936799774,5
1200,1200,1024,11.315199732780457,260.63349031801135,5
1201,1201,1024,50.13759732246399,58.9186041166048,5
1202,1202,1024,32.473599910736084,91.11889658472204,5
1203,1203,1024,47.59039878845215,62.27903332298172,5
1204,1204,1024,32.12159872055054,92.42421567581047,5
1205,1205,1024,47.18720018863678,63.02020861827086,5
1206,1206,1024,32.447999715805054,91.7987226975078,5
1207,1207,1024,50.61119794845581,58.95190931932945,5
1208,1208,1024,11.80799975991249,253.09728427892082,5
1209,1209,1024,50.08000135421753,59.77481244113221,5
1210,1210,1024,32.53760039806366,92.15420815661753,5
1211,1211,1024,47.519999742507935,63.203598995673936,5
1212,1212,1024,32.48000144958496,92.62306581696419,5
1213,1213,1024,47.571200132369995,63.34428611460542,5
1214,1214,1024,32.313600182533264,93.40754948226181,5
1215,1215,1024,49.20960068702698,61.43737721482931,5
1216,1216,1024,17.766399681568146,170.45026242101906,5
1217,1217,1024,48.90879988670349,62.0189061892037,5
1218,1218,1024,32.467201352119446,93.57927463623729,5
1219,1219,1024,47.58400022983551,63.95528146647624,5
1220,1220,1024,32.447999715805054,93.94240713442916,5
1221,1221,1024,47.56479859352112,64.19121825979701,5
1222,1222,1024,32.35839903354645,94.51164839241491,5
1223,1223,1024,48.59519898891449,63.03612405618069,5
1224,1224,1024,11.903999745845795,257.7507151804795,5
1225,1225,1024,49.3120014667511,62.32316492106241,5
1226,1226,1024,32.40959942340851,94.98110753496799,5
1227,1227,1024,46.828800439834595,65.84245940618185,5
1228,1228,1024,32.34559893608093,95.47979736294202,5
1229,1229,1024,46.726399660110474,66.20204403723338,5
1230,1230,1024,32.14080035686493,96.40143262139428,5
1231,1231,1024,49.50399994850159,62.691082159592995,5
1232,1232,1024,16.998399794101715,182.870363660856,5
1233,1233,1024,48.927998542785645,63.63538188216138,5
1234,1234,1024,32.24959969520569,96.70210847496567,5
1235,1235,1024,47.679999470710754,65.5130208614794,5
1236,1236,1024,32.179200649261475,97.22806486406013,5
1237,1237,1024,47.4047988653183,66.10693826385373,5
1238,1238,1024,32.0576012134552,97.91296894299632,5
1239,1239,1024,48.74880015850067,64.49241412666382,5
1240,1240,1024,11.206399649381638,281.0005798939859,5
1241,1241,1024,49.030399322509766,64.32919028974675,5
1242,1242,1024,32.812801003456116,96.27861613116326,5
1243,1243,1024,47.385600209236145,66.77683384884591,5
1244,1244,1024,32.24959969520569,98.2757540544345,5
1245,1245,1024,47.494399547576904,66.8384321149283,5
1246,1246,1024,31.859201192855835,99.80014089973446,5
1247,1247,1024,48.051199316978455,66.276356829136,5
1248,1248,1024,11.417599767446518,279.37292048846916,5
1249,1249,1024,48.93440008163452,65.28908176395659,5
1250,1250,1024,31.814399361610413,100.58338564333718,5
1251,1251,1024,47.59039878845215,67.34808132723035,5
1252,1252,1024,31.92960023880005,100.54144643185938,5
1253,1253,1024,47.545599937438965,67.62725543963755,5
1254,1254,1024,32.019200921058655,100.58067270135734,5
1255,1255,1024,49.72800016403198,64.86589425192888,5
1256,1256,1024,17.023999989032745,189.77876703955312,5
1257,1257,1024,49.18400049209595,65.79254065598076,5
1258,1258,1024,31.916800141334534,101.54812066522156,5
1259,1259,1024,47.468799352645874,68.38693904776542,5
1260,1260,1024,31.622400879859924,102.8196692702987,5
1261,1261,1024,47.90399968624115,67.98112536175852,5
1262,1262,1024,31.71199858188629,102.85491479124511,5
1263,1263,1024,48.94079864025116,66.75220271769629,5
1264,1264,1024,16.864000260829926,194.02759472199935,5
1265,1265,1024,48.50560128688812,67.56458456450262,5
1266,1266,1024,31.679999828338623,103.61250965234424,5
1267,1267,1024,48.08320105075836,68.37381455800868,5
1268,1268,1024,31.327998638153076,105.10800865490994,5
1269,1269,1024,47.05280065536499,70.0918815046976,5
1270,1270,1024,31.174400448799133,105.95934973714125,5
1271,1271,1024,49.004799127578735,67.51222792255255,5
1272,1272,1024,11.89119964838028,278.6624840203869,5
1273,1273,1024,48.32639992237091,68.675576855119,5
1274,1274,1024,31.065601110458374,107.00129819412831,5
1275,1275,1024,46.745601296424866,71.22124665566395,5
1276,1276,1024,30.771198868751526,108.36446321843587,5
1277,1277,1024,46.64959907531738,71.5918905671169,5
1278,1278,1024,30.643200874328613,109.15849312603143,5
1279,1279,1024,47.85279929637909,70.01058281356389,5
1280,1280,1024,16.77439957857132,200.03357999689334,5
1281,1281,1024,47.32159972190857,71.01805830211813,5
1282,1282,1024,31.071999669075012,108.32702072116754,5
1283,1283,1024,46.905601024627686,71.87180631647729,5
1284,1284,1024,31.21280074119568,108.17508867583464,5
1285,1285,1024,46.63679897785187,72.51159758211529,5
1286,1286,1024,31.353598833084106,108.02505403067441,5
1287,1287,1024,47.116801142692566,71.996477471521,5
1288,1288,1024,17.45920032262802,194.59753306092966,5
1289,1289,1024,47.756800055503845,71.2525756341549,5
1290,1290,1024,31.801599264144897,107.16683685283961,5
1291,1291,1024,46.75840139389038,72.99998687393112,5
1292,1292,1024,31.699201464653015,107.84664956977083,5
1293,1293,1024,46.99519872665405,72.85737362055363,5
1294,1294,1024,31.87200129032135,107.59427676859964,5
1295,1295,1024,47.833600640296936,71.80197923688397,5
1296,1296,1024,16.87680035829544,203.82142911995825,5
1297,1297,1024,48.153600096702576,71.54530554478553,5
1298,1298,1024,32.05119967460632,107.65520876068057,5
1299,1299,1024,47.328001260757446,73.018026452459,5
1300,1300,1024,31.95520043373108,108.31163482068264,5
1301,1301,1024,47.39199876785278,73.14413694556772,5
1302,1302,1024,31.968000531196594,108.60165585307716,5
1303,1303,1024,48.05760085582733,72.35302574573643,5
1304,1304,1024,18.188799917697906,191.46133795289788,5
1305,1305,1024,48.33280146121979,72.16207408954892,5
1306,1306,1024,32.37760066986084,107.88762773430715,5
1307,1307,1024,47.00160026550293,74.43350720481187,5
1308,1308,1024,31.935998797416687,109.71472958232413,5
1309,1309,1024,47.05280065536499,74.58023835186691,5
1310,1310,1024,31.814399361610413,110.4711347856198,5
1311,1311,1024,48.23040068149567,72.98178240825769,5
1312,1312,1024,11.814399808645248,298.3911640962357,5
1313,1313,1024,48.48639965057373,72.81812090492518,5
1314,1314,1024,31.95520043373108,110.65706238748602,5
1315,1315,1024,47.41759896278381,74.6864640442791,5
1316,1316,1024,32.153600454330444,110.30929780438669,5
1317,1317,1024,48.35839867591858,73.45639163541894,5
1318,1318,1024,32.07679986953735,110.90975304486669,5
1319,1319,1024,48.69759976863861,73.16645060388791,5
1320,1320,1024,12.576000392436981,283.7496094661387,5
1321,1321,1024,48.979198932647705,72.9665663359351,5
1322,1322,1024,32.35200047492981,110.63479164985905,5
1323,1323,1024,47.839999198913574,74.93047349552226,5
1324,1324,1024,32.27519989013672,111.2338532439928,5
1325,1325,1024,47.48159945011139,75.72449204828894,5
1326,1326,1024,32.281601428985596,111.5480362992994,5
1327,1327,1024,48.736000061035156,73.99832951993393,5
1328,1328,1024,11.980800330638885,301.46734210763674,5
1329,1329,1024,48.819199204444885,74.09506151159187,5
1330,1330,1024,32.43519961833954,111.69060904905442,5
1331,1331,1024,47.60960042476654,76.20641416080088,5
1332,1332,1024,32.35839903354645,112.29266158171116,5
1333,1333,1024,47.73760139942169,76.23065603049099,5
1334,1334,1024,32.313600182533264,112.78627783387653,5
1335,1335,1024,48.74880015850067,74.87357202910613,5
1336,1336,1024,12.383999675512314,295.17660721747205,5
1337,1337,1024,48.819199204444885,74.98978622465152,5
1338,1338,1024,32.262399792671204,113.64373808401172,5
1339,1339,1024,47.64159917831421,77.07344571404309,5
1340,1340,1024,32.38399922847748,113.55573393066966,5
1341,1341,1024,47.4047988653183,77.69001401025714,5
1342,1342,1024,32.24959969520569,114.36961409937513,5
1343,1343,1024,48.40959906578064,76.30455990723321,5
1344,1344,1024,17.2544002532959,214.4018959623562,5
1345,1345,1024,48.90879988670349,75.75085073815566,5
1346,1346,1024,32.50559866428375,114.14631695668102,5
1347,1347,1024,47.84640073776245,77.66330538353836,5
1348,1348,1024,32.37760066986084,114.93838070169745,5
1349,1349,1024,47.92320132255554,77.76927135804411,5
1350,1350,1024,32.281601428985596,115.62251668991281,5
1351,1351,1024,48.67840111255646,76.78994302538402,5
1352,1352,1024,17.61920005083084,212.46977054576732,5
1353,1353,1024,49.29920136928558,76.04762608458316,5
1354,1354,1024,32.5439989566803,115.37092208606059,5
1355,1355,1024,47.94879853725433,78.42071782212622,5
1356,1356,1024,32.34559893608093,116.42175293898778,5
1357,1357,1024,47.788798809051514,78.91572180060096,5
1358,1358,1024,32.27519989013672,117.02012334102392,5
1359,1359,1024,48.94720017910004,77.27535536578152,5
1360,1360,1024,11.948800086975098,317.01767310753854,5
1361,1361,1024,48.793599009513855,77.7469480630098,5
1362,1362,1024,32.35839903354645,117.40785160790507,5
1363,1363,1024,47.839999198913574,79.5299116996307,5
1364,1364,1024,32.153600454330444,118.50292826185908,5
1365,1365,1024,47.60960042476654,80.14948174223649,5
1366,1366,1024,32.30719864368439,118.2856468042006,5
1367,1367,1024,48.64000082015991,78.68164077854591,5
1368,1368,1024,12.68479973077774,302.147170893096,5
1369,1369,1024,48.38399887084961,79.32956798890156,5
1370,1370,1024,32.128000259399414,119.64302692245609,5
1371,1371,1024,48.19200038909912,79.87850134709797,5
1372,1372,1024,32.08320140838623,120.16015431029614,5
1373,1373,1024,47.92320132255554,80.56106615279272,5
1374,1374,1024,32.10879862308502,120.41465933951902,5
1375,1375,1024,48.81280064582825,79.32345509314507,5
1376,1376,1024,17.49120056629181,221.69055996492247,5
1377,1377,1024,49.856001138687134,77.88976458817248,5
1378,1378,1024,32.37760066986084,120.11126061048904,5
1379,1379,1024,48.96639883518219,79.53537243179443,5
1380,1380,1024,32.3199987411499,120.67485618538225,5
1381,1381,1024,49.01120066642761,79.69332876750958,5
1382,1382,1024,32.35839903354645,120.8812694331652,5
1383,1383,1024,49.65119957923889,78.89410739711371,5
1384,1384,1024,12.588800489902496,311.61458878838613,5
1385,1385,1024,49.80480074882507,78.87843623373348,5
1386,1386,1024,32.26880133152008,121.91961416791408,5
1387,1387,1024,48.56959879398346,81.11820994675483,5
1388,1388,1024,32.204800844192505,122.51471856909508,5
1389,1389,1024,48.90879988670349,80.7881080123211,5
1390,1390,1024,32.0576012134552,123.43221732820092,5
1391,1391,1024,49.587199091911316,79.91248468491109,5
1392,1392,1024,12.019199877977371,330.166393128309,5
1393,1393,1024,49.612799286842346,80.10109506265943,5
1394,1394,1024,32.14080035686493,123.82228456703533,5
1395,1395,1024,48.736000061035156,81.7764936598974,5
1396,1396,1024,31.839999556541443,125.35098064032553,5
1397,1397,1024,48.85120093822479,81.81774767531935,5
1398,1398,1024,31.884801387786865,125.53377213549655,5
1399,1399,1024,49.587199091911316,80.83432259544266,5
1400,1400,1024,12.531200051307678,320.3268628355443,5
1401,1401,1024,49.267199635505676,81.59214401751822,5
1402,1402,1024,31.84640109539032,126.40539758141426,5
1403,1403,1024,48.67840111255646,82.81499679249195,5
1404,1404,1024,31.564798951148987,127.89723052720562,5
1405,1405,1024,48.64639937877655,83.10590817876223,5
1406,1406,1024,31.667199730873108,127.84711507197028,5
1407,1407,1024,49.484801292419434,81.9306341767827,5
1408,1408,1024,17.06240028142929,237.95516486733678,5
1409,1409,1024,68.39039921760559,59.450676330506575,5
1410,1410,1024,39.2767995595932,103.66498405304822,5
1411,1411,1024,67.56479740142822,60.34808605692363,5
1412,1412,1024,38.85439932346344,105.08945661487141,5
1413,1413,1024,67.74399876594543,60.359196186917536,5
1414,1414,1024,39.01439905166626,104.95517315484877,5
1415,1415,1024,68.75519752502441,59.63995374324312,5
1416,1416,1024,17.318400740623474,237.109346844469,5
1417,1417,1024,69.65759992599487,59.033855263012335,5
1418,1418,1024,39.4432008266449,104.40234731706181,5
1419,1419,1024,68.26239824295044,60.41060721780118,5
1420,1420,1024,39.24480080604553,105.22635139388579,5
1421,1421,1024,68.48639845848083,60.382873987848065,5
1422,1422,1024,39.37920033931732,105.16282698268202,5
1423,1423,1024,69.41440105438232,59.74343261639632,5
1424,1424,1024,12.319999933242798,337.0848433849709,5
1425,1425,1024,70.20800113677979,59.23427433716491,5
1426,1426,1024,39.583998918533325,105.20813868682033,5
1427,1427,1024,68.70399713516235,60.70100672302238,5
1428,1428,1024,39.65440094470978,105.3161498473512,5
1429,1429,1024,68.63999962806702,60.92803016697471,5
1430,1430,1024,38.98240029811859,107.43194795529622,5
1431,1431,1024,70.50880193710327,59.479304892189965,5
1432,1432,1024,12.332800030708313,340.5291532776762,5
1433,1433,1024,70.6496000289917,59.526812186823655,5
1434,1434,1024,39.68000113964081,106.13450017754015,5
1435,1435,1024,69.2799985408783,60.87316525434984,5
1436,1436,1024,39.59679901599884,106.65439411639446,5
1437,1437,1024,69.33760046958923,60.992253602067194,5
1438,1438,1024,39.48160111904144,107.26374797291449,5
1439,1439,1024,70.46399712562561,60.18444568847397,5
1440,1440,1024,11.89119964838028,357.1324109908839,5
1441,1441,1024,70.278400182724,60.511239256203105,5
1442,1442,1024,39.904001355171204,106.7195601287271,5
1443,1443,1024,69.06239986419678,61.74772322400524,5
1444,1444,1024,39.28320109844208,108.70698946602286,5
1445,1445,1024,69.12000179290771,61.86740580262516,5
1446,1446,1024,39.6479994058609,108.00534786547115,5
1447,1447,1024,70.56639790534973,60.76717757014649,5
1448,1448,1024,17.977599799633026,238.85556691987622,5
1449,1449,1024,72.0255970954895,59.7007594716529,5
1450,1450,1024,39.37920033931732,109.3450340001152,5
1451,1451,1024,69.67679858207703,61.883745174095026,5
1452,1452,1024,39.686399698257446,108.79814306233445,5
1453,1453,1024,69.95199918746948,61.810328256844386,5
1454,1454,1024,39.955198764801025,108.36411034987282,5
1455,1455,1024,70.84159851074219,61.20227791503821,5
1456,1456,1024,17.318400740623474,250.69456429749403,5
1457,1457,1024,72.42879867553711,60.02577471257168,5
1458,1458,1024,40.09599983692169,108.57852877361339,5
1459,1459,1024,70.73919773101807,61.628330937211196,5
1460,1460,1024,40.09599983692169,108.87661656413144,5
1461,1461,1024,70.55360078811646,61.95997028030218,5
1462,1462,1024,39.558398723602295,110.6588095889786,5
1463,1463,1024,72.31360077857971,60.61758320432643,5
1464,1464,1024,19.014400243759155,230.8497849907571,5
1465,1465,1024,72.60159850120544,60.542314366907775,5
1466,1466,1024,40.28159976005554,109.26754434327688,5
1467,1467,1024,70.7584023475647,62.289115154840594,5
1468,1468,1024,40.23039937019348,109.70532783897578,5
1469,1469,1024,70.78400254249573,62.43648238663414,5
1470,1470,1024,39.795199036598206,111.20746489871821,5
1471,1471,1024,72.15999960899353,61.41278259441235,5
1472,1472,1024,17.766399681568146,249.77337623467895,5
1473,1473,1024,72.63360023498535,61.17836617796694,5
1474,1474,1024,40.23680090904236,110.58633756840342,5
1475,1475,1024,70.95040082931519,62.79992710286436,5
1476,1476,1024,40.25599956512451,110.83375636424095,5
1477,1477,1024,71.17440104484558,62.77216704900609,5
1478,1478,1024,39.57119882106781,113.05756118811657,5
1479,1479,1024,73.43999743461609,61.000535464185624,5
1480,1480,1024,13.69599997997284,327.5364490770754,5
1481,1481,1024,74.23999905586243,60.5065111143113,5
1482,1482,1024,40.40960073471069,111.3119523632483,5
1483,1483,1024,72.03840017318726,62.524207383445564,5
1484,1484,1024,40.30719995498657,111.89614493283655,5
1485,1485,1024,71.6480016708374,63.03456753404823,5
1486,1486,1024,39.51359987258911,114.45136415265505,5
1487,1487,1024,72.81919717788696,62.18791592741103,5
1488,1488,1024,12.064000219106674,375.87589768261626,5
1489,1489,1024,73.28640222549438,61.957793944214444,5
1490,1490,1024,40.243199467659,112.98218978970489,5
1491,1491,1024,72.0960021018982,63.15010202042991,5
1492,1492,1024,39.99359905719757,113.99271832174678,5
1493,1493,1024,71.53279781341553,63.818171405898035,5
1494,1494,1024,39.48799967765808,115.76199770347814,5
1495,1495,1024,73.51040244102478,62.26780221577834,5
1496,1496,1024,13.388800621032715,342.3351275244,5
1497,1497,1024,73.51040244102478,62.434516471081615,5
1498,1498,1024,39.76320028305054,115.57722113124211,5
1499,1499,1024,71.98079824447632,63.931745135281815,5
1500,1500,1024,39.02080059051514,118.0908625724116,5
1501,1501,1024,71.94880247116089,64.1309638176324,5
1502,1502,1024,39.29600119590759,117.57675212207528,5
1503,1503,1024,72.90239930152893,63.46088024983525,5
1504,1504,1024,11.955200135707855,387.49738318167505,5
1505,1505,1024,72.66560196876526,63.83723624823118,5
1506,1506,1024,38.784000277519226,119.76427637074853,5
1507,1507,1024,72.0192015171051,64.58150401591618,5
1508,1508,1024,39.36640024185181,118.30604381877617,5
1509,1509,1024,71.28959894180298,65.4157402653787,5
1510,1510,1024,38.83520066738129,120.24258198109835,5
1511,1511,1024,72.64639735221863,64.36426276350234,5
1512,1512,1024,13.120000064373016,356.86150068809064,5
1513,1513,1024,72.74879813194275,64.44392529340611,5
1514,1514,1024,38.655999302864075,121.4408498722263,5
1515,1515,1024,70.3935980796814,66.77625420821899,5
1516,1516,1024,39.078399538993835,120.44577934424763,5
1517,1517,1024,69.13279891014099,68.17371705326184,5
1518,1518,1024,39.54559862613678,119.33706192225685,5
1519,1519,1024,71.25120162963867,66.3213422359227,5
1520,1520,1024,11.96800023317337,395.3625591420437,5
1521,1521,1024,70.32960057258606,67.36746873899932,5
1522,1522,1024,38.867199420928955,122.06074280323362,5
1523,1523,1024,67.83999800682068,70.02351903846449,5
1524,1524,1024,38.099199533462524,124.84870302385873,5
1525,1525,1024,67.07839965820312,71.00467548822239,5
1526,1526,1024,38.8480007648468,122.76380647921374,5
1527,1527,1024,66.00319743156433,72.35075235485935,5
1528,1528,1024,12.915199995040894,370.2333400826953,5
1529,1529,1024,68.6847984790802,69.70826840903206,5
1530,1530,1024,38.18239867687225,125.55950820617011,5
1531,1531,1024,65.36960005760193,73.43523784404353,5
1532,1532,1024,38.444799184799194,125.02874911362623,5
1533,1533,1024,64.59519863128662,74.50990745415615,5
1534,1534,1024,38.16959857940674,126.25921328394816,5
1535,1535,1024,65.25440216064453,73.94978178055133,5
1536,1536,1024,11.865600198507309,407.21397376997794,5
1537,1537,1024,72.05119729042053,67.14852624167631,5
1538,1538,1024,38.579198718070984,125.571019434647,5
1539,1539,1024,71.82080149650574,67.53936056026889,5
1540,1540,1024,38.19519877433777,127.16354295460037,5
1541,1541,1024,70.72640061378479,68.76281905758569,5
1542,1542,1024,38.74559998512268,125.68293364588045,5
1543,1543,1024,73.01759719848633,66.77813210896893,5
1544,1544,1024,17.93919950723648,272.1582379431441,5
1545,1545,1024,74.3552029132843,65.7469418206187,5
1546,1546,1024,39.52000141143799,123.860257924568,5
1547,1547,1024,72.40960001945496,67.6884284774826,5
1548,1548,1024,38.50240111351013,127.46297503710642,5
1549,1549,1024,71.71840071678162,68.5176077392669,5
1550,1550,1024,39.187198877334595,125.55936992082009,5
1551,1551,1024,73.49119782447815,67.03756359729715,5
1552,1552,1024,12.761600315570831,386.55228733194696,5
1553,1553,1024,74.02880191802979,66.72247428060845,5
1554,1554,1024,38.89920115470886,127.14266157625974,5
1555,1555,1024,72.82559871673584,67.99964967348726,5
1556,1556,1024,39.33440148830414,126.05979347300804,5
1557,1557,1024,72.41600155830383,68.56028840535572,5
1558,1558,1024,39.80160057544708,124.9005416899408,5
1559,1559,1024,74.18879866600037,67.0940246708857,5
1560,1560,1024,13.094399869441986,380.62170467476284,5
1561,1561,1024,75.12959837913513,66.42394895838983,5
1562,1562,1024,40.08319973945618,124.66071931581261,5
1563,1563,1024,73.06879758834839,68.4724626260692,5
1564,1564,1024,39.12320137023926,128.04689883611547,5
1565,1565,1024,72.4672019481659,69.21769662899138,5
1566,1566,1024,39.48799967765808,127.18864285348033,5
1567,1567,1024,74.11199808120728,67.85462006421297,5
1568,1568,1024,12.563200294971466,400.79452956070514,5
1569,1569,1024,73.98399710655212,68.14563588310777,5
1570,1570,1024,38.69439959526062,130.46113269110668,5
1571,1571,1024,72.68480062484741,69.54064569961956,5
1572,1572,1024,39.6479994058609,127.64792443100845,5
1573,1573,1024,72.56320118904114,69.83465046971092,5
1574,1574,1024,39.769598841667175,127.58164517073362,5
1575,1575,1024,74.59200024604797,68.1081078834478,5
1576,1576,1024,13.222399353981018,384.70878936722386,5
1577,1577,1024,74.74560141563416,68.14087378437597,5
1578,1578,1024,39.87840116024017,127.88105549939974,5
1579,1579,1024,73.06240200996399,69.8876224642004,5
1580,1580,1024,39.17439877986908,130.50939795474983,5
1581,1581,1024,72.80640006065369,70.31113918193141,5
1582,1582,1024,40.140798687934875,127.69000417374845,5
1583,1583,1024,74.36800003051758,69.00899136582957,5
1584,1584,1024,12.65919953584671,405.91402903867004,5
1585,1585,1024,75.04640221595764,68.55807404589976,5
1586,1586,1024,39.78880047798157,129.47188520676235,5
1587,1587,1024,72.89599776268005,70.75874492852763,5
1588,1588,1024,39.94239866733551,129.29948837107526,5
1589,1589,1024,72.58239984512329,71.2436929480699,5
1590,1590,1024,39.29600119590759,131.75765071330483,5
1591,1591,1024,74.93759989738464,69.17840303264005,5
1592,1592,1024,13.049599528312683,397.75797416146025,5
1593,1593,1024,74.78399872779846,69.49488179839933,5
1594,1594,1024,40.02560079097748,130.00759576788155,5
1595,1595,1024,73.08800220489502,71.28616247292983,5
1596,1596,1024,40.14720022678375,129.93928190588343,5
1597,1597,1024,72.96000123023987,71.5904268630291,5
1598,1598,1024,39.73119854927063,131.62907697120067,5
1599,1599,1024,73.96479845046997,70.7948721242913,5
1600,1600,1024,12.595200538635254,416.2601448002105,5
1601,1601,1024,74.44480061531067,70.5144698435847,5
1602,1602,1024,40.12160003185272,131.00163971095972,5
1603,1603,1024,73.2479989528656,71.84577472739436,5
1604,1604,1024,39.904001355171204,132.0450829254287,5
1605,1605,1024,73.2159972190857,72.0566460935227,5
1606,1606,1024,39.9616003036499,132.1837786240393,5
1607,1607,1024,75.00159740447998,70.51657211349058,5
1608,1608,1024,18.483200669288635,286.50015583063004,5
1609,1609,1024,75.37279725074768,70.34405622974813,5
1610,1610,1024,39.423999190330505,134.65454822001016,5
1611,1611,1024,73.42720031738281,72.38758096489347,5
1612,1612,1024,40.10879993438721,132.6845510388195,5
1613,1613,1024,73.37599992752075,72.61806199933635,5
1614,1614,1024,39.846399426460266,133.8899344681376,5
1615,1615,1024,74.64960217475891,71.55623934197143,5
1616,1616,1024,18.559999763965607,288.16066573361144,5
1617,1617,1024,75.80159902572632,70.64340516329486,5
1618,1618,1024,40.25599956512451,133.1853241732669,5
1619,1619,1024,73.11999797821045,73.41545235818647,5
1620,1620,1024,39.33440148830414,136.64301468011806,5
1621,1621,1024,72.58880138397217,74.13552318537431,5
1622,1622,1024,39.929598569869995,134.93875783829458,5
1623,1623,1024,74.19520020484924,72.70950381029382,5
1624,1624,1024,13.77280056476593,392.1748538069967,5
1625,1625,1024,74.726402759552,72.37067221610256,5
1626,1626,1024,40.26240110397339,134.4842309334016,5
1627,1627,1024,72.5055992603302,74.77105557785733,5
1628,1628,1024,40.08319973945618,135.41799225816106,5
1629,1629,1024,72.6144015789032,74.84268478195297,5
1630,1630,1024,39.01439905166626,139.4698196630971,5
1631,1631,1024,73.85600209236145,73.76529427069354,5
1632,1632,1024,19.16159987449646,284.6678976560845,5
1633,1633,1024,74.12480115890503,73.67816151428413,5
1634,1634,1024,39.94880020618439,136.87694898915888,5
1635,1635,1024,72.96000123023987,75.03789347156514,5
1636,1636,1024,39.78880047798157,137.76398740729434,5
1637,1637,1024,72.39680290222168,75.80675792289139,5
1638,1638,1024,40.12799859046936,136.9336698816837,5
1639,1639,1024,74.18239712715149,74.16294998623555,5
1640,1640,1024,13.708800077438354,401.8076541261581,5
1641,1641,1024,74.73919987678528,73.790197073183,5
1642,1642,1024,39.54559862613678,139.6297960792665,5
1643,1643,1024,72.90880084037781,75.82721822710685,5
1644,1644,1024,39.54559862613678,139.9701488989885,5
1645,1645,1024,72.80640006065369,76.11884663138284,5
1646,1646,1024,39.532798528671265,140.35634648975855,5
1647,1647,1024,74.14399981498718,74.92748227587593,5
1648,1648,1024,13.926400244235992,399.39764005433716,5
1649,1649,1024,74.54720139503479,74.7033227778678,5
1650,1650,1024,39.583998918533325,140.8569157319134,5
1651,1651,1024,70.80320119857788,78.84446400019729,5
1652,1652,1024,39.45600092411041,141.65665199446502,5
1653,1653,1024,71.02720141410828,78.78634552097755,5
1654,1654,1024,39.60320055484772,141.4720600735433,5
1655,1655,1024,72.40960001945496,77.46933001277232,5
1656,1656,1024,13.817599415779114,406.4601931929231,5
1657,1657,1024,71.6543972492218,78.47514413445253,5
1658,1658,1024,38.48960101604462,146.27011253385433,5
1659,1659,1024,70.73280215263367,79.6896392685911,5
1660,1660,1024,39.02080059051514,144.6271915131277,5
1661,1661,1024,69.97119784355164,80.75137173774586,5
1662,1662,1024,39.027199149131775,144.95213172697922,5
1663,1663,1024,71.08479738235474,79.67787094524289,5
1664,1664,1024,19.097599387168884,296.9325564452869,5
1665,1665,1024,67.98719763755798,83.50861628783453,5
1666,1666,1024,40.38400053977966,140.75719621687125,5
1667,1667,1024,66.17599725723267,86.00043683328079,5
1668,1668,1024,44.58880126476288,127.78981695798461,5
1669,1669,1024,66.41280055046082,85.8995386539292,5
1670,1670,1024,40.870401263237,139.75070034699306,5
1671,1671,1024,68.2752013206482,83.75675878484117,5
1672,1672,1024,15.263999998569489,375.08883860957604,5
1673,1673,1024,68.7936007976532,83.32470644850368,5
1674,1674,1024,41.00480079650879,139.96071524602146,5
1675,1675,1024,66.31680130958557,86.64350340385722,5
1676,1676,1024,41.27359986305237,139.38165963443916,5
1677,1677,1024,66.72000288963318,86.3256825921829,5
1678,1678,1024,41.440001130104065,139.15349118586087,5
1679,1679,1024,68.62720251083374,84.12693154858805,5
1680,1680,1024,14.1184002161026,409.41431830267607,5
1681,1681,1024,69.14560198783875,83.69525120365341,5
1682,1682,1024,41.96479916572571,138.0691929232971,5
1683,1683,1024,67.10399985313416,86.446970146282,5
1684,1684,1024,41.90720021724701,138.58795285517004,5
1685,1685,1024,67.21280217170715,86.51228057930426,5
1686,1686,1024,41.88799858093262,138.9810161674806,5
1687,1687,1024,69.03679966926575,84.42663246156802,5
1688,1688,1024,14.713600277900696,396.60289812036336,5
1689,1689,1024,69.45279836654663,84.12004620988893,5
1690,1690,1024,42.208001017570496,138.5825592063703,5
1691,1691,1024,67.25119948387146,87.0797418179057,5
1692,1692,1024,42.022401094436646,139.5242851264923,5
1693,1693,1024,66.99519753456116,87.61938419499059,5
1694,1694,1024,41.71519875526428,140.88425090527338,5
1695,1695,1024,68.95359754562378,85.33209882351429,5
1696,1696,1024,13.996799290180206,420.87479043390323,5
1697,1697,1024,69.15839910507202,85.28029723532823,5
1698,1698,1024,41.88160002231598,140.98797058502336,5
1699,1699,1024,66.91840291023254,88.34279646408041,5
1700,1700,1024,41.99039936065674,140.95412499328583,5
1701,1701,1024,66.93120002746582,88.53397586728373,5
1702,1702,1024,42.01599955558777,141.19989182099582,5
1703,1703,1024,69.15199756622314,85.89235656297475,5
1704,1704,1024,14.771200716495514,402.58105499569973,5
1705,1705,1024,69.58079934120178,85.56365055258318,5
1706,1706,1024,42.342400550842285,140.77078414207745,5
1707,1707,1024,67.10399985313416,88.93006028047193,5
1708,1708,1024,42.182400822639465,141.63624059997628,5
1709,1709,1024,67.46879816055298,88.65660647705504,5
1710,1710,1024,42.43200123310089,141.13302757279266,5
1711,1711,1024,69.4208025932312,86.36550981887656,5
1712,1712,1024,13.952000439167023,430.23029838424895,5
1713,1713,1024,69.54879760742188,86.40821867147118,5
1714,1714,1024,42.399999499320984,141.90109148695518,5
1715,1715,1024,67.50079989433289,89.23788769065715,5
1716,1716,1024,42.40640103816986,142.21097146564804,5
1717,1717,1024,67.25119948387146,89.77812021699316,5
1718,1718,1024,42.444801330566406,142.41369879252855,5
1719,1719,1024,69.44640278816223,87.14288840071609,5
1720,1720,1024,14.790399372577667,409.6443272000757,5
1721,1721,1024,69.54240202903748,87.22520636355358,5
1722,1722,1024,42.425599694252014,143.14238751521478,5
1723,1723,1024,66.975998878479,90.77814581058286,5
1724,1724,1024,42.182400822639465,144.30227605094194,5
1725,1725,1024,67.3471987247467,90.48750527704922,5
1726,1726,1024,42.182400822639465,144.63727832023943,5
1727,1727,1024,68.74880194664001,88.84837581229341,5
1728,1728,1024,14.131200313568115,432.75129474517325,5
1729,1729,1024,69.2799985408783,88.37146791201974,5
1730,1730,1024,41.971200704574585,146.03964378202622,5
1731,1731,1024,67.11680293083191,91.43086470200464,5
1732,1732,1024,42.48319864273071,144.6133941953365,5
1733,1733,1024,67.16799736022949,91.57241712914134,5
1734,1734,1024,42.38719940185547,145.27584683338256,5
1735,1735,1024,70.08000016212463,87.9700454585886,5
1736,1736,1024,19.571200013160706,315.3638715995744,5
1737,1737,1024,69.99679803848267,88.2777824866051,5
1738,1738,1024,42.93760061264038,144.07602715878875,5
1739,1739,1024,67.6800012588501,91.51004274235481,5
1740,1740,1024,42.399999499320984,146.2387941796862,5
1741,1741,1024,68.07680130004883,91.18603943566232,5
1742,1742,1024,42.64959990978241,145.71735925181645,5
1743,1743,1024,69.71520185470581,89.24774204867367,5
1744,1744,1024,19.219200313091278,324.1063949865299,5
1745,1745,1024,69.99040246009827,89.10094785574755,5
1746,1746,1024,42.67520010471344,146.29950773940075,5
1747,1747,1024,68.02560091018677,91.8847367515719,5
1748,1748,1024,42.52159893512726,147.16455516047193,5
1749,1749,1024,68.1984007358551,91.86189090070967,5
1750,1750,1024,42.40640103816986,147.9021998201308,5
1751,1751,1024,70.32960057258606,89.28203767515171,5
1752,1752,1024,15.257599949836731,412.0139610861451,5
1753,1753,1024,70.12479901313782,89.74745768356375,5
1754,1754,1024,42.52159893512726,148.17657204313085,5
1755,1755,1024,68.48000288009644,92.11289332222523,5
1756,1756,1024,42.46399998664856,148.71612966243347,5
1757,1757,1024,67.9040014743805,93.10609411413454,5
1758,1758,1024,42.00319945812225,150.6903082064158,5
1759,1759,1024,69.7983980178833,90.78543445046485,5
1760,1760,1024,19.750399887561798,321.2028534164104,5
1761,1761,1024,70.37439942359924,90.2472470105405,5
1762,1762,1024,42.25279986858368,150.4825936216267,5
1763,1763,1024,69.00479793548584,92.24764512681104,5
1764,1764,1024,42.27199852466583,150.75590533722885,5
1765,1765,1024,68.99840235710144,92.46563082693409,5
1766,1766,1024,42.29759871959686,151.0064987457727,5
1767,1767,1024,70.54719924926758,90.64070494714059,5
1768,1768,1024,15.2319997549057,420.27886390545916,5
1769,1769,1024,71.5071976184845,89.62638086020172,5
1770,1770,1024,42.1887993812561,152.08252650229767,5
1771,1771,1024,69.23519968986511,92.77695733923454,5
1772,1772,1024,41.99039936065674,153.14660803215145,5
1773,1773,1024,71.0591971874237,90.59977662032199,5
1774,1774,1024,41.91359877586365,153.77375926286572,5
1775,1775,1024,71.11679911613464,90.7307426683113,5
1776,1776,1024,14.572800695896149,443.2746033381993,5
1777,1777,1024,72.8767991065979,88.73920193092712,5
1778,1778,1024,41.63840115070343,155.48891055079872,5
1779,1779,1024,70.3935980796814,92.07647491840406,5
1780,1780,1024,41.43359959125519,156.6092075999479,5
1781,1781,1024,69.08800005912781,94.02756082735579,5
1782,1782,1024,41.177600622177124,157.93715645727565,5
1783,1783,1024,70.81599831581116,91.93931352862583,5
1784,1784,1024,15.263999998569489,427.0230272936885,5
1785,1785,1024,73.06879758834839,89.30472397756473,5
1786,1786,1024,40.60800075531006,160.87229330406666,5
1787,1787,1024,69.5360004901886,94.05228465682009,5
1788,1788,1024,40.26240110397339,162.61676235086387,5
1789,1789,1024,70.13760209083557,93.45439268811923,5
1790,1790,1024,40.16000032424927,163.39633334210302,5
1791,1791,1024,71.74400091171265,91.56627180695072,5
1792,1792,1024,21.5488001704216,305.1988333451295,5
1793,1793,1024,69.5743978023529,94.63266603764035,5
1794,1794,1024,38.14400136470795,172.80192670343536,5
1795,1795,1024,68.6464011669159,96.12604721921306,5
1796,1796,1024,38.48960101604462,171.63237325443373,5
1797,1797,1024,68.70399713516235,96.2596109071984,5
1798,1798,1024,38.572800159454346,171.64381545106002,5
1799,1799,1024,69.50399875640869,95.3635670838125,5
1800,1800,1024,21.433599293231964,309.5849609400546,5
1801,1801,1024,70.36160230636597,94.41079552275892,5
1802,1802,1024,39.46239948272705,168.521779698441,5
1803,1803,1024,68.87680292129517,96.66036386165656,5
1804,1804,1024,39.02080059051514,170.80746338198108,5
1805,1805,1024,68.97280216217041,96.74009161338147,5
1806,1806,1024,39.05920088291168,171.01810526088906,5
1807,1807,1024,70.28480172157288,95.14475090206386,5
1808,1808,1024,15.590399503707886,429.4074356726912,5
1809,1809,1024,70.48959732055664,95.07844196530128,5
1810,1810,1024,40.140798687934875,167.14796464716738,5
1811,1811,1024,69.13279891014099,97.15892765647467,5
1812,1812,1024,40.166398882865906,167.4107885949525,5
1813,1813,1024,69.17759776115417,97.31058507180646,5
1814,1814,1024,39.23200070858002,171.77662332490104,5
1815,1815,1024,70.35520076751709,95.89302178659811,5
1816,1816,1024,17.01119989156723,397.03308003264885,5
1817,1817,1024,70.5024003982544,95.9038193565876,5
1818,1818,1024,39.5904004573822,170.97311150682847,5
1819,1819,1024,68.6784029006958,98.66773602464404,5
1820,1820,1024,39.84000086784363,170.27598022658324,5
1821,1821,1024,68.71039867401123,98.83877985078114,5
1822,1822,1024,39.62239921092987,171.58761123492417,5
1823,1823,1024,69.63840126991272,97.73598571885381,5
1824,1824,1024,20.985600352287292,324.682007358315,5
1825,1825,1024,70.278400182724,97.05855543474343,5
1826,1826,1024,39.29600119590759,173.7733367310451,5
1827,1827,1024,68.26879978179932,100.1347411094009,5
1828,1828,1024,39.40480053424835,173.67335804813868,5
1829,1829,1024,68.14079880714417,100.54260718883306,5
1830,1830,1024,39.57119882106781,173.32169366444597,5
1831,1831,1024,69.86240148544312,98.27954353144652,5
1832,1832,1024,17.11360067129135,401.64234774570906,5
1833,1833,1024,70.11200189590454,98.14371984722837,5
1834,1834,1024,39.59679901599884,173.96766554833687,5
1835,1835,1024,68.01279783248901,101.39381145567012,5
1836,1836,1024,39.40480053424835,175.19680126282577,5
1837,1837,1024,67.85920262336731,101.84495315039494,5
1838,1838,1024,39.43040072917938,175.46470702946846,5
1839,1839,1024,69.48480010032654,99.67898300059227,5
1840,1840,1024,15.430399775505066,449.3538016433568,5
1841,1841,1024,69.61920261383057,99.70305931974364,5
1842,1842,1024,39.71840143203735,174.95140845207885,5
1843,1843,1024,67.37920045852661,103.241610239673,5
1844,1844,1024,39.29600119590759,177.21620307577865,5
1845,1845,1024,67.41120219230652,103.41668703833967,5
1846,1846,1024,39.16800022125244,178.18122775165872,5
1847,1847,1024,69.12639737129211,101.06943074833943,5
1848,1848,1024,16.652800142765045,419.99741377060013,5
1849,1849,1024,69.55519914627075,100.66399829113857,5
1850,1850,1024,39.43040072917938,177.76334681815638,5
1851,1851,1024,67.07199811935425,104.6168273608539,5
1852,1852,1024,39.09760117530823,179.66430627043766,5
1853,1853,1024,66.77759885787964,105.30524236078058,5
1854,1854,1024,39.28320109844208,179.20187182197793,5
1855,1855,1024,68.70399713516235,102.57364191105077,5
1856,1856,1024,22.950400412082672,307.39417183701323,5
1857,1857,1024,68.95999908447266,102.41333593042648,5
1858,1858,1024,39.02080059051514,181.1862331117452,5
1859,1859,1024,66.61120057106018,106.25306596072589,5
1860,1860,1024,39.62239921092987,178.81958036618653,5
1861,1861,1024,66.53439998626709,106.60472491619362,5
1862,1862,1024,39.20640051364899,181.10578933478197,5
1863,1863,1024,68.98559927940369,103.03795264879582,5
1864,1864,1024,16.64000004529953,427.6302757589273,5
1865,1865,1024,69.4208025932312,102.61196260923899,5
1866,1866,1024,39.129599928855896,182.24172751485898,5
1867,1867,1024,66.73280000686646,106.97424761534756,5
1868,1868,1024,39.08480107784271,182.8419271667032,5
1869,1869,1024,66.64959788322449,107.33738769938834,5
1870,1870,1024,39.55200016498566,181.06925490812526,5
1871,1871,1024,68.92799735069275,104.01162145367257,5
1872,1872,1024,15.411199629306793,465.69888163357894,5
1873,1873,1024,69.18399930000305,103.84840808125533,5
1874,1874,1024,39.18080031871796,183.56751239111344,5
1875,1875,1024,66.73280000686646,107.8929701624862,5
1876,1876,1024,39.052799344062805,184.56249408650353,5
1877,1877,1024,66.89280271530151,107.86464162234165,5
1878,1878,1024,38.9631986618042,185.38155695827913,5
1879,1879,1024,68.6464011669159,105.3333116534135,5
1880,1880,1024,17.209599912166595,420.60543167436816,5
1881,1881,1024,68.8256025314331,105.28282298277932,5
1882,1882,1024,39.85280096530914,182.0163244815415,5
1883,1883,1024,66.566401720047,109.08763106258034,5
1884,1884,1024,39.001598954200745,186.38430430855573,5
1885,1885,1024,66.72000288963318,109.06781302209275,5
1886,1886,1024,38.75199854373932,187.98328039204844,5
1887,1887,1024,68.41599941253662,106.58990549897197,5
1888,1888,1024,16.256000101566315,449.076406643022,5
1889,1889,1024,68.85759830474854,106.13093671459107,5
1890,1890,1024,39.41119909286499,185.6239081374316,5
1891,1891,1024,66.82239770889282,109.59505404017239,5
1892,1892,1024,39.62239921092987,185.02544060930302,5
1893,1893,1024,66.84160232543945,109.79544619933301,5
1894,1894,1024,39.08480107784271,187.9671669140167,5
1895,1895,1024,69.23519968986511,106.22370171449894,5
1896,1896,1024,17.44000017642975,422.14352600466304,5
1897,1897,1024,69.31840181350708,106.32027050808209,5
1898,1898,1024,39.02080059051514,189.07155364191368,5
1899,1899,1024,67.02079772949219,110.19713131152491,5
1900,1900,1024,39.86560106277466,185.45512429018987,5
1901,1901,1024,66.85439944267273,110.70422454914686,5
1902,1902,1024,39.904001355171204,185.66691911561594,5
1903,1903,1024,68.7936007976532,107.81010945792809,5
1904,1904,1024,16.512000560760498,449.63917852834976,5
1905,1905,1024,68.6847984790802,108.20797854220523,5
1906,1906,1024,38.969600200653076,190.91928297163582,5
1907,1907,1024,66.5727972984314,111.87538235193685,5
1908,1908,1024,38.93119990825653,191.50887436220017,5
1909,1909,1024,66.457599401474,112.30450024101327,5
1910,1910,1024,38.784000277519226,192.63894251595994,5
1911,1911,1024,67.96159744262695,110.0494174568788,5
1912,1912,1024,17.446400225162506,429.14088954589846,5
1913,1913,1024,68.39680075645447,109.57818536991633,5
1914,1914,1024,38.950398564338684,192.6202371358811,5
1915,1915,1024,66.29120111465454,113.29522883452042,5
1916,1916,1024,38.547199964523315,195.0419925421157,5
1917,1917,1024,66.28479957580566,113.54296490544263,5
1918,1918,1024,38.30400109291077,196.6903335692099,5
1919,1919,1024,67.43680238723755,111.83633655541334,5
1920,1920,1024,18.464000523090363,408.89010973318483,5
1921,1921,1024,68.69760155677795,110.0127718688068,5
1922,1922,1024,39.00800049304962,193.94698360271002,5
1923,1923,1024,66.15039706230164,114.48697102856804,5
1924,1924,1024,38.5919988155365,196.4458302415764,5
1925,1925,1024,66.61120057106018,113.93159010704214,5
1926,1926,1024,38.8480007648468,195.5572152602113,5
1927,1927,1024,68.4224009513855,111.1463159178428,5
1928,1928,1024,22.31680005788803,341.12385343118245,5
1929,1929,1024,68.74240040779114,110.85868289138598,5
1930,1930,1024,39.98720049858093,190.7759259183629,5
1931,1931,1024,66.96959733963013,114.02939290902681,5
1932,1932,1024,39.32799994945526,194.3758635533126,5
1933,1933,1024,67.04639792442322,114.13483362112822,5
1934,1934,1024,39.22559916973114,195.2869873281914,5
1935,1935,1024,69.10719871520996,110.96055031257248,5
1936,1936,1024,21.510399878025055,356.8553188935309,5
1937,1937,1024,69.61920261383057,110.37231429699669,5
1938,1938,1024,39.30239975452423,195.71243893611236,5
1939,1939,1024,67.89759993553162,113.40472439837373,5
1940,1940,1024,40.12160003185272,192.11229845970004,5
1941,1941,1024,68.04479956626892,113.39295783339874,5
1942,1942,1024,40.089601278305054,192.66226716452272,5
1943,1943,1024,69.63840126991272,111.02652862509765,5
1944,1944,1024,17.77919977903366,435.3216468790177,5
1945,1945,1024,70.28480172157288,110.23201332617518,5
1946,1946,1024,39.73760008811951,195.17041670361772,5
1947,1947,1024,68.22400093078613,113.79539056755436,5
1948,1948,1024,42.451199889183044,183.07029747774607,5
1949,1949,1024,68.1663990020752,114.12565372219775,5
1950,1950,1024,42.53439903259277,183.08757563572647,5
1951,1951,1024,69.46560144424438,112.2211437880799,5
1952,1952,1024,16.857600212097168,462.9070860513192,5
1953,1953,1024,69.74719762802124,111.9973317589135,5
1954,1954,1024,42.22080111503601,185.2049549390302,5
1955,1955,1024,68.4607982635498,114.33561101445052,5
1956,1956,1024,42.61760115623474,183.85635782913377,5
1957,1957,1024,68.55040192604065,114.4199090249306,5
1958,1958,1024,42.45760142803192,184.92680716570453,5
1959,1959,1024,69.76640224456787,112.65552522614078,5
1960,1960,1024,17.40799993276596,451.9529429220256,5
1961,1961,1024,69.9392020702362,112.60676094203833,5
1962,1962,1024,42.62399971485138,184.95827150761534,5
1963,1963,1024,68.40959787368774,115.35953955717329,5
1964,1964,1024,42.713600397109985,184.94676483733033,5
1965,1965,1024,68.69120001792908,115.12084223213441,5
1966,1966,1024,42.80959963798523,184.9080476094017,5
1967,1967,1024,70.44479846954346,112.48373824826635,5
1968,1968,1024,17.03680008649826,465.57763850772125,5
1969,1969,1024,70.89920043945312,111.99020692455703,5
1970,1970,1024,43.38560104370117,183.1963372362666,5
1971,1971,1024,69.19040083885193,114.98927989346817,5
1972,1972,1024,43.142399191856384,184.60330860559415,5
1973,1973,1024,69.20959949493408,115.19079795547071,5
1974,1974,1024,43.30880045890808,184.26722429248287,5
1975,1975,1024,70.73919773101807,112.92862028737956,5
1976,1976,1024,17.472000420093536,457.6792270908834,5
1977,1977,1024,71.00800275802612,112.72908800543927,5
1978,1978,1024,43.142399191856384,185.7283642563972,5
1979,1979,1024,69.13279891014099,116.02121271591436,5
1980,1980,1024,42.976000905036926,186.82471684002078,5
1981,1981,1024,69.06880140304565,116.36355582747376,5
1982,1982,1024,42.91839897632599,187.45358037325153,5
1983,1983,1024,70.24639844894409,114.64399670046078,5
1984,1984,1024,21.747200191020966,370.6892021589258,5
1985,1985,1024,70.80960273742676,113.96167310701185,5
1986,1986,1024,43.07200014591217,187.53977945383693,5
1987,1987,1024,69.34400200843811,116.60489556135042,5
1988,1988,1024,42.99519956111908,188.25336304100944,5
1989,1989,1024,69.04320120811462,117.34878548834956,5
1990,1990,1024,43.0400013923645,188.43597903411785,5
1991,1991,1024,70.71999907493591,114.79691733872322,5
1992,1992,1024,17.96479970216751,452.36213076283286,5
1993,1993,1024,70.70720195770264,115.04848341851016,5
1994,1994,1024,42.950400710105896,189.58895827214096,5
1995,1995,1024,69.01119947433472,118.11258552362061,5
1996,1996,1024,42.87999868392944,190.28136703413495,5
1997,1997,1024,68.69120001792908,118.90085527503112,5
1998,1998,1024,42.85440146923065,190.7767676529114,5
1999,1999,1024,70.28480172157288,116.43783360760484,5
2000,2000,1024,17.241600155830383,475.129914042799,5
2001,2001,1024,70.46399712562561,116.37423907957444,5
2002,2002,1024,42.69439876079559,192.25922908504356,5
2003,2003,1024,68.13439726829529,120.59392555635618,5
2004,2004,1024,42.4703985452652,193.65960880338716,5
2005,2005,1024,68.12160015106201,120.85757207321925,5
2006,2006,1024,42.265599966049194,194.98660221598539,5
2007,2007,1024,69.70880031585693,118.34150515603504,5
2008,2008,1024,17.919999361038208,460.80733071642175,5
2009,2009,1024,69.61920261383057,118.73008563240705,5
2010,2010,1024,42.27199852466583,195.73535883741158,5
2011,2011,1024,67.46240258216858,122.77000953104454,5
2012,2012,1024,42.054399847984314,197.13986983450846,5
2013,2013,1024,67.33440160751343,123.24817498747898,5
2014,2014,1024,41.61919951438904,199.59752962398963,5
2015,2015,1024,68.87040138244629,120.73896235661284,5
2016,2016,1024,16.90880060195923,492.2641459877138,5
2017,2017,1024,69.651198387146,119.62257742772204,5
2018,2018,1024,41.92639887332916,198.92286903050575,5
2019,2019,1024,67.59679913520813,123.50270182618308,5
2020,2020,1024,41.83039963245392,199.7747875570504,5
2021,2021,1024,67.44319796562195,124.02933758069845,5
2022,2022,1024,42.06719994544983,199.04379761091474,5
2023,2023,1024,69.2799985408783,120.98007460341589,5
2024,2024,1024,17.721599340438843,473.42158497260345,5
2025,2025,1024,69.62559819221497,120.61770696483602,5
2026,2026,1024,41.625601053237915,201.95207361086494,5
2027,2027,1024,67.16799736022949,125.27806876347891,5
2028,2028,1024,41.10080003738403,204.93473665570286,5
2029,2029,1024,66.61120057106018,126.5746645566849,5
2030,2030,1024,41.152000427246094,205.08366816628123,5
2031,2031,1024,68.35200190544128,123.59433363322586,5
2032,2032,1024,16.972799599170685,498.22311885501693,5
2033,2033,1024,67.84639954566956,124.76072906864032,5
2034,2034,1024,40.3903990983963,209.77498804502818,5
2035,2035,1024,65.70240259170532,129.0855199421691,5
2036,2036,1024,40.115201473236084,211.62965400196327,5
2037,2037,1024,65.42720198631287,129.88340405841797,5
2038,2038,1024,39.88479971885681,213.27055349304905,5
2039,2039,1024,66.29120111465454,128.44243074240717,5
2040,2040,1024,17.99039989709854,473.75026951872076,5
2041,2041,1024,66.07360243797302,129.11835246169332,5
2042,2042,1024,39.51359987258911,216.11993590905493,5
2043,2043,1024,64.69119787216187,132.13610248633876,5
2044,2044,1024,39.01439905166626,219.31423105271605,5
2045,2045,1024,64.39039707183838,133.0134241980917,5
2046,2046,1024,38.419198989868164,223.14795189407513,5
2047,2047,1024,64.99199867248535,132.04006965911384,5
2048,2048,1024,16.95999950170517,506.4820073335712,5
2049,2049,1024,111.19999885559082,77.32306957274488,5
2050,2050,1024,63.30239772796631,135.9619905234276,5
2051,2051,1024,112.32000589370728,76.70155267043715,5
2052,2052,1024,63.865602016448975,135.02607851060358,5
2053,2053,1024,111.1232042312622,77.6789050650106,5
2054,2054,1024,63.82079720497131,135.3843942163568,5
2055,2055,1024,114.00320529937744,75.86414063787056,5
2056,2056,1024,23.104000091552734,374.70457469246765,5
2057,2057,1024,116.01279973983765,74.69518856051121,5
2058,2058,1024,65.3760015964508,132.67904521819065,5
2059,2059,1024,113.96479606628418,76.18543083208003,5
2060,2060,1024,65.84960222244263,131.98094607529765,5
2061,2061,1024,113.2159948348999,76.83837094472405,5
2062,2062,1024,66.11199975013733,131.71249614154823,5
2063,2063,1024,116.2943959236145,74.94965206857489,5
2064,2064,1024,17.734399437904358,491.9634656109325,5
2065,2065,1024,116.71040058135986,74.82737405148444,5
2066,2066,1024,66.62399768829346,131.20787390901327,5
2067,2067,1024,114.5408034324646,76.39249254226854,5
2068,2068,1024,66.95039868354797,130.82111718854145,5
2069,2069,1024,114.1759991645813,76.78495123447645,5
2070,2070,1024,67.31520295143127,130.36394180273973,5
2071,2071,1024,118.34880113601685,74.2209121147303,5
2072,2072,1024,18.34239959716797,479.3506316020689,5
2073,2073,1024,118.75840425491333,74.10784817476093,5
2074,2074,1024,67.85280108451843,129.83138068282332,5
2075,2075,1024,115.43680429458618,76.38742300503505,5
2076,2076,1024,67.7951991558075,130.1924230315342,5
2077,2077,1024,115.283203125,76.63672028977552,5
2078,2078,1024,67.69279837608337,130.64072167423478,5
2079,2079,1024,118.04800033569336,74.98601876209418,5
2080,2080,1024,23.705600202083588,373.77105512904143,5
2081,2081,1024,118.78399848937988,74.6648457771267,5
2082,2082,1024,68.1984007358551,130.17189048734795,5
2083,2083,1024,116.44799709320068,76.30912419118673,5
2084,2084,1024,68.26239824295044,130.29982709285426,5
2085,2085,1024,115.82080125808716,76.86975658336972,5
2086,2086,1024,68.09599995613098,130.86905271588782,5
2087,2087,1024,120.17920017242432,74.22420268400808,5
2088,2088,1024,18.57919991016388,480.5780526165426,5
2089,2089,1024,121.04959487915039,73.83180602068553,5
2090,2090,1024,68.70399713516235,130.20885498700557,5
2091,2091,1024,117.29919910430908,76.33838556763898,5
2092,2092,1024,68.74880194664001,130.3731558690537,5
2093,2093,1024,117.49759912490845,76.35534018412217,5
2094,2094,1024,68.62720251083374,130.85400248658485,5
2095,2095,1024,120.36479711532593,74.67900428883351,5
2096,2096,1024,17.849600315093994,504.0620635293268,5
2097,2097,1024,120.30080556869507,74.86145740609682,5
2098,2098,1024,68.99840235710144,130.64773507864004,5
2099,2099,1024,117.72160530090332,76.64761642466969,5
2100,2100,1024,69.47199702262878,130.00461174389667,5
2101,2101,1024,117.4847960472107,76.94854102114802,5
2102,2102,1024,69.12000179290771,130.91567067824485,5
2103,2103,1024,120.79360485076904,74.98330100496487,5
2104,2104,1024,19.513599574565887,464.60516591807186,5
2105,2105,1024,121.0047960281372,74.99487208663906,5
2106,2106,1024,69.33119893074036,131.01408122300018,5
2107,2107,1024,118.19519996643066,76.92352612104612,5
2108,2108,1024,69.6832001209259,130.59997038320688,5
2109,2109,1024,118.5920000076294,76.81176038361757,5
2110,2110,1024,69.47199702262878,131.24569885374206,5
2111,2111,1024,119.94240283966064,76.09106697820948,5
2112,2112,1024,23.481599986553192,389.0362716863969,5
2113,2113,1024,120.41599750518799,75.93548283820053,5
2114,2114,1024,69.85599994659424,131.01958049411934,5
2115,2115,1024,118.42559576034546,77.35797942312396,5
2116,2116,1024,70.43840289115906,130.18225160739604,5
2117,2117,1024,118.08639764785767,77.72698003178114,5
2118,2118,1024,69.9455976486206,131.34739941965714,5
2119,2119,1024,120.8448052406311,76.09635937340335,5
2120,2120,1024,24.87040013074875,370.0998436538982,5
2121,2121,1024,122.1951961517334,75.39753654930655,5
2122,2122,1024,70.34239768981934,131.1002572398053,5
2123,2123,1024,118.4000015258789,77.96114926554668,5
2124,2124,1024,70.20159959793091,131.61093338209798,5
2125,2125,1024,117.51680374145508,78.69512874385374,5
2126,2126,1024,70.04160284996033,132.16011158153046,5
2127,2127,1024,120.4800009727478,76.90418423963831,5
2128,2128,1024,19.21280026435852,482.7058161430195,5
2129,2129,1024,122.7903962135315,75.59914337158096,5
2130,2130,1024,70.24639844894409,132.27113994681483,5
2131,2131,1024,110.87360382080078,83.88198279395326,5
2132,2132,1024,70.36160230636597,132.30267712589833,5
2133,2133,1024,110.93759536743164,83.99103154470797,5
2134,2134,1024,70.38080096244812,132.5148586043541,5
2135,2135,1024,113.31839561462402,82.38066511061038,5
2136,2136,1024,25.574401021003723,365.3650304586205,5
2137,2137,1024,113.42079639434814,82.4605646347415,5
2138,2138,1024,70.46399712562561,132.85505355749268,5
2139,2139,1024,110.90559959411621,84.48858707127998,5
2140,2140,1024,70.65600156784058,132.74202603999186,5
2141,2141,1024,110.06720066070557,85.29142407227114,5
2142,2142,1024,70.04799842834473,134.144587751671,5
2143,2143,1024,112.0576024055481,83.93304291806203,5
2144,2144,1024,21.984000504016876,428.2257601968246,5
2145,2145,1024,113.0560040473938,83.34718071275418,5
2146,2146,1024,71.25759720802307,132.36044348318362,5
2147,2147,1024,111.09119653701782,84.97954407084131,5
2148,2148,1024,70.20800113677979,134.58972252451463,5
2149,2149,1024,110.27840375900269,85.76543843225407,5
2150,2150,1024,70.09919881820679,135.0497603339395,5
2151,2151,1024,113.13920021057129,83.75247863131551,5
2152,2152,1024,20.927999913692474,453.1967235815314,5
2153,2153,1024,113.25440406799316,83.82294454792782,5
2154,2154,1024,70.22079825401306,135.31800555196565,5
2155,2155,1024,109.93280410766602,86.51615209128252,5
2156,2156,1024,70.08000016212463,135.8417823341424,5
2157,2157,1024,110.099196434021,86.54581923048102,5
2158,2158,1024,69.67039704322815,136.89404218670268,5
2159,2159,1024,112.41600513458252,84.91943363910976,5
2160,2160,1024,20.025600492954254,477.14668048840053,5
2161,2161,1024,112.1664047241211,85.2661563997093,5
2162,2162,1024,69.46560144424438,137.80708023788605,5
2163,2163,1024,109.52960252761841,87.48054490185817,5
2164,2164,1024,69.54879760742188,137.89700667631018,5
2165,2165,1024,109.59359407424927,87.59122174144974,5
2166,2166,1024,69.18399930000305,138.88047504070173,5
2167,2167,1024,110.68799495697021,86.88548993717579,5
2168,2168,1024,20.985600352287292,458.69827836261175,5
2169,2169,1024,111.09119653701782,86.73001307344317,5
2170,2170,1024,68.84480118751526,140.0806892263765,5
2171,2171,1024,108.6143970489502,88.87143721517623,5
2172,2172,1024,70.0160026550293,137.9914828843203,5
2173,2173,1024,108.62079858779907,89.0300082279661,5
2174,2174,1024,68.66559982299805,140.9645189578333,5
2175,2175,1024,110.80960035324097,87.43213556510797,5
2176,2176,1024,24.755200743675232,391.7249934027528,5
2177,2177,1024,110.84799766540527,87.56266235226012,5
2178,2178,1024,72.41600155830383,134.15632764780824,5
2179,2179,1024,110.28480529785156,88.17160207825503,5
2180,2180,1024,72.49280214309692,134.2604356883287,5
2181,2181,1024,109.13280248641968,89.2659796692407,5
2182,2182,1024,72.76800274848938,133.99820777961946,5
2183,2183,1024,111.48799657821655,87.54055836991276,5
2184,2184,1024,20.99200040102005,465.3517959882146,5
2185,2185,1024,112.24960088729858,87.1059916713376,5
2186,2186,1024,73.45280051231384,133.2360990968527,5
2187,2187,1024,109.97120141983032,89.07350638649697,5
2188,2188,1024,73.78559708595276,132.87797211397196,5
2189,2189,1024,110.14399528503418,89.09650119922064,5
2190,2190,1024,73.80480170249939,133.08636529630246,5
2191,2191,1024,112.55040168762207,87.3509551328525,5
2192,2192,1024,20.396800339221954,482.4463302255066,5
2193,2193,1024,113.6512041091919,86.6628913366999,5
2194,2194,1024,74.30400252342224,132.6755786122348,5
2195,2195,1024,110.73919534683228,89.10408974072664,5
2196,2196,1024,74.22720193862915,133.05510257770064,5
2197,2197,1024,110.73919534683228,89.26654018967253,5
2198,2198,1024,74.26559925079346,133.22865353293824,5
2199,2199,1024,114.06079530715942,86.82484477975918,5
2200,2200,1024,21.04319930076599,471.0462443626233,5
2201,2201,1024,113.70879411697388,87.25211910869253,5
2202,2202,1024,70.6816017627716,140.49413630054957,5
2203,2203,1024,110.62400341033936,89.84824021538735,5
2204,2204,1024,70.38080096244812,141.35101379860677,5
2205,2205,1024,110.93120574951172,89.76218308204794,5
2206,2206,1024,70.169597864151,142.0338897665505,5
2207,2207,1024,112.95360326766968,88.31501132691402,5
2208,2208,1024,25.459200143814087,392.17809733217325,5
2209,2209,1024,113.67679834365845,87.91228142956844,5
2210,2210,1024,70.6496000289917,141.5809402444646,5
2211,2211,1024,110.86080074310303,90.30866583040495,5
2212,2212,1024,70.40640115737915,142.32724791032365,5
2213,2213,1024,110.83519458770752,90.4930220884223,5
2214,2214,1024,70.56000232696533,142.27434632840888,5
2215,2215,1024,114.23360109329224,87.9596607638592,5
2216,2216,1024,21.31199985742569,471.8948740277819,5
2217,2217,1024,114.50879573822021,87.9068040765377,5
2218,2218,1024,70.65600156784058,142.59489538657633,5
2219,2219,1024,111.02720499038696,90.8270376514758,5
2220,2220,1024,70.78400254249573,142.59384659606343,5
2221,2221,1024,111.0975980758667,90.93318436192652,5
2222,2222,1024,70.72640061378479,142.96723068400044,5
2223,2223,1024,114.73920345306396,88.2057804779866,5
2224,2224,1024,19.705599546432495,514.0553284933619,5
2225,2225,1024,114.61759805679321,88.45831854700157,5
2226,2226,1024,70.79039812088013,143.3527133252098,5
2227,2227,1024,111.21920347213745,91.3251945249235,5
2228,2228,1024,70.83520293235779,143.51958928822413,5
2229,2229,1024,111.17440462112427,91.52616740046456,5
2230,2230,1024,70.57920098304749,144.2988735795724,5
2231,2231,1024,114.7968053817749,88.7972038429071,5
2232,2232,1024,20.921599864959717,487.6670817650037,5
2233,2233,1024,114.76479768753052,88.98129110813177,5
2234,2234,1024,70.98240256309509,143.9943974693539,5
2235,2235,1024,111.5007996559143,91.75020117855595,5
2236,2236,1024,71.1296021938324,143.95381236769873,5
2237,2237,1024,111.80800199508667,91.6619376889533,5
2238,2238,1024,70.8736002445221,144.73235276054473,5
2239,2239,1024,114.07999992370605,89.99712320184287,5
2240,2240,1024,20.281599462032318,506.6683630764439,5
2241,2241,1024,114.56639766693115,89.7752054481221,5
2242,2242,1024,71.07200026512146,144.8447072489667,5
2243,2243,1024,111.95520162582397,92.03313649004531,5
2244,2244,1024,71.29600048065186,144.64735270527072,5
2245,2245,1024,112.51840591430664,91.73584638109033,5
2246,2246,1024,71.14239931106567,145.21816621375973,5
2247,2247,1024,117.13919639587402,88.27421350112846,5
2248,2248,1024,20.96640020608902,493.62675949466507,5
2249,2249,1024,117.0367956161499,88.50879754068208,5
2250,2250,1024,71.57120108604431,144.86273588639912,5
2251,2251,1024,113.6512041091919,91.30759440111123,5
2252,2252,1024,71.03360295295715,146.21868749750095,5
2253,2253,1024,113.61919641494751,91.49568699671218,5
2254,2254,1024,71.29600048065186,145.939417328517,5
2255,2255,1024,117.58719682693481,88.56517955205234,5
2256,2256,1024,19.87839937210083,524.3565909350385,5
2257,2257,1024,116.71040058135986,89.38888308182383,5
2258,2258,1024,71.18080258369446,146.69487689075228,5
2259,2259,1024,114.1759991645813,91.53508587155027,5
2260,2260,1024,71.20000123977661,146.91523339688106,5
2261,2261,1024,114.18240070343018,91.69209741169404,5
2262,2262,1024,71.10400199890137,147.3740804654274,5
2263,2263,1024,117.740797996521,89.07833385255216,5
2264,2264,1024,20.91519981622696,501.90414149692333,5
2265,2265,1024,117.68319606781006,89.27953311147286,5
2266,2266,1024,71.03360295295715,148.04233279514676,5
2267,2267,1024,114.66879844665527,91.78838545950603,5
2268,2268,1024,70.97600102424622,148.42413491852375,5
2269,2269,1024,114.6880030632019,91.93501540165045,5
2270,2270,1024,70.8736002445221,148.90084832138416,5
2271,2271,1024,117.72799491882324,89.71901012399896,5
2272,2272,1024,25.299200415611267,417.86867008953135,5
2273,2273,1024,117.73439645767212,89.8722184030909,5
2274,2274,1024,70.86719870567322,149.43956924252174,5
2275,2275,1024,114.58560228347778,92.50446643180389,5
2276,2276,1024,70.84159851074219,149.75664963843647,5
2277,2277,1024,114.9440050125122,92.37824096040629,5
2278,2278,1024,70.84800004959106,150.00640278569648,5
2279,2279,1024,117.83039569854736,90.27370488692279,5
2280,2280,1024,21.70879989862442,490.4150966297592,5
2281,2281,1024,118.2528018951416,90.10918944185953,5
2282,2282,1024,70.88000178337097,150.46570095462525,5
2283,2283,1024,115.74399471282959,92.22386265899985,5
2284,2284,1024,70.45120000839233,151.64697672612147,5
2285,2285,1024,115.5392050743103,92.54926752458299,5
2286,2286,1024,70.25920152664185,152.32780867772468,5
2287,2287,1024,117.53599643707275,91.13629897828753,5
2288,2288,1024,20.243200659751892,529.6180921288858,5
2289,2289,1024,117.65120029449463,91.206370875437,5
2290,2290,1024,70.00319957733154,153.4203702808722,5
2291,2291,1024,115.34719467163086,93.19081160665405,5
2292,2292,1024,70.4255998134613,152.76667434138858,5
2293,2293,1024,115.28960466384888,93.40022271215683,5
2294,2294,1024,69.33119893074036,155.44904882960913,5
2295,2295,1024,116.37760400772095,92.68851418597995,5
2296,2296,1024,24.15360063314438,446.9838568575568,5
2297,2297,1024,116.37120246887207,92.85524083924794,5
2298,2298,1024,68.95999908447266,156.83130417029216,5
2299,2299,1024,114.60479497909546,94.4506837604347,5
2300,2300,1024,69.0176010131836,156.97329146416618,5
2301,2301,1024,114.27839994430542,94.88532262688835,5
2302,2302,1024,68.46719980239868,158.51049587717748,5
2303,2303,1024,115.65439701080322,93.91948004350726,5
2304,2304,1024,22.89920002222061,474.7605137930815,5
2305,2305,1024,117.49759912490845,92.60678755174078,5
2306,2306,1024,72.90239930152893,149.38491232580876,5
2307,2307,1024,116.10239744186401,93.88235034042206,5
2308,2308,1024,73.3951985836029,148.63938898636965,5
2309,2309,1024,116.65279865264893,93.60146703820257,5
2310,2310,1024,69.0559983253479,158.25320124274583,5
2311,2311,1024,118.70080232620239,92.14593662089811,5
2312,2312,1024,27.89120078086853,392.49886005299135,5
2313,2313,1024,119.70560550689697,91.53068868916682,5
2314,2314,1024,69.72159743309021,157.28573371434808,5
2315,2315,1024,117.08799600601196,93.73883894499694,5
2316,2316,1024,70.12479901313782,156.65181565713917,5
2317,2317,1024,117.50400066375732,93.56843520129755,5
2318,2318,1024,70.17599940299988,156.8079976860236,5
2319,2319,1024,119.94880437850952,91.81962742409168,5
2320,2320,1024,24.57599937915802,448.5333446642387,5
2321,2321,1024,120.93440294265747,91.22846518067544,5
2322,2322,1024,71.14880084991455,155.19824227667587,5
2323,2323,1024,117.96480417251587,93.68626404734783,5
2324,2324,1024,71.1359977722168,155.49369087952982,5
2325,2325,1024,118.01600456237793,93.80693780518995,5
2326,2326,1024,71.25759720802307,155.49563389926442,5
2327,2327,1024,121.02400064468384,91.63285408617944,5
2328,2328,1024,24.166400730609894,459.28676577564494,5
2329,2329,1024,121.36319875717163,91.53388903523403,5
2330,2330,1024,71.38559818267822,155.75112463928176,5
2331,2331,1024,117.66400337219238,94.57380854873983,5
2332,2332,1024,71.38559818267822,156.01862330128264,5
2333,2333,1024,116.80639982223511,95.43172881763681,5
2334,2334,1024,70.905601978302,157.34433354665063,5
2335,2335,1024,120.15360593795776,92.93234866180987,5
2336,2336,1024,23.104000091552734,483.71377093640416,5
2337,2337,1024,119.92959976196289,93.26549354121624,5
2338,2338,1024,71.32160067558289,156.96321459359208,5
2339,2339,1024,116.60799980163574,96.08642826444253,5
2340,2340,1024,71.96159958839417,155.8335120973128,5
2341,2341,1024,116.7680025100708,96.11893024402815,5
2342,2342,1024,71.6543972492218,156.76925217763934,5
2343,2343,1024,119.94880437850952,93.72999764568144,5
2344,2344,1024,23.35360050201416,481.82720805853995,5
2345,2345,1024,120.95999717712402,93.10518735800594,5
2346,2346,1024,71.94880247116089,156.66154238658774,5
2347,2347,1024,116.80639982223511,96.58050970810353,5
2348,2348,1024,72.00000286102295,156.8171742130898,5
2349,2349,1024,117.1072006225586,96.49668327758806,5
2350,2350,1024,71.74400091171265,157.6449578539404,5
2351,2351,1024,121.38240337371826,93.25657865867356,5
2352,2352,1024,20.24960070848465,559.4845821948958,5
2353,2353,1024,121.343994140625,93.44488214933253,5
2354,2354,1024,71.9103991985321,157.81605017472435,5
2355,2355,1024,117.24799871444702,96.87380018879985,5
2356,2356,1024,72.0960021018982,157.67736069377278,5
2357,2357,1024,116.94079637527466,97.29333051134934,5
2358,2358,1024,72.03840017318726,158.07147083533278,5
2359,2359,1024,120.78080177307129,94.35999861478808,5
2360,2360,1024,23.43039959669113,486.8265585026918,5
2361,2361,1024,121.74079418182373,93.77472427976386,5
2362,2362,1024,72.29440212249756,158.04656759785746,5
2363,2363,1024,116.63999557495117,98.04148959052108,5
2364,2364,1024,72.37120270729065,158.14632588449453,5
2365,2365,1024,117.07520484924316,97.84244934484991,5
2366,2366,1024,71.95519804954529,159.32989135970354,5
2367,2367,1024,120.72960138320923,95.04137295690448,5
2368,2368,1024,23.27679991722107,493.366974534317,5
2369,2369,1024,120.47359943389893,95.40435233950431,5
2370,2370,1024,72.31360077857971,159.07673074146612,5
2371,2371,1024,116.89599752426147,98.49029061589965,5
2372,2372,1024,72.33920097351074,159.2889370760322,5
2373,2373,1024,117.91360378265381,97.80510324540303,5
2374,2374,1024,72.17280268669128,159.92553452726597,5
2375,2375,1024,121.74079418182373,94.89013175605479,5
2376,2376,1024,23.916800320148468,483.4145827717572,5
2377,2377,1024,121.68320417404175,95.0949991048025,5
2378,2378,1024,72.32639789581299,160.1241423454111,5
2379,2379,1024,117.55520105361938,98.60001653787423,5
2380,2380,1024,72.67199754714966,159.63082881371824,5
2381,2381,1024,117.04959869384766,99.19249495564709,5
2382,2382,1024,72.51840233802795,160.23789793155,5
2383,2383,1024,120.7360029220581,96.32549356058931,5
2384,2384,1024,23.51360023021698,495.02065927964406,5
2385,2385,1024,121.61279916763306,95.79160153975373,5
2386,2386,1024,72.67199754714966,160.43670466654595,5
2387,2387,1024,117.76000261306763,99.09163258378791,5
2388,2388,1024,72.79360294342041,160.43731371666652,5
2389,2389,1024,117.70880222320557,99.3009289639655,5
2390,2390,1024,71.96159958839417,162.56421295402518,5
2391,2391,1024,120.75519561767578,96.95791744704188,5
2392,2392,1024,23.83359968662262,491.657493038162,5
2393,2393,1024,120.98560333251953,96.93523220086891,5
2394,2394,1024,72.23039865493774,162.50182120789952,5
2395,2395,1024,117.3632025718689,100.09422836605314,5
2396,2396,1024,71.86560034751892,163.59970710807406,5
2397,2397,1024,117.45920181274414,100.17952659647054,5
2398,2398,1024,71.92959785461426,163.7271407495367,5
2399,2399,1024,120.92159986495972,97.47350069104981,5
2400,2400,1024,23.27679991722107,506.7913133227782,5
2401,2401,1024,120.92159986495972,97.63609199005643,5
2402,2402,1024,71.6159999370575,164.99314402347352,5
2403,2403,1024,117.76000261306763,100.42450211942922,5
2404,2404,1024,72.51200079917908,163.22586933960312,5
2405,2405,1024,117.27360486984253,101.00894581646969,5
2406,2406,1024,71.94880247116089,164.77739337985554,5
2407,2407,1024,120.55039405822754,98.42683007961674,5
2408,2408,1024,24.588799476623535,482.9538051782379,5
2409,2409,1024,121.24799489974976,98.02322502592189,5
2410,2410,1024,72.08960056304932,165.00283962035112,5
2411,2411,1024,117.95200109481812,100.92971799969749,5
2412,2412,1024,72.00000286102295,165.4824894243167,5
2413,2413,1024,117.06240177154541,101.8655104588717,5
2414,2414,1024,71.03360295295715,168.01213104597508,5
2415,2415,1024,119.77599859237671,99.72279037847417,5
2416,2416,1024,23.520000278949738,508.2606524753752,5
2417,2417,1024,120.50559520721436,99.28326275163475,5
2418,2418,1024,70.95680236816406,168.75183706660903,5
2419,2419,1024,116.61440134048462,102.76601166102765,5
2420,2420,1024,70.47680020332336,170.18234604008632,5
2421,2421,1024,116.34559631347656,103.17383681336267,5
2422,2422,1024,70.66879868507385,170.00062623871167,5
2423,2423,1024,119.15520429611206,100.90757397486433,5
2424,2424,1024,24.537600576877594,490.4142607708579,5
2425,2425,1024,119.00800466537476,101.19924314220563,5
2426,2426,1024,69.91999745368958,172.38923465326812,5
2427,2427,1024,115.44320583343506,104.49635130026992,5
2428,2428,1024,70.3104019165039,171.7148032568142,5
2429,2429,1024,115.18720388412476,104.90126993754845,5
2430,2430,1024,69.80479955673218,173.24360612441143,5
2431,2431,1024,117.33759641647339,103.14844429778005,5
2432,2432,1024,22.98240065574646,527.0619955435883,5
2433,2433,1024,142.5279974937439,85.05776889577173,5
2434,2434,1024,77.53599882125854,156.48319841690613,5
2435,2435,1024,130.06080389022827,93.36442984197434,5
2436,2436,1024,78.01600098609924,155.77610303513768,5
2437,2437,1024,132.44800567626953,91.83232657899677,5
2438,2438,1024,77.88159847259521,156.30126693256565,5
2439,2439,1024,135.9231948852539,89.63135849098343,5
2440,2440,1024,24.65920001268387,494.4593820451735,5
2441,2441,1024,134.35519933700562,90.82617679269018,5
2442,2442,1024,79.08480167388916,154.42878041675948,5
2443,2443,1024,131.90399408340454,92.66568489405455,5
2444,2444,1024,79.02079820632935,154.80712427200174,5
2445,2445,1024,130.81599473953247,93.58943624880894,5
2446,2446,1024,79.82720136642456,153.4941944382587,5
2447,2447,1024,135.6287956237793,90.41614485773675,5
2448,2448,1024,23.24479967355728,527.9915492651688,5
2449,2449,1024,137.1135950088501,89.58328929532611,5
2450,2450,1024,79.94239926338196,153.7747192137493,5
2451,2451,1024,132.0896029472351,93.14251064040714,5
2452,2452,1024,80.3712010383606,153.20411332565504,5
2453,2453,1024,132.75519609451294,92.82683009429374,5
2454,2454,1024,80.41599988937378,153.36865281743178,5
2455,2455,1024,136.72959804534912,90.27560511006608,5
2456,2456,1024,24.556800723075867,503.05432972755233,5
2457,2457,1024,136.6528034210205,90.47356836075123,5
2458,2458,1024,80.74880242347717,153.23487532494326,5
2459,2459,1024,132.59520530700684,93.39404588067413,5
2460,2460,1024,80.68479895591736,153.60609384143552,5
2461,2461,1024,132.00000524520874,93.9678372357506,5
2462,2462,1024,79.79519963264465,155.57122946179626,5
2463,2463,1024,134.61120128631592,92.29487288784021,5
2464,2464,1024,23.206399381160736,535.8010953691548,5
2465,2465,1024,135.8016014099121,91.63447758202732,5
2466,2466,1024,80.10240197181702,155.47857718900678,5
2467,2467,1024,133.8752031326294,93.10395039813072,5
2468,2468,1024,80.4095983505249,155.1359216796606,5
2469,2469,1024,132.97280073165894,93.88783314562171,5
2470,2470,1024,80.87679743766785,154.48983634187152,5
2471,2471,1024,138.38720321655273,90.36068420598215,5
2472,2472,1024,24.49920028448105,510.8283326263315,5
2473,2473,1024,136.17279529571533,91.97881974002556,5
2474,2474,1024,80.55040240287781,155.61864465064622,5
2475,2475,1024,132.87039995193481,94.41741730692608,5
2476,2476,1024,81.04320168495178,154.92255225562377,5
2477,2477,1024,131.99360370635986,95.19827506152521,5
2478,2478,1024,81.4079999923706,154.47758492013773,5
2479,2479,1024,138.84799480438232,90.64490406024045,5
2480,2480,1024,23.500800132751465,535.9825677784386,5
2481,2481,1024,137.46559619903564,91.70424947452004,5
2482,2482,1024,81.5936028957367,154.6241752324827,5
2483,2483,1024,132.99200534820557,94.9418864610749,5
2484,2484,1024,81.4848005771637,155.08026280353272,5
2485,2485,1024,133.7216019630432,94.57604915244154,5
2486,2486,1024,81.45920038223267,155.37890561912107,5
2487,2487,1024,137.75360584259033,91.9556772000198,5
2488,2488,1024,24.691200256347656,513.4385846123811,5
2489,2489,1024,137.29920387268066,92.40845868097956,5
2490,2490,1024,81.66400194168091,155.48839755695468,5
2491,2491,1024,132.23040103912354,96.10502417095469,5
2492,2492,1024,81.17120265960693,156.68378261357137,5
2493,2493,1024,132.81279802322388,95.83730289135455,5
2494,2494,1024,81.2287986278534,156.82410602133317,5
2495,2495,1024,135.79519987106323,93.88292967722691,5
2496,2496,1024,23.08479994535446,552.7044981200979,5
2497,2497,1024,138.50879669189453,92.19124515538626,5
2498,2498,1024,80.69760203361511,158.3631715187349,5
2499,2499,1024,132.3199987411499,96.65781567168759,5
2500,2500,1024,81.41440153121948,157.22034135559744,5
2501,2501,1024,131.84000253677368,97.16506220808729,5
2502,2502,1024,81.52959942817688,157.2494932137395,5
2503,2503,1024,138.0352020263672,92.95265442179814,5
2504,2504,1024,36.556801199913025,351.26138903068335,5
2505,2505,1024,139.3407940864563,92.22892179031383,5
2506,2506,1024,81.76000118255615,157.3081401904879,5
2507,2507,1024,133.08160305023193,96.72095959906282,5
2508,2508,1024,81.54879808425903,157.9673934456989,5
2509,2509,1024,132.74879455566406,97.11821437741197,5
2510,2510,1024,81.29919767379761,158.70519229193397,5
2511,2511,1024,136.78719997406006,94.40128762375986,5
2512,2512,1024,30.406400561332703,425.01495321462613,5
2513,2513,1024,137.31839656829834,94.18596805102698,5
2514,2514,1024,81.22239708900452,159.3619724595922,5
2515,2515,1024,133.99039506912231,96.67902533847536,5
2516,2516,1024,80.80639839172363,160.43734835393724,5
2517,2517,1024,133.16479921340942,97.43319517349956,5
2518,2518,1024,80.71680068969727,160.8708898401298,5
2519,2519,1024,137.83680200576782,94.280331079186,5
2520,2520,1024,26.08639895915985,498.5593918256498,5
2521,2521,1024,139.30879831314087,93.43231242826835,5
2522,2522,1024,80.74880242347717,161.31844486913033,5
2523,2523,1024,133.93919467926025,97.33225157294936,5
2524,2524,1024,80.27520179748535,162.52764684309645,5
2525,2525,1024,132.51839876174927,98.53182744439344,5
2526,2526,1024,79.59039807319641,164.18594157529125,5
2527,2527,1024,136.4799976348877,95.82336766290318,5
2528,2528,1024,30.284801125526428,432.1747261192388,5
2529,2529,1024,138.18880319595337,94.78830458807805,5
2530,2530,1024,80.37760257720947,163.0932346782508,5
2531,2531,1024,134.0224027633667,97.8896651417596,5
2532,2532,1024,80.2944004535675,163.5204581867781,5
2533,2533,1024,136.90240383148193,95.98188128365285,5
2534,2534,1024,80.08319735527039,164.2108197760981,5
2535,2535,1024,137.97760009765625,95.38438696342826,5
2536,2536,1024,25.190401077270508,522.8695711353545,5
2537,2537,1024,138.70079517364502,95.03682870381046,5
2538,2538,1024,79.48799729347229,165.9631360857466,5
2539,2539,1024,134.1312050819397,98.42955634324402,5
2540,2540,1024,79.05279994010925,167.13989649968295,5
2541,2541,1024,134.17600393295288,98.5517700661857,5
2542,2542,1024,78.97599935531616,167.56600460933822,5
2543,2543,1024,137.05600500106812,96.63280898853563,5
2544,2544,1024,26.335999369621277,503.28543610496774,5
2545,2545,1024,135.1680040359497,98.13673949400047,5
2546,2546,1024,77.85599827766418,170.51189197593942,5
2547,2547,1024,132.7936053276062,100.0485226620927,5
2548,2548,1024,77.28000283241272,172.05277050563592,5
2549,2549,1024,133.30559730529785,99.82084411298133,5
2550,2550,1024,76.89599990844727,173.18352080544406,5
2551,2551,1024,133.90079736709595,99.53314028042558,5
2552,2552,1024,25.062400102615356,532.1923573715563,5
2553,2553,1024,131.73120021820068,101.33114106521066,5
2554,2554,1024,75.71200132369995,176.44404763367794,5
2555,2555,1024,130.9823989868164,102.07016594149914,5
2556,2556,1024,75.03359913825989,178.3182824982943,5
2557,2557,1024,129.04319763183594,103.7662906510037,5
2558,2558,1024,74.66880083084106,179.46999714591578,5
2559,2559,1024,129.2863965034485,103.73318037093159,5
2560,2560,1024,36.55039966106415,367.2127507349186,5
2561,2561,1024,130.79040050506592,102.70066118101478,5
2562,2562,1024,75.12320280075073,178.94275018670612,5
2563,2563,1024,128.42880487442017,104.75257887165431,5
2564,2564,1024,75.89120268821716,177.40855502465737,5
2565,2565,1024,128.69759798049927,104.69700298556985,5
2566,2566,1024,76.24959945678711,176.8502547432031,5
2567,2567,1024,132.85759687423706,101.5769800862394,5
2568,2568,1024,26.67520046234131,506.3050967908109,5
2569,2569,1024,132.89599418640137,101.70592884117994,5
2570,2570,1024,77.54240036010742,174.4443702694434,5
2571,2571,1024,130.13759851455688,104.02346533608228,5
2572,2572,1024,78.13119888305664,173.39932095855715,5
2573,2573,1024,132.49919414520264,102.32842455737234,5
2574,2574,1024,78.60479950904846,172.6227270185713,5
2575,2575,1024,134.63040590286255,100.86517907253275,5
2576,2576,1024,30.048000812530518,452.2786501767104,5
2577,2577,1024,136.42239570617676,99.69494027426913,5
2578,2578,1024,79.71199750900269,170.75447181539707,5
2579,2579,1024,132.99200534820557,102.4252663333781,5
2580,2580,1024,79.96799945831299,170.47202996626757,5
2581,2581,1024,132.29440450668335,103.12512444402574,5
2582,2582,1024,80.10879755020142,170.43634618836782,5
2583,2583,1024,137.19680309295654,99.59436636976193,5
2584,2584,1024,26.56640112400055,514.7332762225788,5
2585,2585,1024,140.0704026222229,97.70227359815394,5
2586,2586,1024,80.78719973564148,169.52917111642043,5
2587,2587,1024,132.24960565567017,103.64024334171877,5
2588,2588,1024,80.2623987197876,170.90169158647717,5
2589,2589,1024,132.07679986953735,103.93636294610268,5
2590,2590,1024,79.85280156135559,172.04391745033698,5
2591,2591,1024,137.17119693756104,100.23095077502545,5
2592,2592,1024,25.721600651741028,534.9361596230467,5
2593,2593,1024,136.97279691696167,100.5311526225747,5
2594,2594,1024,80.15360236167908,171.92809458291353,5
2595,2595,1024,132.60159492492676,104.00540964690526,5
2596,2596,1024,80.95999956130981,170.47819222810165,5
2597,2597,1024,133.23520421981812,103.67042038837847,5
2598,2598,1024,80.97280263900757,170.71397483456826,5
2599,2599,1024,137.74720430374146,100.42913406427841,5
2600,2600,1024,27.404800057411194,505.1844921691366,5
2601,2601,1024,138.63040208816528,99.94295219015886,5
2602,2602,1024,81.13279938697815,170.9023662041355,5
2603,2603,1024,134.06720161437988,103.5036687937524,5
2604,2604,1024,81.23520016670227,170.94943004390143,5
2605,2605,1024,132.69120454788208,104.73775746745096,5
2606,2606,1024,81.39520287513733,170.87556559489116,5
2607,2607,1024,137.49760389328003,101.23178264839767,5
2608,2608,1024,25.753599405288696,540.8878057309306,5
2609,2609,1024,139.12960290908813,100.19788741227975,5
2610,2610,1024,81.7791998386383,170.59571171554154,5
2611,2611,1024,134.6176028251648,103.71506485769952,5
2612,2612,1024,81.70880079269409,171.0044692425512,5
2613,2613,1024,134.05439853668213,104.31042222142135,5
2614,2614,1024,81.62559866905212,171.44101894723053,5
2615,2615,1024,139.06559944152832,100.70560121439972,5
2616,2616,1024,27.4944007396698,509.75462315780305,5
2617,2617,1024,137.0303988456726,102.3576899005935,5
2618,2618,1024,81.42719864845276,172.3851070033922,5
2619,2619,1024,133.20319652557373,105.45964432094544,5
2620,2620,1024,81.31840229034424,172.87957957911433,5
2621,2621,1024,132.37119913101196,106.28463638888275,5
2622,2622,1024,80.94720244407654,173.93760385638026,5
2623,2623,1024,136.12799644470215,103.50923072406961,5
2624,2624,1024,32.02559947967529,440.31182170217323,5
2625,2625,1024,136.6655945777893,103.25934660875842,5
2626,2626,1024,80.80639839172363,174.77272009497807,5
2627,2627,1024,131.84000253677368,107.20200182078872,5
2628,2628,1024,81.24799728393555,174.08766867902384,5
2629,2629,1024,133.07520151138306,106.36873442411583,5
2630,2630,1024,81.3759982585907,174.07849369767388,5
2631,2631,1024,136.19199991226196,104.09264668360025,5
2632,2632,1024,27.110400795936584,523.3181338332136,5
2633,2633,1024,137.75999546051025,103.06436948214031,5
2634,2634,1024,81.51040077209473,174.3205008613387,5
2635,2635,1024,132.1344017982483,107.61561415104927,5
2636,2636,1024,81.41440153121948,174.79118608448053,5
2637,2637,1024,132.26879835128784,107.66952667232226,5
2638,2638,1024,81.4079999923706,175.07028932458334,5
2639,2639,1024,137.79840469360352,103.50576583026344,5
2640,2640,1024,26.003199815750122,548.9224749699614,5
2641,2641,1024,136.53759956359863,104.61994596108535,5
2642,2642,1024,81.24799728393555,175.94742455056797,5
2643,2643,1024,131.769597530365,108.5698053278434,5
2644,2644,1024,81.19040131568909,176.33891563525754,5
2645,2645,1024,132.07039833068848,108.48652976819798,5
2646,2646,1024,80.96640110015869,177.09438697000326,5
2647,2647,1024,136.735999584198,104.94336001956808,5
2648,2648,1024,27.065598964691162,530.5768185930062,5
2649,2649,1024,136.1791968345642,105.53174039834241,5
2650,2650,1024,75.15519857406616,191.36507218228323,5
2651,2651,1024,131.75040483474731,109.24396373622426,5
2652,2652,1024,74.73919987678528,192.72078127336172,5
2653,2653,1024,131.878399848938,109.3026731330641,5
2654,2654,1024,74.40000176429749,193.89153260642013,5
2655,2655,1024,135.590398311615,106.47068951609786,5
2656,2656,1024,25.721600651741028,561.6788909683232,5
2657,2657,1024,135.63519716262817,106.59593862398785,5
2658,2658,1024,74.508798122406,194.1924529265615,5
2659,2659,1024,132.23040103912354,109.50534350807696,5
2660,2660,1024,74.66880083084106,194.06805303902422,5
2661,2661,1024,132.4671983718872,109.47409159577744,5
2662,2662,1024,74.63039755821228,194.4600080775403,5
2663,2663,1024,136.31999492645264,106.54000772106643,5
2664,2664,1024,26.873600482940674,540.844648532542,5
2665,2665,1024,136.62079572677612,106.46517408000484,5
2666,2666,1024,74.31039810180664,195.8847625611914,5
2667,2667,1024,131.8079948425293,110.5183087672595,5
2668,2668,1024,74.12480115890503,196.66997447653387,5
2669,2669,1024,131.92960023880005,110.58210516512585,5
2670,2670,1024,74.10560250282288,197.01597054613853,5
2671,2671,1024,135.44319868087769,107.87492993594532,5
2672,2672,1024,25.625601410865784,570.5960924608788,5
2673,2673,1024,135.21920442581177,108.21550573482568,5
2674,2674,1024,73.77920150756836,198.48093973337222,5
2675,2675,1024,131.0655951499939,111.81210433774683,5
2676,2676,1024,73.6191987991333,199.20997629999547,5
2677,2677,1024,130.8608055114746,112.1546037764002,5
2678,2678,1024,73.36320281028748,200.20402966840493,5
2679,2679,1024,133.6192011833191,110.00350127699281,5
2680,2680,1024,26.943999528884888,545.9306508757489,5
2681,2681,1024,135.91680526733398,108.30547774461199,5
2682,2682,1024,72.99200296401978,201.82372525469214,5
2683,2683,1024,130.2847981452942,113.15599119675569,5
2684,2684,1024,72.89599776268005,202.39104396418898,5
2685,2685,1024,130.12479543685913,113.46409998518861,5
2686,2686,1024,72.52479791641235,203.73021411282429,5
2687,2687,1024,132.56319761276245,111.54299819466965,5
2688,2688,1024,27.36000120639801,540.8444393101735,5
2689,2689,1024,133.49759578704834,110.92721573519674,5
2690,2690,1024,72.73600101470947,203.7441238624465,5
2691,2691,1024,130.0287961959839,114.0559131659335,5
2692,2692,1024,72.7616012096405,203.97541045363326,5
2693,2693,1024,130.45120239257812,113.85564624619379,5
2694,2694,1024,73.16480278968811,203.15285439537726,5
2695,2695,1024,134.26560163497925,110.7854507697287,5
2696,2696,1024,32.601600885391235,456.59463227986095,5
2697,2697,1024,134.94399785995483,110.39217059109136,5
2698,2698,1024,73.63839745521545,202.44614640163047,5
2699,2699,1024,131.28960132598877,113.6332405409385,5
2700,2700,1024,73.80480170249939,202.28927733159128,5
2701,2701,1024,132.0512056350708,113.14536036338849,5
2702,2702,1024,74.00320172309875,202.04594184920234,5
2703,2703,1024,135.73119640350342,110.24080261929953,5
2704,2704,1024,32.019200921058655,467.66281285151155,5
2705,2705,1024,137.95839548110962,108.62164022523662,5
2706,2706,1024,74.5855987071991,201.06225850477128,5
2707,2707,1024,132.51839876174927,113.24793305857403,5
2708,2708,1024,74.48319792747498,201.63641049117797,5
2709,2709,1024,132.88960456848145,113.0985281866412,5
2710,2710,1024,74.5024025440216,201.8823056224639,5
2711,2711,1024,136.96000576019287,109.89937481716125,5
2712,2712,1024,28.038400411605835,537.224844886838,5
2713,2713,1024,137.89440393447876,109.31579006761221,5
2714,2714,1024,74.70080256462097,201.94093892030654,5
2715,2715,1024,132.27519989013672,114.12773378939099,5
2716,2716,1024,74.41279888153076,203.02141184141982,5
2717,2717,1024,132.05759525299072,114.48427667516239,5
2718,2718,1024,74.27840232849121,203.68840305813458,5
2719,2719,1024,136.01919412612915,111.31358500742265,5
2720,2720,1024,27.28320062160492,555.3572474924937,5
2721,2721,1024,136.26879453659058,111.27321129951326,5
2722,2722,1024,74.28479790687561,204.27078028835177,5
2723,2723,1024,131.75679445266724,115.25299363180274,5
2724,2724,1024,74.4704008102417,204.06121469283224,5
2725,2725,1024,131.35360479354858,115.77664749971842,5
2726,2726,1024,74.43199753761292,204.4664143308719,5
2727,2727,1024,135.2895975112915,112.57341046290627,5
2728,2728,1024,27.795198559761047,548.3387067457247,5
2729,2729,1024,134.98239517211914,112.99517354504911,5
2730,2730,1024,74.54720139503479,204.74999616842263,5
2731,2731,1024,131.67359828948975,116.00444983980694,5
2732,2732,1024,74.55999851226807,205.01491224526865,5
2733,2733,1024,131.69920444488525,116.15183202113936,5
2734,2734,1024,74.80959892272949,204.6301612151654,5
2735,2735,1024,136.16000413894653,112.51101890660186,5
2736,2736,1024,31.814399361610413,481.8794544491434,5
2737,2737,1024,138.57280015945435,110.71374825612394,5
2738,2738,1024,75.0976026058197,204.44230413835083,5
2739,2739,1024,132.30079412460327,116.13190918211407,5
2740,2740,1024,74.86720085144043,205.37117222413394,5
2741,2741,1024,132.48640298843384,116.13863416114694,5
2742,2742,1024,74.91199970245361,205.54809821070185,5
2743,2743,1024,136.88960075378418,112.56700485024992,5
2744,2744,1024,27.993598580360413,550.8577142639538,5
2745,2745,1024,137.5424027442932,112.19617290450658,5
2746,2746,1024,76.5824019908905,201.65176811556452,5
2747,2747,1024,132.2368025779724,116.86781690662504,5
2748,2748,1024,74.76480007171631,206.8550999556625,5
2749,2749,1024,132.2111964225769,117.06072153324173,5
2750,2750,1024,74.41279888153076,208.13623775471396,5
2751,2751,1024,135.9935998916626,113.97055494043303,5
2752,2752,1024,28.02560031414032,553.4417110834967,5
2753,2753,1024,136.02559566497803,114.10948326393795,5
2754,2754,1024,74.48319792747498,208.54486918143235,5
2755,2755,1024,132.42239952087402,117.38475708220125,5
2756,2756,1024,74.54079985618591,208.68648791013857,5
2757,2757,1024,132.23040103912354,117.72594070401514,5
2758,2758,1024,74.79680180549622,208.27418680961944,5
2759,2759,1024,137.21599578857422,113.61315274073988,5
2760,2760,1024,28.02560031414032,556.6640723170733,5
2761,2761,1024,137.3568058013916,113.6612905120558,5
2762,2762,1024,74.9504029750824,208.4506859448653,5
2763,2763,1024,132.0255994796753,118.42232244063318,5
2764,2764,1024,74.76480007171631,209.27090546609986,5
2765,2765,1024,132.2432041168213,118.39867995158764,5
2766,2766,1024,74.9504029750824,209.0548905148535,5
2767,2767,1024,137.49120235443115,114.04424140229109,5
2768,2768,1024,27.129599452018738,578.3872917015143,5
2769,2769,1024,138.15040588378906,113.66419973611242,5
2770,2770,1024,74.96960163116455,209.60627851952884,5
2771,2771,1024,132.1727991104126,118.97642536013407,5
2772,2772,1024,76.57600045204163,205.5056302118536,5
2773,2773,1024,132.1280002593994,119.18863042718077,5
2774,2774,1024,74.49600100517273,211.54847824523787,5
2775,2775,1024,136.98559999465942,115.12801345991731,5
2776,2776,1024,27.878400683403015,566.1102524218946,5
2777,2777,1024,137.55520582199097,114.81659961629072,5
2778,2778,1024,75.6991982460022,208.78685637644372,5
2779,2779,1024,131.73760175704956,120.05971079668323,5
2780,2780,1024,76.18560194969177,207.752682855373,5
2781,2781,1024,131.27679824829102,120.65461939468194,5
2782,2782,1024,74.00959730148315,214.1687798601541,5
2783,2783,1024,135.57759523391724,116.99530622764611,5
2784,2784,1024,28.390398621559143,559.1095672727214,5
2785,2785,1024,136.05120182037354,116.7556668920309,5
2786,2786,1024,76.14719867706299,208.75565331582226,5
2787,2787,1024,131.55839443206787,120.91643243802363,5
2788,2788,1024,74.11839962005615,214.77783375792674,5
2789,2789,1024,131.82079792022705,120.84899544941673,5
2790,2790,1024,74.26559925079346,214.65977465777573,5
2791,2791,1024,137.03680038452148,116.41593092684282,5
2792,2792,1024,28.492799401283264,560.3064987458192,5
2793,2793,1024,137.53600120544434,116.15968627832687,5
2794,2794,1024,75.9935975074768,210.3806301106751,5
2795,2795,1024,132.07039833068848,121.14014496980883,5
2796,2796,1024,74.4704008102417,214.99115613458773,5
2797,2797,1024,132.0896029472351,121.29593605032008,5
2798,2798,1024,73.7663984298706,217.35357741835367,5
2799,2799,1024,135.02720594406128,118.82681816468173,5
2800,2800,1024,27.07200050354004,593.096915682327,5
2801,2801,1024,135.3279948234558,118.7322022243918,5
2802,2802,1024,73.59359860420227,218.48728825555565,5
2803,2803,1024,131.75679445266724,122.12459250274561,5
2804,2804,1024,73.28000068664551,219.73564160916362,5
2805,2805,1024,130.46400547027588,123.51081159830902,5
2806,2806,1024,74.09279942512512,217.63527162036056,5
2807,2807,1024,134.04159545898438,120.38577947945792,5
2808,2808,1024,28.47999930381775,567.0014700399003,5
2809,2809,1024,133.38240385055542,121.15320028349234,5
2810,2810,1024,72.71040081977844,222.40577163207112,5
2811,2811,1024,130.7968020439148,123.72416110423464,5
2812,2812,1024,72.53760099411011,223.25304793737163,5
2813,2813,1024,129.60000038146973,125.04444802700101,5
2814,2814,1024,74.39360022544861,217.99300690991944,5
2815,2815,1024,130.53439855575562,124.32594763952685,5
2816,2816,1024,28.166401386260986,576.5857294045991,5
2817,2817,1024,167.84000396728516,96.82960610015098,5
2818,2818,1024,102.8480052947998,158.1306502287829,5
2819,2819,1024,165.75360298156738,98.18770895622617,5
2820,2820,1024,103.57120037078857,157.24945874619294,5
2821,2821,1024,167.20000505447388,97.47648011547655,5
2822,2822,1024,104.74879741668701,155.702263264378,5
2823,2823,1024,169.2479968070984,96.43355371941088,5
2824,2824,1024,35.84640026092529,455.6315481921254,5
2825,2825,1024,170.88639736175537,95.64435936583143,5
2826,2826,1024,106.21440410614014,153.98940836362968,5
2827,2827,1024,166.5727972984314,98.26016526981944,5
2828,2828,1024,106.73919916152954,153.44926850363015,5
2829,2829,1024,165.95840454101562,98.7635282065462,5
2830,2830,1024,107.2767972946167,152.8963169449792,5
2831,2831,1024,169.55519914627075,96.80517619421528,5
2832,2832,1024,29.318401217460632,560.2426486413526,5
2833,2833,1024,171.74400091171265,95.7065200807199,5
2834,2834,1024,108.31999778747559,151.85216971913434,5
2835,2835,1024,169.17760372161865,97.29560200583809,5
2836,2836,1024,108.69760513305664,151.53830655088328,5
2837,2837,1024,168.9087986946106,97.58798499184365,5
2838,2838,1024,108.85119438171387,151.53799465126534,5
2839,2839,1024,174.97600317001343,94.33703998805731,5
2840,2840,1024,31.065601110458374,531.7247440751765,5
2841,2841,1024,175.74399709701538,94.05717271170866,5
2842,2842,1024,109.8431944847107,150.59305539682265,5
2843,2843,1024,170.5664038658142,97.0488019728819,5
2844,2844,1024,109.15839672088623,151.75114902388896,5
2845,2845,1024,168.78080368041992,98.21355769455333,5
2846,2846,1024,109.1264009475708,152.00921338888216,5
2847,2847,1024,176.23039484024048,94.19418056146569,5
2848,2848,1024,31.10400140285492,534.064436817936,5
2849,2849,1024,175.09119510650635,94.94028776197604,5
2850,2850,1024,109.59999561309814,151.77810826492393,5
2851,2851,1024,171.77599668502808,96.90850857657058,5
2852,2852,1024,110.21440029144287,151.1439099423504,5
2853,2853,1024,172.54400253295898,96.61256831465788,5
2854,2854,1024,110.3935956954956,151.1102801109382,5
2855,2855,1024,178.07999849319458,93.74045002947338,5
2856,2856,1024,31.059199571609497,537.8437164642728,5
2857,2857,1024,179.50719594955444,93.12548983661785,5
2858,2858,1024,110.66240072250366,151.1660669096456,5
2859,2859,1024,172.9599952697754,96.78601263771728,5
2860,2860,1024,110.61760187149048,151.4390161835307,5
2861,2861,1024,173.57439994812012,96.57839758057915,5
2862,2862,1024,110.63040494918823,151.63334274790697,5
2863,2863,1024,177.43359804153442,94.60994477534312,5
2864,2864,1024,29.32479977607727,572.8500087391607,5
2865,2865,1024,180.53760528564453,93.1132589988812,5
2866,2866,1024,111.19359731674194,151.2873249354543,5
2867,2867,1024,175.05279779434204,96.1648330338431,5
2868,2868,1024,110.93759536743164,151.8481475662618,5
2869,2869,1024,175.64799785614014,95.97272917284616,5
2870,2870,1024,111.15520000457764,151.7623215045746,5
2871,2871,1024,181.97760581970215,92.7637699812641,5
2872,2872,1024,31.065601110458374,543.7747807272591,5
2873,2873,1024,183.2576036453247,92.24422810153486,5
2874,2874,1024,111.02720499038696,152.3610906846178,5
2875,2875,1024,177.4783968925476,95.38062263571648,5
2876,2876,1024,110.77120304107666,152.92582894236796,5
2877,2877,1024,177.67679691314697,95.40671875285078,5
2878,2878,1024,110.6112003326416,153.36011525944974,5
2879,2879,1024,182.25280046463013,93.14060867500564,5
2880,2880,1024,31.513598561286926,539.0349555593979,5
2881,2881,1024,182.40000009536743,93.19479012671192,5
2882,2882,1024,110.74559688568115,153.60007829078194,5
2883,2883,1024,178.51519584655762,95.3551264433058,5
2884,2884,1024,111.00159883499146,153.4585993965905,5
2885,2885,1024,179.53920364379883,94.94285623444536,5
2886,2886,1024,111.59679889678955,152.8519095227446,5
2887,2887,1024,186.59199476242065,91.4809176767416,5
2888,2888,1024,36.44160032272339,468.73446722230705,5
2889,2889,1024,187.58399486541748,91.12326145022979,5
2890,2890,1024,111.69919967651367,153.13539263967164,5
2891,2891,1024,181.31200075149536,94.40599749081325,5
2892,2892,1024,111.5007996559143,153.62027828373016,5
2893,2893,1024,181.65119886398315,94.36013447307094,5
2894,2894,1024,111.97439432144165,153.18219341076198,5
2895,2895,1024,187.55840063095093,91.514638332694,5
2896,2896,1024,30.41279911994934,564.7687705513839,5
2897,2897,1024,191.19360446929932,89.89873526214082,5
2898,2898,1024,111.51360273361206,154.24065737601404,5
2899,2899,1024,181.93279504776,94.60528347009483,5
2900,2900,1024,111.28319501876831,154.77341387525013,5
2901,2901,1024,183.09119939804077,94.13647681956489,5
2902,2902,1024,111.19999885559082,155.10292418616197,5
2903,2903,1024,188.74239921569824,91.44386054071359,5
2904,2904,1024,31.66080117225647,545.508190839287,5
2905,2905,1024,193.6511993408203,89.24872791302585,5
2906,2906,1024,111.48799657821655,155.12902427900696,5
2907,2907,1024,183.20000171661377,94.47013640737589,5
2908,2908,1024,111.29599809646606,155.61061105709172,5
2909,2909,1024,185.22239923477173,93.56725514624749,5
2910,2910,1024,111.00800037384033,156.22899918560194,5
2911,2911,1024,190.55360555648804,91.07458322458966,5
2912,2912,1024,31.379199028015137,553.4403761069648,5
2913,2913,1024,192.03200340270996,90.49765145425106,5
2914,2914,1024,110.9887957572937,156.68589689024697,5
2915,2915,1024,185.61279773712158,93.75601796944214,5
2916,2916,1024,111.4240050315857,156.28821350537103,5
2917,2917,1024,187.99999952316284,92.69257827765567,5
2918,2918,1024,111.30239963531494,156.67366390245445,5
2919,2919,1024,192.21760034561157,90.78309632741389,5
2920,2920,1024,31.935998797416687,546.7831869223553,5
2921,2921,1024,194.26560401916504,89.94916859433398,5
2922,2922,1024,111.15520000457764,157.31154306123227,5
2923,2923,1024,186.85439825057983,93.64492757903653,5
2924,2924,1024,110.88639497756958,157.90883319402676,5
2925,2925,1024,189.12639617919922,92.64661281547288,5
2926,2926,1024,110.83519458770752,158.19797053836407,5
2927,2927,1024,191.92960262298584,91.41836148364261,5
2928,2928,1024,30.079999566078186,583.706153101158,5
2929,2929,1024,195.14880180358887,90.03322493203689,5
2930,2930,1024,114.31679725646973,153.7995782068235,5
2931,2931,1024,189.54880237579346,92.81978206920523,5
2932,2932,1024,114.26559686660767,154.07862414225087,5
2933,2933,1024,190.47679901123047,92.4936662284064,5
2934,2934,1024,113.85600566864014,154.8439450731222,5
2935,2935,1024,192.96000003814697,91.42792701343438,5
2936,2936,1024,31.750398874282837,556.0231440840051,5
2937,2937,1024,196.13440036773682,90.07081102997562,5
2938,2938,1024,113.63840103149414,155.56375619101374,5
2939,2939,1024,188.85760307312012,93.66873411578212,5
2940,2940,1024,114.2016053199768,155.00739022364206,5
2941,2941,1024,188.62080574035645,93.91401451430639,5
2942,2942,1024,113.18399906158447,156.61388198834553,5
2943,2943,1024,191.55839681625366,92.59963669989808,5
2944,2944,1024,31.641599535942078,560.979684602772,5
2945,2945,1024,187.31520175933838,94.82602070290581,5
2946,2946,1024,109.04320478439331,163.0034627388716,5
2947,2947,1024,185.07519960403442,96.10411805608706,5
2948,2948,1024,110.34239530563354,161.30302176874434,5
2949,2949,1024,185.70879697799683,95.90627443518598,5
2950,2950,1024,110.74559688568115,160.93389264403692,5
2951,2951,1024,189.2799973487854,94.22445846264404,5
2952,2952,1024,31.833600997924805,560.630718251555,5
2953,2953,1024,190.74560403823853,93.62725878820166,5
2954,2954,1024,112.3520016670227,159.06334825225883,5
2955,2955,1024,187.04639673233032,95.60829565506916,5
2956,2956,1024,113.00480365753174,158.35869227500123,5
2957,2957,1024,187.43679523468018,95.53835323304074,5
2958,2958,1024,113.49120140075684,157.89344416861994,5
2959,2959,1024,191.539204120636,93.61861332944783,5
2960,2960,1024,30.374398827552795,590.752656599844,5
2961,2961,1024,193.42080354690552,92.83325618924755,5
2962,2962,1024,114.60479497909546,156.78238694356082,5
2963,2963,1024,188.97279500961304,95.14675226709406,5
2964,2964,1024,115.03360271453857,156.40896036829108,5
2965,2965,1024,189.23519849777222,95.14312846091347,5
2966,2966,1024,115.23840427398682,156.34176472250013,5
2967,2967,1024,193.37600469589233,93.23145495922518,5
2968,2968,1024,31.910398602485657,565.3605702874142,5
2969,2969,1024,193.36960315704346,93.36027914034855,5
2970,2970,1024,115.79519510269165,156.00995519701038,5
2971,2971,1024,189.60000276565552,95.3447790311666,5
2972,2972,1024,115.87200164794922,156.11658877664829,5
2973,2973,1024,189.52319622039795,95.51188114698836,5
2974,2974,1024,115.58400392532349,156.7162914662744,5
2975,2975,1024,193.38239431381226,93.73180047913675,5
2976,2976,1024,31.545600295066833,574.9856549991379,5
2977,2977,1024,194.28479671478271,93.42192337697708,5
2978,2978,1024,117.57440567016602,154.47796761951818,5
2979,2979,1024,189.9839997291565,95.66518861541128,5
2980,2980,1024,118.07359457015991,154.03155350871577,5
2981,2981,1024,190.0607943534851,95.75497876827791,5
2982,2982,1024,117.50400066375732,154.9860383402002,5
2983,2983,1024,194.5855975151062,93.65387831740861,5
2984,2984,1024,32.05119967460632,568.962050504713,5
2985,2985,1024,194.55360174179077,93.79492662499622,5
2986,2986,1024,117.68959760665894,155.15703833935802,5
2987,2987,1024,189.86239433288574,96.24129189039219,5
2988,2988,1024,117.92000532150269,155.06138133345019,5
2989,2989,1024,189.85600471496582,96.37345858757394,5
2990,2990,1024,117.68959760665894,155.57300876491442,5
2991,2991,1024,194.3552017211914,94.26850285325972,5
2992,2992,1024,30.36159873008728,603.8491989498505,5
2993,2993,1024,195.2064037322998,93.983004661872,5
2994,2994,1024,117.96480417251587,155.62561949538875,5
2995,2995,1024,189.81120586395264,96.78359671328968,5
2996,2996,1024,118.34239959716797,155.33638687887412,5
2997,2997,1024,189.85600471496582,96.89003231484287,5
2998,2998,1024,118.35520267486572,155.5270218459865,5
2999,2999,1024,194.5472002029419,94.67992358042406,5
3000,3000,1024,33.510398864746094,550.0382157310278,5
3001,3001,1024,194.89920139312744,94.63502116048375,5
3002,3002,1024,118.66240501403809,155.5385986809937,5
3003,3003,1024,189.58719968795776,97.41629425614177,5
3004,3004,1024,118.82239580154419,155.53620715464334,5
3005,3005,1024,189.44000005722046,97.62189186240514,5
3006,3006,1024,118.29119920730591,156.44276034067838,5
3007,3007,1024,193.89439821243286,95.50619575771006,5
3008,3008,1024,32.761600613594055,565.6144609830511,5
3009,3009,1024,195.53279876708984,94.83195660737884,5
3010,3010,1024,118.1056022644043,157.10588189085672,5
3011,3011,1024,188.7935996055603,98.34769741554923,5
3012,3012,1024,118.57919692993164,156.68642892714783,5
3013,3013,1024,188.9855980873108,98.37834364188168,5
3014,3014,1024,118.31680536270142,157.24252654530278,5
3015,3015,1024,194.6112036705017,95.66140308920892,5
3016,3016,1024,33.695998787879944,552.8588840850945,5
3017,3017,1024,194.83519792556763,95.67823509549623,5
3018,3018,1024,118.1056022644043,157.942105999675,5
3019,3019,1024,188.95360231399536,98.78727422714735,5
3020,3020,1024,118.27839612960815,157.92046401721765,5
3021,3021,1024,189.25440311431885,98.760984476064,5
3022,3022,1024,117.59999990463257,159.04189836026717,5
3023,3023,1024,194.41280364990234,96.26787454648901,5
3024,3024,1024,31.673601269721985,591.2839366928226,5
3025,3025,1024,193.35039854049683,96.92496183851851,5
3026,3026,1024,117.29919910430908,159.87212693007294,5
3027,3027,1024,187.87200450897217,99.88326382659014,5
3028,3028,1024,117.35039949417114,160.01368306319824,5
3029,3029,1024,187.57120370864868,100.17568793334782,5
3030,3030,1024,116.94719791412354,160.77754350135868,5
3031,3031,1024,193.81760358810425,97.0752696333244,5
3032,3032,1024,33.31199884414673,565.1811300812458,5
3033,3033,1024,193.26720237731934,97.48024517485807,5
3034,3034,1024,116.42880439758301,161.92006424478376,5
3035,3035,1024,186.42560243606567,101.19097674081314,5
3036,3036,1024,116.59519672393799,161.90222872298125,5
3037,3037,1024,186.22080087661743,101.43582039750441,5
3038,3038,1024,115.4047966003418,163.7878309119087,5
3039,3039,1024,191.71199798583984,98.66021535802389,5
3040,3040,1024,31.603199243545532,598.8886332090415,5
3041,3041,1024,191.41759872436523,98.94205555922719,5
3042,3042,1024,115.174400806427,164.54792505369346,5
3043,3043,1024,186.68160438537598,101.58564264774228,5
3044,3044,1024,115.4047966003418,164.4354263169664,5
3045,3045,1024,186.98240518569946,101.55558316378048,5
3046,3046,1024,115.33440351486206,164.75206867091867,5
3047,3047,1024,192.37120151519775,98.84047031071772,5
3048,3048,1024,33.25439989566803,572.1511334347832,5
3049,3049,1024,192.33920574188232,98.98673114804386,5
3050,3050,1024,115.34719467163086,165.16673902851005,5
3051,3051,1024,187.39839792251587,101.72987100926258,5
3052,3052,1024,115.14240503311157,165.67756932395284,5
3053,3053,1024,188.38399648666382,101.33035283255263,5
3054,3054,1024,114.47679996490479,166.85934594481998,5
3055,3055,1024,189.88800048828125,100.65952114325205,5
3056,3056,1024,31.79520070552826,601.5546404358583,5
3057,3057,1024,192.52480268478394,99.41093139742584,5
3058,3058,1024,113.72799873352051,168.39822809926233,5
3059,3059,1024,186.7840051651001,102.60043985597513,5
3060,3060,1024,113.2159948348999,169.3811270038729,5
3061,3061,1024,185.9455943107605,103.1978664465165,5
3062,3062,1024,112.49920129776001,170.6832429963423,5
3063,3063,1024,188.7231945991516,101.81192912090721,5
3064,3064,1024,33.68319869041443,570.8133833937683,5
3065,3065,1024,188.9855980873108,101.80338075873627,5
3066,3066,1024,111.353600025177,172.8900465153093,5
3067,3067,1024,184.99200344085693,104.13687680375317,5
3068,3068,1024,111.21280193328857,173.33484650052623,5
3069,3069,1024,184.26239490509033,104.68561714904268,5
3070,3070,1024,110.23999452590942,175.09249055217848,5
3071,3071,1024,185.28640270233154,104.24279216554166,5
3072,3072,1024,32.02559947967529,603.496988222372,5
3073,3073,1024,186.95679903030396,103.44602545781274,5
3074,3074,1024,105.6447982788086,183.18485304810267,5
3075,3075,1024,185.13280153274536,104.60123673208064,5
3076,3076,1024,108.67199897766113,178.31380144192738,5
3077,3077,1024,184.51199531555176,105.08974529725694,5
3078,3078,1024,106.23359680175781,182.64395272436965,5
3079,3079,1024,189.60000276565552,102.40260171302573,5
3080,3080,1024,40.40960073471069,480.7804790635255,5
3081,3081,1024,190.54720401763916,102.02597843524562,5
3082,3082,1024,110.10559797286987,176.67936154157516,5
3083,3083,1024,185.73440313339233,104.80563828565316,5
3084,3084,1024,107.3855996131897,181.38970921765497,5
3085,3085,1024,187.55199909210205,103.92465499889622,5
3086,3086,1024,107.95520544052124,180.66673976870743,5
3087,3087,1024,192.6527976989746,101.30430258529216,5
3088,3088,1024,33.849599957466125,576.94045827837,5
3089,3089,1024,192.576003074646,101.476060859074,5
3090,3090,1024,108.92800092697144,179.51774230310096,5
3091,3091,1024,189.51679468154907,103.24767005942306,5
3092,3092,1024,108.58880281448364,180.3116874347604,5
3093,3093,1024,189.0112042427063,103.6578610802436,5
3094,3094,1024,111.50720119476318,175.8197490201264,5
3095,3095,1024,193.06880235671997,101.61063289631569,5
3096,3096,1024,35.59040129184723,551.5678850324401,5
3097,3097,1024,194.18879747390747,101.15519477707973,5
3098,3098,1024,108.86399745941162,180.554576818001,5
3099,3099,1024,188.5759949684143,104.30057362971576,5
3100,3100,1024,111.46880388259888,176.56312182849572,5
3101,3101,1024,187.05919981002808,105.28206935558711,5
3102,3102,1024,108.55040550231934,181.5440790000452,5
3103,3103,1024,193.44639778137207,101.93723666173577,5
3104,3104,1024,34.278398752212524,575.6425004165744,5
3105,3105,1024,199.4752049446106,98.98382711516781,5
3106,3106,1024,111.75680160522461,176.79048652262378,5
3107,3107,1024,188.2688045501709,105.01083065373965,5
3108,3108,1024,109.37600135803223,180.87141261676047,5
3109,3109,1024,189.57439661026,104.42192955358524,5
3110,3110,1024,109.48480367660522,180.9242939185421,5
3111,3111,1024,194.5215940475464,101.89717756042631,5
3112,3112,1024,35.61600148677826,556.8830099965871,5
3113,3113,1024,194.71999406814575,101.92427853635972,5
3114,3114,1024,109.98400449752808,180.566691481454,5
3115,3115,1024,190.55999517440796,104.28319323692354,5
3116,3116,1024,109.88160371780396,180.96719755809377,5
3117,3117,1024,190.45120477676392,104.47679286315353,5
3118,3118,1024,112.97279596328735,176.24154719929473,5
3119,3119,1024,195.28319835662842,102.02246734824514,5
3120,3120,1024,34.25920009613037,581.9181750904863,5
3121,3121,1024,196.52479887008667,101.50796684538138,5
3122,3122,1024,110.67520380020142,180.36215653179283,5
3123,3123,1024,190.88640213012695,104.64028851244983,5
3124,3124,1024,113.17119598388672,176.61032804536035,5
3125,3125,1024,189.8751974105835,105.33234605019149,5
3126,3126,1024,110.47040224075317,181.1598549662668,5
3127,3127,1024,196.51199579238892,101.90527103066351,5
3128,3128,1024,36.56960129737854,547.9528822053753,5
3129,3129,1024,197.54879474639893,101.5001523736986,5
3130,3130,1024,113.46559524536133,176.8293830091219,5
3131,3131,1024,190.3167963027954,105.4918647120223,5
3132,3132,1024,110.31039953231812,182.11973156813954,5
3133,3133,1024,191.5328025817871,104.95607436964197,5
3134,3134,1024,119.1167950630188,168.87094617814353,5
3135,3135,1024,195.26400566101074,103.08200291119549,5
3136,3136,1024,34.489598870277405,583.974545014417,5
3137,3137,1024,194.09279823303223,103.83638700392571,5
3138,3138,1024,118.87999773025513,169.63952302354002,5
3139,3139,1024,191.8336033821106,105.19325630246617,5
3140,3140,1024,119.3727970123291,169.1546257219262,5
3141,3141,1024,191.20639562606812,105.6728475103649,5
3142,3142,1024,120.20479440689087,168.19788238696884,5
3143,3143,1024,196.05120420455933,103.19275331199171,5
3144,3144,1024,36.800000071525574,550.1070458873173,5
3145,3145,1024,197.24160432815552,102.70053961991837,5
3146,3146,1024,119.94240283966064,168.99530681486013,5
3147,3147,1024,191.50079488754272,105.913874894936,5
3148,3148,1024,120.20479440689087,168.84088103258335,5
3149,3149,1024,190.29120206832886,106.72264102208868,5
3150,3150,1024,119.87199783325195,169.52482954582885,5
3151,3151,1024,196.61439657211304,103.42164562980999,5
3152,3152,1024,35.4559987783432,573.868842877673,5
3153,3153,1024,196.71679735183716,103.49907026793029,5
3154,3154,1024,120.14080286026001,169.5753805782076,5
3155,3155,1024,190.77119827270508,106.86017273351028,5
3156,3156,1024,119.43680047988892,170.79131428537218,5
3157,3157,1024,192.19199419021606,106.20472115918707,5
3158,3158,1024,119.17439699172974,171.38438110509085,5
3159,3159,1024,195.9231972694397,104.31417909076698,5
3160,3160,1024,36.422398686409,561.48165792362,5
3161,3161,1024,195.6544041633606,104.58979594915813,5
3162,3162,1024,119.55200433731079,171.27612226581093,5
3163,3163,1024,192.6527976989746,106.35380101780403,5
3164,3164,1024,119.06559467315674,172.19344567404437,5
3165,3165,1024,191.89120531082153,106.91097993141356,5
3166,3166,1024,119.23199892044067,172.17058234256206,5
3167,3167,1024,195.23199796676636,105.21437513279281,5
3168,3168,1024,34.44480001926422,596.7282939806443,5
3169,3169,1024,197.31839895248413,104.23338643120017,5
3170,3170,1024,118.59840154647827,173.52803184227335,5
3171,3171,1024,192.0575976371765,107.22373819807581,5
3172,3172,1024,119.54560279846191,172.3704055157863,5
3173,3173,1024,191.89759492874146,107.44855139876364,5
3174,3174,1024,119.00800466537476,173.36747478468476,5
3175,3175,1024,197.45279550552368,104.55724340161322,5
3176,3176,1024,36.614400148391724,564.2077096518377,5
3177,3177,1024,196.98560237884521,104.93730273873014,5
3178,3178,1024,118.95040273666382,173.8888844100111,5
3179,3179,1024,192.1023964881897,107.74031113803647,5
3180,3180,1024,118.33599805831909,175.0117930284703,5
3181,3181,1024,193.53599548339844,107.07683847771689,5
3182,3182,1024,118.11840534210205,175.5548078383072,5
3183,3183,1024,196.3711977005005,105.66360909834752,5
3184,3184,1024,34.52160060405731,601.4300821717927,5
3185,3185,1024,195.4367995262146,106.3022565369698,5
3186,3186,1024,117.21600294113159,177.35138621336878,5
3187,3187,1024,192.9792046546936,107.79126460398163,5
3188,3188,1024,116.71680212020874,178.3336086484167,5
3189,3189,1024,191.3983941078186,108.81799037596625,5
3190,3190,1024,116.67200326919556,178.62599609192168,5
3191,3191,1024,194.40640211105347,107.26869517438752,5
3192,3192,1024,36.62079870700836,569.8071644736298,5
3193,3193,1024,196.8832015991211,106.05206428181738,5
3194,3194,1024,115.12960195541382,181.4733150566368,5
3195,3195,1024,190.2143955230713,109.90774458741892,5
3196,3196,1024,114.97600078582764,181.9433953609784,5
3197,3197,1024,189.8303985595703,110.26799180127783,5
3198,3198,1024,113.74720335006714,184.13915397584705,5
3199,3199,1024,195.60320377349854,107.14760517046076,5
3200,3200,1024,34.591999650001526,606.2534751441891,5
3201,3201,1024,197.01119661331177,106.51490681104822,5
3202,3202,1024,110.64319610595703,189.7788868272713,5
3203,3203,1024,193.15199851989746,108.77889016424325,5
3204,3204,1024,107.96799659729004,194.72419819381642,5
3205,3205,1024,193.19679737091064,108.88952346146668,5
3206,3206,1024,108.86399745941162,193.3627041010347,5
3207,3207,1024,198.98879528045654,105.85204419330798,5
3208,3208,1024,38.50879967212677,547.3166873922452,5
3209,3209,1024,201.35040283203125,104.7410404517205,5
3210,3210,1024,109.29280519485474,193.08495890810454,5
3211,3211,1024,194.49599981307983,108.56751310203529,5
3212,3212,1024,109.3440055847168,193.23511333805803,5
3213,3213,1024,195.06560564041138,108.38537958851727,5
3214,3214,1024,112.1664047241211,188.60747351252652,5
3215,3215,1024,200.2432107925415,105.71438959761461,5
3216,3216,1024,42.713600397109985,495.9019911941951,5
3217,3217,1024,202.22079753875732,104.81085293879238,5
3218,3218,1024,110.4640007019043,191.9911737510915,5
3219,3219,1024,196.7743992805481,107.84581838689321,5
3220,3220,1024,112.89600133895874,188.0888866581344,5
3221,3221,1024,196.396803855896,108.18747530937546,5
3222,3222,1024,110.49599647521973,192.41303133338454,5
3223,3223,1024,202.02879905700684,105.30216034198699,5
3224,3224,1024,38.72640132904053,549.6837226658831,5
3225,3225,1024,202.3616075515747,105.25949194474191,5
3226,3226,1024,113.52319717407227,187.74745759951048,5
3227,3227,1024,197.11999893188477,108.19250967716147,5
3228,3228,1024,110.64319610595703,192.8733802263242,5
3229,3229,1024,197.52960205078125,108.10203101867458,5
3230,3230,1024,110.21440029144287,193.86377046465603,5
3231,3231,1024,201.22880935668945,106.24627455854532,5
3232,3232,1024,38.784000277519226,551.5946627197267,5
3233,3233,1024,201.66399478912354,106.14828836641948,5
3234,3234,1024,110.32320261001587,194.15256066954854,5
3235,3235,1024,197.57440090179443,108.47954341338631,5
3236,3236,1024,110.87360382080078,193.42776521147545,5
3237,3237,1024,197.50399589538574,108.65243518093979,5
3238,3238,1024,113.60640525817871,189.00827698228886,5
3239,3239,1024,204.24959659576416,105.19392040966011,5
3240,3240,1024,39.2192006111145,548.1775371501908,5
3241,3241,1024,204.65281009674072,105.116357199449,5
3242,3242,1024,110.98239421844482,193.9554036798976,5
3243,3243,1024,197.2223997116089,109.21130857091067,5
3244,3244,1024,113.67039680480957,189.60259076959687,5
3245,3245,1024,196.9215989112854,109.51308195357184,5
3246,3246,1024,111.135995388031,194.16557788192506,5
3247,3247,1024,204.87680435180664,105.39056629818815,5
3248,3248,1024,37.50399947166443,576.0821378083588,5
3249,3249,1024,204.12158966064453,105.91084502105547,5
3250,3250,1024,114.22719955444336,189.37696174272122,5
3251,3251,1024,196.9599962234497,109.89700681880369,5
3252,3252,1024,111.37919425964355,194.4585102807451,5
3253,3253,1024,198.52160215377808,109.16673146337268,5
3254,3254,1024,111.39839887619019,194.66420511215193,5
3255,3255,1024,203.99999618530273,106.36574316545642,5
3256,3256,1024,40.88959991931915,530.9894391444445,5
3257,3257,1024,204.99200820922852,105.98112844392317,5
3258,3258,1024,111.59039735794067,194.80732739279114,5
3259,3259,1024,199.3216037750244,109.1300364638426,5
3260,3260,1024,111.08479499816895,195.93432926944476,5
3261,3261,1024,198.4768033027649,109.72909400791731,5
3262,3262,1024,113.84960412979126,191.4107570120012,5
3263,3263,1024,201.92639827728271,107.98688184423071,5
3264,3264,1024,41.676801443099976,523.5231268356445,5
3265,3265,1024,202.28478908538818,107.92774334991766,5
3266,3266,1024,110.76480150222778,197.22435278828743,5
3267,3267,1024,199.90400075912476,109.3469654883945,5
3268,3268,1024,113.80480527877808,192.19117767849357,5
3269,3269,1024,197.80479669570923,110.64275332851291,5
3270,3270,1024,110.9887957572937,197.3087377926694,5
3271,3271,1024,205.5488109588623,106.60463111307158,5
3272,3272,1024,39.62880074977875,553.2808164052861,5
3273,3273,1024,206.31680488586426,106.33772369699568,5
3274,3274,1024,114.11199569702148,192.37826412471554,5
3275,3275,1024,198.81600141525269,110.48446726438799,5
3276,3276,1024,110.9503984451294,198.10200554502723,5
3277,3277,1024,196.96639776229858,111.65821806083551,5
3278,3278,1024,110.99519729614258,198.26390842196184,5
3279,3279,1024,203.7951946258545,108.04852591556867,5
3280,3280,1024,37.856000661849976,582.0267015740079,5
3281,3281,1024,203.97439002990723,108.08533426557848,5
3282,3282,1024,111.02080345153809,198.70222936757514,5
3283,3283,1024,198.83519411087036,111.01418122031163,5
3284,3284,1024,110.90559959411621,199.15113004962976,5
3285,3285,1024,197.8432059288025,111.70678667607746,5
3286,3286,1024,113.4592056274414,194.9060553148409,5
3287,3287,1024,202.58560180664062,109.22468089869297,5
3288,3288,1024,39.66720104217529,558.1642447738942,5
3289,3289,1024,203.4559965133667,108.8898011740072,5
3290,3290,1024,110.83519458770752,200.00647702619344,5
3291,3291,1024,196.93440198898315,112.63260488759529,5
3292,3292,1024,113.26080560684204,195.96114077665737,5
3293,3293,1024,197.54879474639893,112.41882179291214,5
3294,3294,1024,109.8688006401062,202.25662607158975,5
3295,3295,1024,203.28960418701172,109.3769024191972,5
3296,3296,1024,37.881600856781006,587.3216829488179,5
3297,3297,1024,205.70240020751953,108.22522250368083,5
3298,3298,1024,118.41919422149658,188.10881748050525,5
3299,3299,1024,199.30880069732666,111.83251903586898,5
3300,3300,1024,119.15520429611206,187.1736961196895,5
3301,3301,1024,196.1408019065857,113.77662694898314,5
3302,3302,1024,118.3616042137146,188.65714046660958,5
3303,3303,1024,202.0479917526245,110.58406786520199,5
3304,3304,1024,39.88479971885681,560.5348434890121,5
3305,3305,1024,203.83360385894775,109.74812188220064,5
3306,3306,1024,117.93919801712036,189.79181565021915,5
3307,3307,1024,200.58879852294922,111.6584680546732,5
3308,3308,1024,117.24159717559814,191.15216793263258,5
3309,3309,1024,196.96639776229858,113.84955679121573,5
3310,3310,1024,117.32480525970459,191.24764580117656,5
3311,3311,1024,201.27999782562256,111.54438021929445,5
3312,3312,1024,38.092800974845886,589.7496623268694,5
3313,3313,1024,201.6576051712036,111.4700558549028,5
3314,3314,1024,115.392005443573,194.92127311192996,5
3315,3315,1024,195.71199417114258,114.99516366032952,5
3316,3316,1024,115.07200002670288,195.6993280969677,5
3317,3317,1024,195.8143949508667,115.0737537843117,5
3318,3318,1024,113.6512041091919,198.3849280676162,5
3319,3319,1024,199.0272045135498,113.35273779853595,5
3320,3320,1024,39.5904004573822,570.1855737554374,5
3321,3321,1024,197.04960584640503,114.6283742663578,5
3322,3322,1024,113.03039789199829,199.95577520301723,5
3323,3323,1024,193.92640590667725,116.61480388020398,5
3324,3324,1024,111.33439540863037,203.24629028565155,5
3325,3325,1024,194.5024013519287,116.40946251883116,5
3326,3326,1024,111.02720499038696,204.05396362055208,5
3327,3327,1024,197.6256012916565,114.70764133714019,5
3328,3328,1024,41.27359986305237,549.571544698367,5
3329,3329,1024,194.34880018234253,116.78193817870596,5
3330,3330,1024,106.71360492706299,212.81323234766515,5
3331,3331,1024,191.70559644699097,118.53440561545314,5
3332,3332,1024,106.64960145950317,213.19680937236126,5
3333,3333,1024,191.8720006942749,118.57386481444475,5
3334,3334,1024,109.96479988098145,207.01768850249303,5
3335,3335,1024,196.40320539474487,115.9773169394998,5
3336,3336,1024,52.031999826431274,438.0377283984788,5
3337,3337,1024,197.72800207138062,115.33847038907048,5
3338,3338,1024,108.0064058303833,211.27742874655215,5
3339,3339,1024,193.0624008178711,118.26741049149138,5
3340,3340,1024,111.14879846572876,205.55029937678063,5
3341,3341,1024,193.7343955039978,117.99841441954105,5
3342,3342,1024,108.6016058921814,210.6233888908523,5
3343,3343,1024,199.23839569091797,114.8760964101826,5
3344,3344,1024,42.316800355911255,541.1898805057195,5
3345,3345,1024,202.88000106811523,112.94914767033367,5
3346,3346,1024,112.47999668121338,203.8480356021349,5
3347,3347,1024,195.19360065460205,117.53732476402827,5
3348,3348,1024,109.55519676208496,209.54044783336772,5
3349,3349,1024,195.55200338363647,117.46215866138294,5
3350,3350,1024,109.76639986038208,209.38720800931986,5
3351,3351,1024,201.52959823608398,114.11427328436119,5
3352,3352,1024,44.46080029010773,517.5599908650282,5
3353,3353,1024,202.10559368133545,113.92491822024398,5
3354,3354,1024,109.81119871139526,209.80190944413442,5
3355,3355,1024,195.2064037322998,118.09212586905338,5
3356,3356,1024,109.74080562591553,210.1869327133215,5
3357,3357,1024,195.14240026474,118.27174166500332,5
3358,3358,1024,112.37119436264038,205.5115993292124,5
3359,3359,1024,201.4080047607422,114.72900650324108,5
3360,3360,1024,40.85119962692261,565.9833985575849,5
3361,3361,1024,200.7551908493042,115.23918913442225,5
3362,3362,1024,109.7599983215332,210.90228194235132,5
3363,3363,1024,195.8783984184265,118.24890901201633,5
3364,3364,1024,113.13279867172241,204.85822042863416,5
3365,3365,1024,195.91039419174194,118.37026256658673,5
3366,3366,1024,110.25279760360718,210.45951116292431,5
3367,3367,1024,202.09920406341553,114.8818926803626,5
3368,3368,1024,43.92960071563721,528.8309470960104,5
3369,3369,1024,203.10399532318115,114.44939667982462,5
3370,3370,1024,113.47839832305908,204.96351326518266,5
3371,3371,1024,196.61439657211304,118.36740937464448,5
3372,3372,1024,110.47680377960205,210.78222427991284,5
3373,3373,1024,196.24320268630981,118.73206242585167,5
3374,3374,1024,110.66240072250366,210.67840473172535,5
3375,3375,1024,202.73280143737793,115.06771392988313,5
3376,3376,1024,40.71680009365082,573.2726047801534,5
3377,3377,1024,203.5775899887085,114.72606681951305,5
3378,3378,1024,111.16160154342651,210.2298825091185,5
3379,3379,1024,196.55040502548218,118.968611461108,5
3380,3380,1024,110.7200026512146,211.31837644282547,5
3381,3381,1024,196.9599962234497,118.86179009386437,5
3382,3382,1024,113.72159719467163,205.98434184757969,5
3383,3383,1024,202.95040607452393,115.48990477699877,5
3384,3384,1024,43.94879937171936,533.6341884937025,5
3385,3385,1024,203.55839729309082,115.28114345591038,5
3386,3386,1024,110.76480150222778,211.98351362122693,5
3387,3387,1024,196.97279930114746,119.2762807624024,5
3388,3388,1024,113.56159448623657,207.0071155512802,5
3389,3389,1024,197.1519947052002,119.30864530775945,5
3390,3390,1024,110.40639877319336,213.17442703977127,5
3391,3391,1024,202.36799716949463,116.37071383513171,5
3392,3392,1024,42.52159893512726,554.1560162859732,5
3393,3393,1024,201.56800746917725,116.9704252576161,5
3394,3394,1024,113.49760293960571,207.85809318416568,5
3395,3395,1024,197.44640588760376,119.55294447566345,5
3396,3396,1024,110.5728030204773,213.60774551067402,5
3397,3397,1024,197.34400510787964,119.75595214600398,5
3398,3398,1024,111.26400232315063,212.53087160500047,5
3399,3399,1024,204.78079319000244,115.54284598383492,5
3400,3400,1024,44.095999002456665,536.8940614925411,5
3401,3401,1024,204.4543981552124,115.86353075181363,5
3402,3402,1024,110.68799495697021,214.14012424034243,5
3403,3403,1024,197.19680547714233,120.26907623891033,5
3404,3404,1024,110.67520380020142,214.41675780277004,5
3405,3405,1024,197.2864031791687,120.3558016029924,5
3406,3406,1024,113.39520215988159,209.51955352133578,5
3407,3407,1024,203.385591506958,116.88372305953995,5
3408,3408,1024,40.908798575401306,581.4500327639275,5
3409,3409,1024,203.2639980316162,117.09099357721985,5
3410,3410,1024,110.36159992218018,215.78473687217593,5
3411,3411,1024,196.18560075759888,121.45803828611034,5
3412,3412,1024,113.08799982070923,210.8295464576241,5
3413,3413,1024,195.8847999572754,121.78724085382487,5
3414,3414,1024,110.02240180969238,216.95809776347892,5
3415,3415,1024,201.85599327087402,118.32314915688103,5
3416,3416,1024,43.935999274253845,543.9326994436695,5
3417,3417,1024,202.18238830566406,118.2705421198653,5
3418,3418,1024,112.84480094909668,212.02765701889015,5
3419,3419,1024,195.48159837722778,122.46790044043792,5
3420,3420,1024,109.69599485397339,218.36920510988315,5
3421,3421,1024,194.57919597625732,123.17985716687113,5
3422,3422,1024,109.17119979858398,219.67562943565875,5
3423,3423,1024,201.52959823608398,119.07070128671282,5
3424,3424,1024,41.18399918079376,583.0005275251958,5
3425,3425,1024,201.54879093170166,119.19853197304003,5
3426,3426,1024,109.3951940536499,219.7386371124406,5
3427,3427,1024,194.95680332183838,123.37289790443408,5
3428,3428,1024,110.04799604415894,218.69025967853946,5
3429,3429,1024,195.10400295257568,123.42375145349166,5
3430,3430,1024,112.6911997795105,213.81008674273485,5
3431,3431,1024,202.71999835968018,118.92544752898468,5
3432,3432,1024,44.47999894618988,542.3251466615947,5
3433,3433,1024,203.0911922454834,118.84652015250938,5
3434,3434,1024,110.22080183029175,219.11240607000107,5
3435,3435,1024,195.91679573059082,123.34222142561747,5
3436,3436,1024,112.61440515518188,214.7050776912746,5
3437,3437,1024,194.6176052093506,124.3102364042327,5
3438,3438,1024,109.73440408706665,220.5966370655587,5
3439,3439,1024,201.094388961792,120.4465461868358,5
3440,3440,1024,41.177600622177124,588.5533016449623,5
3441,3441,1024,201.17759704589844,120.5368065036961,5
3442,3442,1024,112.07679510116577,216.48907296196967,5
3443,3443,1024,194.5088028907776,124.8144124645738,5
3444,3444,1024,108.84480476379395,223.1765363603311,5
3445,3445,1024,194.15040016174316,125.19013702650807,5
3446,3446,1024,108.79360437393188,223.5409710704216,5
3447,3447,1024,199.71840381622314,121.84127434941654,5
3448,3448,1024,44.627198576927185,545.5880397697258,5
3449,3449,1024,199.180805683136,122.3119404725988,5
3450,3450,1024,108.1536054611206,225.3861061410743,5
3451,3451,1024,193.08799505233765,126.31781298153116,5
3452,3452,1024,108.0191969871521,225.92827268381475,5
3453,3453,1024,192.0896053314209,127.12156907121161,5
3454,3454,1024,110.70079803466797,220.7109433876746,5
3455,3455,1024,196.67199850082397,124.30354796998505,5
3456,3456,1024,42.71999895572662,572.5932005136666,5
3457,3457,1024,199.0272045135498,122.97484060945908,5
3458,3458,1024,108.19840431213379,226.33883399381753,5
3459,3459,1024,193.1712031364441,126.84948009922648,5
3460,3460,1024,111.07840538024902,220.72550209979468,5
3461,3461,1024,191.85279607772827,127.86892612219721,5
3462,3462,1024,108.40959548950195,226.42081820494366,5
3463,3463,1024,199.8144030570984,122.91592265739574,5
3464,3464,1024,43.116798996925354,569.9532149812978,5
3465,3465,1024,200.69758892059326,122.51641353663013,5
3466,3466,1024,112.03839778900146,219.59385329959807,5
3467,3467,1024,193.3184027671814,127.33988031986325,5
3468,3468,1024,109.33120250701904,225.29108422107288,5
3469,3469,1024,194.96959447860718,126.40715694110041,5
3470,3470,1024,109.52320098876953,225.15561065941276,5
3471,3471,1024,202.84159183502197,121.64161277174455,5
3472,3472,1024,42.59839951992035,579.556929608471,5
3473,3473,1024,201.92639827728271,122.33378697756476,5
3474,3474,1024,110.04799604415894,224.59880539834597,5
3475,3475,1024,195.5008029937744,126.50014537683275,5
3476,3476,1024,110.26560068130493,224.41373823845166,5
3477,3477,1024,196.2496042251587,126.16257489922579,5
3478,3478,1024,113.38239908218384,218.49598731848283,5
3479,3479,1024,204.15360927581787,121.41762889193328,5
3480,3480,1024,44.16640102863312,561.5603404932355,5
3481,3481,1024,205.06880283355713,121.01477643160597,5
3482,3482,1024,110.94399690628052,223.81215968787893,5
3483,3483,1024,196.89600467681885,126.18275273172704,5
3484,3484,1024,113.36959600448608,219.27526571600654,5
3485,3485,1024,196.59520387649536,126.52099496601114,5
3486,3486,1024,109.99679565429688,226.25838561896143,5
3487,3487,1024,202.98879146575928,122.67661643869896,5
3488,3488,1024,42.208001017570496,590.320847026794,5
3489,3489,1024,204.35199737548828,121.99808236858655,5
3490,3490,1024,113.38880062103271,219.9939029549355,5
3491,3491,1024,195.9231972694397,127.39247948100504,5
3492,3492,1024,111.10399961471558,224.77537405136135,5
3493,3493,1024,198.18240404129028,126.08459602091581,5
3494,3494,1024,110.51520109176636,226.2318439545663,5
3495,3495,1024,203.78880500793457,122.75635650852351,5
3496,3496,1024,44.492799043655396,562.5784240600466,5
3497,3497,1024,204.85761165618896,122.25569862658,5
3498,3498,1024,110.66240072250366,226.44851393418287,5
3499,3499,1024,195.89760303497314,127.99373580657675,5
3500,3500,1024,110.62400341033936,226.78622384457276,5
3501,3501,1024,195.98079919815063,128.0857010008401,5
3502,3502,1024,113.97119760513306,220.37743499914572,5
3503,3503,1024,204.256010055542,123.03690072652594,5
3504,3504,1024,42.17599928379059,596.2010905492422,5
3505,3505,1024,204.6463966369629,122.94245886299515,5
3506,3506,1024,111.40480041503906,225.96952406192392,5
3507,3507,1024,197.3952054977417,127.60417502788927,5
3508,3508,1024,113.99680376052856,221.08355884208117,5
3509,3509,1024,197.35039472579956,127.77876590030131,5
3510,3510,1024,111.50720119476318,226.27744692407342,5
3511,3511,1024,204.04479503631592,123.72745800012555,5
3512,3512,1024,44.47360038757324,567.9847525692614,5
3513,3513,1024,206.09281063079834,122.6375341994728,5
3514,3514,1024,114.79040384292603,220.3067901268512,5
3515,3515,1024,198.31680059432983,127.5913121035065,5
3516,3516,1024,111.18719577789307,227.70517873816067,5
3517,3517,1024,198.76480102539062,127.44864151658322,5
3518,3518,1024,110.82240343093872,228.71468915394289,5
3519,3519,1024,204.26878929138184,124.15564519660073,5
3520,3520,1024,42.15039908885956,602.023699621549,5
3521,3521,1024,202.41920948028564,125.43255767666074,5
3522,3522,1024,110.92480421066284,229.02346695833032,5
3523,3523,1024,198.61119985580444,127.98276940300723,5
3524,3524,1024,110.8672022819519,229.40277308810818,5
3525,3525,1024,198.18880558013916,128.40119766355843,5
3526,3526,1024,114.50879573822021,222.35951643583107,5
3527,3527,1024,204.4991970062256,124.58026909134718,5
3528,3528,1024,45.260798931121826,563.2029092281907,5
3529,3529,1024,206.5920114517212,123.45814433371937,5
3530,3530,1024,111.52640581130981,228.8240440849215,5
3531,3531,1024,198.65599870681763,128.53568124909432,5
3532,3532,1024,114.18240070343018,223.75470295425734,5
3533,3533,1024,198.4447956085205,128.81828517402752,5
3534,3534,1024,111.64159774780273,229.10628299838544,5
3535,3535,1024,206.48961067199707,123.93974068096142,5
3536,3536,1024,42.89279878139496,596.9941560238569,5
3537,3537,1024,206.70719146728516,123.94941622558393,5
3538,3538,1024,114.48960304260254,223.91312949579128,5
3539,3539,1024,199.97440576553345,128.26750958357363,5
3540,3540,1024,111.62240505218506,229.92442053189393,5
3541,3541,1024,200.8512020111084,127.85195423714602,5
3542,3542,1024,111.57759428024292,230.27674003677274,5
3543,3543,1024,206.47039413452148,124.5129349404464,5
3544,3544,1024,44.67200040817261,575.8136795524855,5
3545,3545,1024,206.84800148010254,124.42598920867873,5
3546,3546,1024,111.7184042930603,230.50624228795618,5
3547,3547,1024,200.83839893341064,128.2937733463161,5
3548,3548,1024,112.33919858932495,229.49110297863413,5
3549,3549,1024,201.88798904418945,127.77075729034026,5
3550,3550,1024,113.81759643554688,226.76563913046394,5
3551,3551,1024,206.80959224700928,124.87072077950705,5
3552,3552,1024,43.25760006904602,597.3287873288584,5
3553,3553,1024,206.89918994903564,124.95728397181433,5
3554,3554,1024,111.33439540863037,232.34613052917132,5
3555,3555,1024,202.88000106811523,127.57627693086474,5
3556,3556,1024,113.99680376052856,227.17512836940546,5
3557,3557,1024,201.6319990158081,128.5103856455269,5
3558,3558,1024,111.29599809646606,232.9497728168829,5
3559,3559,1024,207.4687957763672,125.03544444323101,5
3560,3560,1024,44.9535995721817,577.3849713263422,5
3561,3561,1024,209.004807472229,124.25607296832499,5
3562,3562,1024,113.83039951324463,228.27561550442044,5
3563,3563,1024,204.12158966064453,127.37161490474504,5
3564,3564,1024,110.94399690628052,234.47769445313145,5
3565,3565,1024,204.28800582885742,127.41077330700172,5
3566,3566,1024,110.77760457992554,235.09352081367697,5
3567,3567,1024,208.01920890808105,125.26586178641948,5
3568,3568,1024,42.99519956111908,606.4006730550778,5
3569,3569,1024,205.56159019470215,126.90568555775032,5
3570,3570,1024,110.0160002708435,237.25235543686136,5
3571,3571,1024,202.19519138336182,129.1632100116751,5
3572,3572,1024,109.33760404586792,238.99196493310697,5
3573,3573,1024,202.3871898651123,129.18526024016393,5
3574,3574,1024,111.87200546264648,233.83936615612674,5
3575,3575,1024,205.72800636291504,127.22973630447969,5
3576,3576,1024,45.100799202919006,580.6851699050375,5
3577,3577,1024,203.25119495391846,128.92428306727066,5
3578,3578,1024,108.0191969871521,242.72230088063398,5
3579,3579,1024,200.83200931549072,130.62322912275195,5
3580,3580,1024,110.55359840393066,237.4231827723734,5
3581,3581,1024,199.98079538345337,131.32587495535586,5
3582,3582,1024,107.55200386047363,244.32201919816728,5
3583,3583,1024,199.9616026878357,131.48522675648383,5
3584,3584,1024,42.24640130996704,622.6962267149028,5
3585,3585,1024,262.771201133728,100.1683467839563,5
3586,3586,1024,148.2751965522766,177.61597098078934,5
3587,3587,1024,259.9616050720215,101.36394297419275,5
3588,3588,1024,149.510395526886,176.3451137901564,5
3589,3589,1024,261.58080101013184,100.8488624017105,5
3590,3590,1024,149.9135971069336,176.0669432884899,5
3591,3591,1024,264.40320014953613,99.88356976414732,5
3592,3592,1024,51.53279900550842,512.7655936013775,5
3593,3593,1024,266.04158878326416,99.37905300039013,5
3594,3594,1024,152.89599895477295,173.01747795130382,5
3595,3595,1024,262.444806098938,100.85321783819866,5
3596,3596,1024,154.9504041671753,170.9135933548613,5
3597,3597,1024,263.45601081848145,100.5779353816177,5
3598,3598,1024,155.37919998168945,170.63157098971007,5
3599,3599,1024,268.25599670410156,98.8881395902618,5
3600,3600,1024,46.83519899845123,566.7122285714578,5
3601,3601,1024,269.4080114364624,98.57475101204703,5
3602,3602,1024,157.2543978691101,168.9719318000678,5
3603,3603,1024,265.4975891113281,100.13776517138864,5
3604,3604,1024,158.50239992141724,167.82771226926766,5
3605,3605,1024,265.25440216064453,100.34087646877502,5
3606,3606,1024,157.64479637145996,168.92804546018758,5
3607,3607,1024,270.36800384521484,98.5523404139731,5
3608,3608,1024,49.17120039463043,542.190869005332,5
3609,3609,1024,272.63360023498535,97.8417783611727,5
3610,3610,1024,158.71360301971436,168.1629065952512,5
3611,3611,1024,263.57760429382324,101.31562383513858,5
3612,3612,1024,158.11200141906738,168.9898418348514,5
3613,3613,1024,263.58399391174316,101.42542616207373,5
3614,3614,1024,157.4336051940918,169.90603610342677,5
3615,3615,1024,269.63839530944824,99.2578403727883,5
3616,3616,1024,46.79040014743805,572.3082898120124,5
3617,3617,1024,269.6000099182129,99.38184750114866,5
3618,3618,1024,158.02240371704102,169.64787094368842,5
3619,3619,1024,263.06560039520264,101.96310611385113,5
3620,3620,1024,159.72479581832886,168.02532795550013,5
3621,3621,1024,263.21918964385986,102.01627322207051,5
3622,3622,1024,159.64159965515137,168.29870466117592,5
3623,3623,1024,269.267201423645,99.83507850146727,5
3624,3624,1024,49.79200065135956,540.1902654270145,5
3625,3625,1024,270.5728054046631,99.46306303677109,5
3626,3626,1024,159.28959846496582,169.04336697114783,5
3627,3627,1024,262.14399337768555,102.77444790880092,5
3628,3628,1024,160.2239966392517,168.24297856389992,5
3629,3629,1024,262.5407934188843,102.73231986835299,5
3630,3630,1024,159.64800119400024,169.0361983749921,5
3631,3631,1024,269.29919719696045,100.26454593643608,5
3632,3632,1024,46.89280092716217,576.1233242169426,5
3633,3633,1024,271.07839584350586,99.71622780151395,5
3634,3634,1024,160.75520515441895,168.24212853338238,5
3635,3635,1024,261.1072063446045,103.63821504139494,5
3636,3636,1024,159.5136046409607,169.7383484558746,5
3637,3637,1024,260.75520515441895,103.89234951592645,5
3638,3638,1024,159.6351981163025,169.7956993936409,5
3639,3639,1024,268.27518939971924,101.0912468971996,5
3640,3640,1024,49.38879907131195,549.4197330212425,5
3641,3641,1024,269.2608118057251,100.8319484217745,5
3642,3642,1024,159.02080535888672,170.82675320812612,5
3643,3643,1024,260.1664066314697,104.47131858380489,5
3644,3644,1024,158.41920375823975,171.66385566172582,5
3645,3645,1024,259.1360092163086,105.00192266713185,5
3646,3646,1024,158.72000455856323,171.52665313813574,5
3647,3647,1024,265.26079177856445,102.69006229439002,5
3648,3648,1024,47.71200120449066,571.2312773297549,5
3649,3649,1024,267.68639087677,101.87119172806057,5
3650,3650,1024,157.83679485321045,172.8651422843121,5
3651,3651,1024,258.7071895599365,105.52251174169766,5
3652,3652,1024,159.00800228118896,171.7799645309509,5
3653,3653,1024,257.47199058532715,106.14494248430863,5
3654,3654,1024,158.43199491500854,172.5933854627594,5
3655,3655,1024,266.9951915740967,102.47107087847024,5
3656,3656,1024,52.51839756965637,521.2317472499592,5
3657,3657,1024,268.4607982635498,102.02321280856731,5
3658,3658,1024,159.68639850616455,171.61270169758438,5
3659,3659,1024,258.4831953048706,106.07730013419307,5
3660,3660,1024,158.49599838256836,173.09073465552714,5
3661,3661,1024,257.97119140625,106.40406030754556,5
3662,3662,1024,158.72639417648315,173.02843584705514,5
3663,3663,1024,268.54400634765625,102.32654858222952,5
3664,3664,1024,45.51039934158325,604.1297682676741,5
3665,3665,1024,267.1488046646118,102.9733104534607,5
3666,3666,1024,158.18239450454712,174.00299682028637,5
3667,3667,1024,257.8752040863037,106.79285264970021,5
3668,3668,1024,157.86240100860596,174.5460006686321,5
3669,3669,1024,259.14878845214844,106.38396996824333,5
3670,3670,1024,157.85599946975708,174.74348325471627,5
3671,3671,1024,265.28639793395996,104.03602213661381,5
3672,3672,1024,47.839999198913574,577.2236725419325,5
3673,3673,1024,264.94719982147217,104.28274996156735,5
3674,3674,1024,157.45279788970947,175.5730582022686,5
3675,3675,1024,258.0159902572632,107.20079779714887,5
3676,3676,1024,157.84319639205933,175.3295389385072,5
3677,3677,1024,257.52320289611816,107.52286970883037,5
3678,3678,1024,156.42240047454834,177.11463797992198,5
3679,3679,1024,264.2560005187988,104.89738705489889,5
3680,3680,1024,51.93600058555603,534.0194640962277,5
3681,3681,1024,267.01440811157227,103.92664097888184,5
3682,3682,1024,157.4015974998474,176.39585870166863,5
3683,3683,1024,257.4592113494873,107.9008722445359,5
3684,3684,1024,157.12000131607056,176.90402784611646,5
3685,3685,1024,257.61280059814453,107.95369149137035,5
3686,3686,1024,156.94719552993774,177.29114887364972,5
3687,3687,1024,266.89279079437256,104.3132279037453,5
3688,3688,1024,47.571200132369995,585.5549667548872,5
3689,3689,1024,267.66719818115234,104.12430360307967,5
3690,3690,1024,156.76159858703613,177.8865044203887,5
3691,3691,1024,258.42559337615967,107.96488352215165,5
3692,3692,1024,155.7695984840393,179.21346491023004,5
3693,3693,1024,259.5072031021118,107.63143996819832,5
3694,3694,1024,156.88960552215576,178.12692201621644,5
3695,3695,1024,264.76800441741943,105.6071531812338,5
3696,3696,1024,45.875200629234314,609.8399916353009,5
3697,3697,1024,264.3775939941406,105.87762907253169,5
3698,3698,1024,154.48319911956787,181.29361608004447,5
3699,3699,1024,258.17599296569824,108.53823597658459,5
3700,3700,1024,154.14400100708008,181.8891414315385,5
3701,3701,1024,254.86080646514893,110.0690123251102,5
3702,3702,1024,152.67839431762695,183.83372917591376,5
3703,3703,1024,263.3919954299927,106.61904886727706,5
3704,3704,1024,47.12960124015808,596.1810163600221,5
3705,3705,1024,263.1999969482422,106.81211066096009,5
3706,3706,1024,152.19839811325073,184.81222717646398,5
3707,3707,1024,254.50239181518555,110.58169847156917,5
3708,3708,1024,150.51519870758057,187.0807261578018,5
3709,3709,1024,256.5119981765747,109.83378121987936,5
3710,3710,1024,149.81119632720947,188.16268403885772,5
3711,3711,1024,262.11841106414795,107.60051113348787,5
3712,3712,1024,50.85440278053284,554.9033273241465,5
3713,3713,1024,259.92960929870605,108.62357616039611,5
3714,3714,1024,150.0480055809021,188.27104098207076,5
3715,3715,1024,254.55999374389648,111.034371050607,5
3716,3716,1024,151.33440494537354,186.87176586320965,5
3717,3717,1024,256.0192108154297,110.5204182993861,5
3718,3718,1024,152.71680355072021,185.37958164241897,5
3719,3719,1024,263.0079984664917,107.69941710198151,5
3720,3720,1024,48.895999789237976,579.6188506659367,5
3721,3721,1024,264.5695924758911,107.17891690665081,5
3722,3722,1024,153.88799905776978,184.36477051956007,5
3723,3723,1024,257.51678943634033,110.23270775522535,5
3724,3724,1024,155.18720149993896,183.01782733037538,5
3725,3725,1024,257.42080211639404,110.39232170192288,5
3726,3726,1024,154.8095941543579,183.66135382830612,5
3727,3727,1024,265.7536029815674,107.04578629540964,5
3728,3728,1024,52.2816002368927,544.4185163237397,5
3729,3729,1024,266.8351888656616,106.7263402891642,5
3730,3730,1024,156.48000240325928,182.09112194777495,5
3731,3731,1024,258.6688041687012,110.21390623280102,5
3732,3732,1024,155.97440004348755,182.8773410511412,5
3733,3733,1024,257.9263925552368,110.6496764028833,5
3734,3734,1024,156.1728000640869,182.84082936517945,5
3735,3735,1024,267.32800006866455,106.8726837168633,5
3736,3736,1024,49.04319941997528,582.8608603450367,5
3737,3737,1024,266.00959300994873,107.51742367024464,5
3738,3738,1024,156.61439895629883,182.71611743684505,5
3739,3739,1024,257.8943967819214,111.01942564580402,5
3740,3740,1024,156.1087965965271,183.50410370556463,5
3741,3741,1024,260.3775978088379,110.07830984385532,5
3742,3742,1024,156.39679431915283,183.36214112854165,5
3743,3743,1024,265.6831979751587,107.99546441278062,5
3744,3744,1024,46.854400634765625,612.7047478801584,5
3745,3745,1024,265.8047914505005,108.06145007114738,5
3746,3746,1024,155.89760541915894,184.3427465786347,5
3747,3747,1024,258.4320068359375,111.26306986523576,5
3748,3748,1024,157.5935959815979,182.55366287446967,5
3749,3749,1024,257.27360248565674,111.88338706301894,5
3750,3750,1024,156.90879821777344,183.54611294663368,5
3751,3751,1024,265.74079990386963,108.43409088263378,5
3752,3752,1024,55.878400802612305,515.9547835637445,5
3753,3753,1024,267.8528070449829,107.69384405650683,5
3754,3754,1024,158.1439971923828,182.50122217974484,5
3755,3755,1024,258.6303949356079,111.6529679629866,5
3756,3756,1024,157.35679864883423,183.60969450374648,5
3757,3757,1024,260.02559661865234,111.17221045893903,5
3758,3758,1024,158.18239450454712,182.84595553501106,5
3759,3759,1024,266.8031930923462,108.463491581916,5
3760,3760,1024,48.8319993019104,592.9268761041138,5
3761,3761,1024,267.40479469299316,108.33466109408951,5
3762,3762,1024,158.7391972541809,182.59267662534813,5
3763,3763,1024,260.8448028564453,111.17731997888426,5
3764,3764,1024,158.53439569473267,183.02300444548922,5
3765,3765,1024,261.87520027160645,110.85761755939606,5
3766,3766,1024,159.660804271698,181.92495284297425,5
3767,3767,1024,268.97919178009033,108.04446128219473,5
3768,3768,1024,51.22560262680054,567.6291163197998,5
3769,3769,1024,270.3295946121216,107.61892115342776,5
3770,3770,1024,158.75840187072754,183.34789754120754,5
3771,3771,1024,262.12480068206787,111.10533262102106,5
3772,3772,1024,159.98079776763916,182.14005454781028,5
3773,3773,1024,261.38880252838135,111.53638989120219,5
3774,3774,1024,157.97120332717896,184.65276603347448,5
3775,3775,1024,266.47040843963623,109.52540723339405,5
3776,3776,1024,50.87360143661499,573.9861858292483,5
3777,3777,1024,267.5647974014282,109.19303763329835,5
3778,3778,1024,159.13599729537964,183.6899641112735,5
3779,3779,1024,262.4000072479248,111.46021936030759,5
3780,3780,1024,158.9311957359314,184.12145623456266,5
3781,3781,1024,262.96958923339844,111.33655497333656,5
3782,3782,1024,158.86080265045166,184.39801803378788,5
3783,3783,1024,271.724796295166,107.86321554607936,5
3784,3784,1024,50.809597969055176,577.1470088360021,5
3785,3785,1024,273.26080799102783,107.3703507491764,5
3786,3786,1024,159.28959846496582,184.29084190614293,5
3787,3787,1024,263.7439966201782,111.36224554258882,5
3788,3788,1024,158.69439840316772,185.17753372329122,5
3789,3789,1024,264.5632028579712,111.13471068682341,5
3790,3790,1024,161.99040412902832,181.6013544639859,5
3791,3791,1024,272.0383882522583,108.19503407992148,5
3792,3792,1024,48.99199903011322,601.092693806986,5
3793,3793,1024,270.4063892364502,108.96290888391583,5
3794,3794,1024,158.23359489440918,186.3056005753529,5
3795,3795,1024,265.4911994934082,111.09726897268521,5
3796,3796,1024,158.3359956741333,186.38145699184858,5
3797,3797,1024,264.3392086029053,111.699071008248,5
3798,3798,1024,157.54879713058472,187.5101500617237,5
3799,3799,1024,271.2127923965454,108.98290226953355,5
3800,3800,1024,50.892800092697144,581.0865180562857,5
3801,3801,1024,272.97279834747314,108.39426868583406,5
3802,3802,1024,157.9584002494812,187.41806542255884,5
3803,3803,1024,262.0352029800415,113.0376090507811,5
3804,3804,1024,156.71679973602295,189.10169182830754,5
3805,3805,1024,263.94240856170654,112.33888241596445,5
3806,3806,1024,155.63520193099976,190.61614698937174,5
3807,3807,1024,269.6320056915283,110.0840157156929,5
3808,3808,1024,47.999998927116394,618.7035444957686,5
3809,3809,1024,269.1391944885254,110.40149371208294,5
3810,3810,1024,155.44960498809814,191.24508423341553,5
3811,3811,1024,263.89760971069336,112.71258061264176,5
3812,3812,1024,155.96799850463867,190.80960708176875,5
3813,3813,1024,263.8848066329956,112.83638831625291,5
3814,3814,1024,156.42880201339722,190.44720808798712,5
3815,3815,1024,269.1839933395386,110.73114872176856,5
3816,3816,1024,50.92480182647705,585.6219370203706,5
3817,3817,1024,269.9392080307007,110.5371601616555,5
3818,3818,1024,155.12959957122803,192.44522021919167,5
3819,3819,1024,263.35999965667725,113.41733963752566,5
3820,3820,1024,155.27679920196533,192.46426609508413,5
3821,3821,1024,262.0352029800415,114.11017919709616,5
3822,3822,1024,154.25920486450195,193.93680175052154,5
3823,3823,1024,265.74718952178955,112.63409350015255,5
3824,3824,1024,49.452799558639526,605.5846203911834,5
3825,3825,1024,267.6543951034546,111.9485446462346,5
3826,3826,1024,153.27999591827393,195.58448621034904,5
3827,3827,1024,258.9184045791626,115.84677667372723,5
3828,3828,1024,151.3535976409912,198.2809824130155,5
3829,3829,1024,258.3359956741333,116.22933726152228,5
3830,3830,1024,150.75839757919312,199.27186599485472,5
3831,3831,1024,264.684796333313,113.55996772156489,5
3832,3832,1024,51.923197507858276,579.1879582810474,5
3833,3833,1024,261.0176086425781,115.2757043039271,5
3834,3834,1024,148.2624053955078,203.05006254075076,5
3835,3835,1024,253.4912109375,118.82225300279303,5
3836,3836,1024,146.54079675674438,205.649946465253,5
3837,3837,1024,255.57119846343994,117.97816613640559,5
3838,3838,1024,147.20640182495117,204.9336125196062,5
3839,3839,1024,258.4768056869507,116.7735810096473,5
3840,3840,1024,51.155197620391846,590.3405754406052,5
3841,3841,1024,255.34720420837402,118.32798240995629,5
3842,3842,1024,140.2624011039734,215.52785375170384,5
3843,3843,1024,252.75518894195557,119.66596325326458,5
3844,3844,1024,148.65920543670654,203.56584066961386,5
3845,3845,1024,253.06239128112793,119.64513196417407,5
3846,3846,1024,148.81919622421265,203.55864792039043,5
3847,3847,1024,258.9951992034912,117.0260673758135,5
3848,3848,1024,61.01120114326477,497.03904240127673,5
3849,3849,1024,260.5760097503662,116.43709057125649,5
3850,3850,1024,152.23679542541504,199.40304126325668,5
3851,3851,1024,254.62400913238525,119.28274851806582,5
3852,3852,1024,152.4351954460144,199.3504669514597,5
3853,3853,1024,255.13598918914795,119.16706587975636,5
3854,3854,1024,153.70240211486816,197.91226909561362,5
3855,3855,1024,265.2928113937378,114.72372372287515,5
3856,3856,1024,54.16960120201111,562.1450158815175,5
3857,3857,1024,265.81759452819824,114.61606823309069,5
3858,3858,1024,155.57760000228882,195.93288411411118,5
3859,3859,1024,259.8975896835327,117.34842298898168,5
3860,3860,1024,155.9167981147766,195.70938583241775,5
3861,3861,1024,260.95359325408936,116.99472318924113,5
3862,3862,1024,156.81920051574707,194.7848861079528,5
3863,3863,1024,268.80640983581543,113.6945764450591,5
3864,3864,1024,54.91200089454651,556.848326592972,5
3865,3865,1024,268.80640983581543,113.8123336370075,5
3866,3866,1024,157.35679864883423,194.5217375469704,5
3867,3867,1024,260.9215974807739,117.37301690503648,5
3868,3868,1024,157.57440328598022,194.45414809148895,5
3869,3869,1024,259.71200466156006,118.04168146924908,5
3870,3870,1024,156.5440058708191,195.93654212037518,5
3871,3871,1024,268.9280033111572,114.11435176013447,5
3872,3872,1024,53.593599796295166,572.9117385043156,5
3873,3873,1024,270.66240310668945,113.5003008891882,5
3874,3874,1024,157.67040252685547,194.93912335744065,5
3875,3875,1024,261.70239448547363,117.50752246826292,5
3876,3876,1024,158.72639417648315,193.84220379749897,5
3877,3877,1024,262.18879222869873,117.4106334993463,5
3878,3878,1024,158.72000455856323,194.0501105557605,5
3879,3879,1024,271.9935894012451,113.29502594467742,5
3880,3880,1024,55.430400371551514,556.2184467969957,5
3881,3881,1024,271.92320823669434,113.44123926762848,5
3882,3882,1024,158.92479419708252,194.20005863733613,5
3883,3883,1024,263.7824058532715,117.06280019743414,5
3884,3884,1024,159.0656042098999,194.22812393326427,5
3885,3885,1024,266.13121032714844,116.14919107759657,5
3886,3886,1024,160.49280166625977,192.6992331550887,5
3887,3887,1024,274.2527961730957,112.82568252274211,5
3888,3888,1024,53.92000079154968,574.1595262893957,5
3889,3889,1024,275.43039321899414,112.45893761394791,5
3890,3890,1024,160.33920049667358,193.28112341836788,5
3891,3891,1024,267.30239391326904,115.99775009145858,5
3892,3892,1024,160.972797870636,192.71837405056985,5
3893,3893,1024,265.89438915252686,116.73190867594897,5
3894,3894,1024,160.972797870636,192.91649110153662,5
3895,3895,1024,273.97758960723877,113.40438188590844,5
3896,3896,1024,53.6512017250061,579.4132129105905,5
3897,3897,1024,275.55840015411377,112.86963204389791,5
3898,3898,1024,161.39520406723022,192.80708848719902,5
3899,3899,1024,265.0752067565918,117.45386537258926,5
3900,3900,1024,160.60800552368164,193.95097958181745,5
3901,3901,1024,266.79680347442627,116.81570409439864,5
3902,3902,1024,159.7823977470398,195.15314222137272,5
3903,3903,1024,273.45919609069824,114.08656968936802,5
3904,3904,1024,59.71840023994446,522.6866467049391,5
3905,3905,1024,272.5183963775635,114.59777987513205,5
3906,3906,1024,159.7440004348755,195.60046100597305,5
3907,3907,1024,265.7279968261719,117.64662182905136,5
3908,3908,1024,160.51199436187744,194.86398132642424,5
3909,3909,1024,266.9568061828613,117.22501454622619,5
3910,3910,1024,161.39520406723022,193.99602968969023,5
3911,3911,1024,273.3567953109741,114.59764946528253,5
3912,3912,1024,53.68319749832153,583.8338469495962,5
3913,3913,1024,274.5919942855835,114.19886218309297,5
3914,3914,1024,160.90879440307617,194.9807847631242,5
3915,3915,1024,267.3471927642822,117.41345205624224,5
3916,3916,1024,161.04960441589355,195.0094494296107,5
3917,3917,1024,265.9519910812378,118.15003356151506,5
3918,3918,1024,160.51839590072632,195.85470298023176,5
3919,3919,1024,272.9151964187622,115.25313848678599,5
3920,3920,1024,53.66399884223938,586.433882657835,5
3921,3921,1024,273.5487937927246,115.10358035743393,5
3922,3922,1024,160.47359704971313,196.309602396716,5
3923,3923,1024,264.3968105316162,119.20936008504178,5
3924,3924,1024,159.7823977470398,197.3599451043676,5
3925,3925,1024,264.5440101623535,119.26454120294383,5
3926,3926,1024,159.552001953125,197.84646047420983,5
3927,3927,1024,272.21760749816895,116.02071622869744,5
3928,3928,1024,53.0239999294281,595.9371015777085,5
3929,3929,1024,271.6288089752197,116.39067331361085,5
3930,3930,1024,159.87199544906616,197.8530080340269,5
3931,3931,1024,266.32959842681885,118.82740301842917,5
3932,3932,1024,159.58399772644043,198.4118608576122,5
3933,3933,1024,266.86720848083496,118.7087227851565,5
3934,3934,1024,159.67999696731567,198.49434926083856,5
3935,3935,1024,271.7695951461792,116.68594782629361,5
3936,3936,1024,52.51200199127197,604.2011617320072,5
3937,3937,1024,272.07040786743164,116.67544721536741,5
3938,3938,1024,158.27840566635132,200.65949223010102,5
3939,3939,1024,266.9312000274658,119.04264696195274,5
3940,3940,1024,160.49920320510864,198.08405378418763,5
3941,3941,1024,265.7855987548828,119.67718806817273,5
3942,3942,1024,159.3791961669922,199.67861701758886,5
3943,3943,1024,272.1343994140625,117.00382612619696,5
3944,3944,1024,53.17760109901428,599.0664841891581,5
3945,3945,1024,273.471999168396,116.54968441713663,5
3946,3946,1024,158.8863968849182,200.70463295292328,5
3947,3947,1024,266.6111946105957,119.67014692912679,5
3948,3948,1024,157.97120332717896,202.07208098482525,5
3949,3949,1024,267.193603515625,119.53034214807593,5
3950,3950,1024,157.9584002494812,202.29326170391468,5
3951,3951,1024,273.0304002761841,117.09355886985708,5
3952,3952,1024,52.84479856491089,605.2873217542927,5
3953,3953,1024,271.8976020812988,117.70047174756286,5
3954,3954,1024,157.1392059326172,203.75990433431306,5
3955,3955,1024,267.0720100402832,119.94842587648212,5
3956,3956,1024,156.35839700698853,204.98463492541092,5
3957,3957,1024,266.3167953491211,120.41026068206565,5
3958,3958,1024,156.12159967422485,205.5031766196851,5
3959,3959,1024,270.0479984283447,118.86664176301024,5
3960,3960,1024,59.302401542663574,541.5618248932977,5
3961,3961,1024,270.85440158843994,118.6325155491636,5
3962,3962,1024,154.694402217865,207.81854321220763,5
3963,3963,1024,267.42401123046875,120.27564601998368,5
3964,3964,1024,154.7968029975891,207.89079351012953,5
3965,3965,1024,264.53120708465576,121.71368797971816,5
3966,3966,1024,154.56639528274536,208.41083489766845,5
3967,3967,1024,269.3183898925781,119.67084121086297,5
3968,3968,1024,54.579198360443115,590.8076725320778,5
3969,3969,1024,268.3327913284302,120.23153774192411,5
3970,3970,1024,148.198401927948,217.8047993776159,5
3971,3971,1024,264.72320556640625,121.99378705354506,5
3972,3972,1024,144.8896050453186,223.00325562964852,5
3973,3973,1024,265.01760482788086,121.98104730814119,5
3974,3974,1024,145.26079893112183,222.65745945219703,5
3975,3975,1024,271.4047908782959,119.23031975699655,5
3976,3976,1024,58.4447979927063,553.9580041330694,5
3977,3977,1024,271.67999744415283,119.22943056806612,5
3978,3978,1024,145.87520360946655,222.16622448571417,5
3979,3979,1024,267.6991939544678,121.12415689049499,5
3980,3980,1024,146.17600440979004,221.9320423416039,5
3981,3981,1024,268.97919178009033,120.66897484968383,5
3982,3982,1024,149.8304009437561,216.73673264873742,5
3983,3983,1024,273.29280376434326,118.88371528441617,5
3984,3984,1024,53.222399950027466,610.7650222184922,5
3985,3985,1024,273.94559383392334,118.71956159191431,5
3986,3986,1024,147.39840030670166,220.75562109421733,5
3987,3987,1024,269.868803024292,120.63400343858777,5
3988,3988,1024,150.63040256500244,216.23580869037474,5
3989,3989,1024,269.1648006439209,121.07089682618202,5
3990,3990,1024,147.39840030670166,221.19890536232364,5
3991,3991,1024,275.69921016693115,118.31992506706392,5
3992,3992,1024,58.06080102920532,562.1186496476882,5
3993,3993,1024,276.14080905914307,118.24913696478085,5
3994,3994,1024,151.19359493255615,216.07905905387858,5
3995,3995,1024,268.98560523986816,121.51628400654418,5
3996,3996,1024,147.63519763946533,221.50880881306912,5
3997,3997,1024,268.5503959655762,121.8351077620233,5
3998,3998,1024,147.25760221481323,222.29915263897342,5
3999,3999,1024,274.0864038467407,119.49377126460286,5
4000,4000,1024,52.88959741592407,619.5547253330798,5
4001,4001,1024,273.65119457244873,119.80355539548133,5
4002,4002,1024,146.8991994857788,223.2876442269205,5
4003,4003,1024,266.77119731903076,123.01616801889621,5
4004,4004,1024,147.14879989624023,223.13174685184046,5
4005,4005,1024,267.1999931335449,122.94151214136367,5
4006,4006,1024,150.5728006362915,218.275661933052,5
4007,4007,1024,272.71039485931396,120.57768596962944,5
4008,4008,1024,56.543999910354614,581.8336715506279,5
4009,4009,1024,272.41599559783936,120.82852115847294,5
4010,4010,1024,146.72000408172607,224.4550428287623,5
4011,4011,1024,265.8623933792114,123.93054688635155,5
4012,4012,1024,150.27199983596802,219.3682319259969,5
4013,4013,1024,264.9600028991699,124.47666723702065,5
4014,4014,1024,146.69439792633057,224.942314597258,5
4015,4015,1024,272.12159633636475,121.32157551799638,5
4016,4016,1024,54.48960065841675,606.1829759968688,5
4017,4017,1024,272.58880138397217,121.23432695772927,5
4018,4018,1024,150.54080486297607,219.63198338214568,5
4019,4019,1024,263.9359951019287,125.33355033755406,5
4020,4020,1024,146.38079404830933,226.0986450796088,5
4021,4021,1024,263.8783931732178,125.48570866226113,5
4022,4022,1024,146.29119634628296,226.4622893204043,5
4023,4023,1024,271.28961086273193,122.17908119146992,5
4024,4024,1024,56.70400261878967,584.8334176856004,5
4025,4025,1024,270.4511880874634,122.6797346856913,5
4026,4026,1024,145.7535982131958,227.7499070688099,5
4027,4027,1024,262.9823923110962,126.28929526472587,5
4028,4028,1024,146.13120555877686,227.38714503135267,5
4029,4029,1024,262.719988822937,126.54103144928851,5
4030,4030,1024,149.36959743499756,222.67826767408027,5
4031,4031,1024,268.0704116821289,124.13854971603527,5
4032,4032,1024,53.22880148887634,625.4956756626917,5
4033,4033,1024,268.9215898513794,123.8684565653855,5
4034,4034,1024,144.7551965713501,230.2330021815338,5
4035,4035,1024,262.31040954589844,127.11637657736782,5
4036,4036,1024,149.41439628601074,223.2748586296932,5
4037,4037,1024,261.6640090942383,127.55675428017796,5
4038,4038,1024,145.27360200881958,229.86660239878043,5
4039,4039,1024,270.68159580230713,123.4294888389868,5
4040,4040,1024,56.28160238265991,593.9176459961378,5
4041,4041,1024,271.82719707489014,123.0310544635686,5
4042,4042,1024,149.47199821472168,223.85290269508494,5
4043,4043,1024,261.7408037185669,127.89866263265132,5
4044,4044,1024,145.06880044937134,230.87570052451719,5
4045,4045,1024,260.39040088653564,128.68918011536698,5
4046,4046,1024,144.9728012084961,231.25715505616662,5
4047,4047,1024,271.1551904678345,123.70248924288602,5
4048,4048,1024,53.90080213546753,622.609483763463,5
4049,4049,1024,269.4528102874756,124.6070998932188,5
4050,4050,1024,144.60159540176392,232.3094700764984,5
4051,4051,1024,260.8191967010498,128.85903826520268,5
4052,4052,1024,144.21759843826294,233.1581315743134,5
4053,4053,1024,260.4736089706421,129.15744118933674,5
4054,4054,1024,147.77599573135376,227.7684396672186,5
4055,4055,1024,267.8272008895874,125.73523185153533,5
4056,4056,1024,56.55679702758789,595.7184334813973,5
4057,4057,1024,274.21441078186035,122.92768223189918,5
4058,4058,1024,143.54560375213623,234.9438825743077,5
4059,4059,1024,257.1968078613281,131.19052825178312,5
4060,4060,1024,146.93759679794312,229.7465967571382,5
4061,4061,1024,255.05919456481934,132.4204158396517,5
4062,4062,1024,142.2719955444336,237.51463092008416,5
4063,4063,1024,266.04158878326416,127.07908063029421,5
4064,4064,1024,53.95200252532959,626.9454890412961,5
4065,4065,1024,267.3856019973755,126.56482827498007,5
4066,4066,1024,146.3039994239807,231.42405690414975,5
4067,4067,1024,254.91840839385986,132.88534823919738,5
4068,4068,1024,141.9584035873413,238.7430479319801,5
4069,4069,1024,256.28159046173096,132.30855352079345,5
4070,4070,1024,142.93760061264038,237.34073508017124,5
4071,4071,1024,268.15359592437744,126.57517364627078,5
4072,4072,1024,56.326401233673096,602.8836227459716,5
4073,4073,1024,268.42238903045654,126.57269728772525,5
4074,4074,1024,142.8544044494629,237.9459770876375,5
4075,4075,1024,256.5311908721924,132.56992213840948,5
4076,4076,1024,142.2976016998291,239.111642371699,5
4077,4077,1024,256.78720474243164,132.56778360956602,5
4078,4078,1024,146.06080055236816,233.17968889119442,5
4079,4079,1024,265.93921184539795,128.13122717611628,5
4080,4080,1024,54.2527973651886,628.3883754513105,5
4081,4081,1024,265.31200408935547,128.56011187685445,5
4082,4082,1024,141.91360473632812,240.46502669989863,5
4083,4083,1024,254.18879985809326,134.31740773417454,5
4084,4084,1024,144.57600116729736,236.26816630841077,5
4085,4085,1024,251.3024091720581,135.99327166259377,5
4086,4086,1024,140.82560539245605,242.79796925220003,5
4087,4087,1024,260.646390914917,131.24643388278045,5
4088,4088,1024,56.52480125427246,605.4979575786308,5
4089,4089,1024,258.4383964538574,132.49733274101075,5
4090,4090,1024,143.3087944984436,239.0582442612904,5
4091,4091,1024,246.91839218139648,138.81470385899607,5
4092,4092,1024,139.46239948272705,245.89181312807744,5
4093,4093,1024,245.32480239868164,139.85306343483018,5
4094,4094,1024,139.31519985198975,246.3922972114212,5
4095,4095,1024,249.95839595794678,137.39471750241944,5
4096,4096,1024,53.60000133514404,641.039878957452,5
4097,4097,1024,302.8160035610199,113.52279016875953,2
4098,4098,1024,172.14399576187134,199.793787984198,2
4099,4099,1024,300.31999945640564,114.57807841730154,2
4100,4100,1024,175.35999417304993,196.3211744066702,2
4101,4101,1024,296.9279885292053,116.00009759474788,2
4102,4102,1024,175.91999471187592,195.88720115891215,2
4103,4103,1024,307.0400059223175,112.28920846465495,2
4104,4104,1024,61.85600161552429,557.65142051055,2
4105,4105,1024,308.1760108470917,111.9843790084081,2
4106,4106,1024,179.03999984264374,192.8491697852213,2
4107,4107,1024,302.96000838279724,114.02341760022712,2
4108,4108,1024,180.78400194644928,191.17487996663309,2
4109,4109,1024,302.5600016117096,114.28539167042946,2
4110,4110,1024,182.41600692272186,189.64904113187677,2
4111,4111,1024,314.303994178772,110.12223213527867,2
4112,4112,1024,59.58399921655655,581.1744523247403,2
4113,4113,1024,314.7040009498596,110.08929917455966,2
4114,4114,1024,183.77600610256195,188.61217273736793,2
4115,4115,1024,306.06400966644287,113.30716354985486,2
4116,4116,1024,184.08000469207764,188.483816838436,2
4117,4117,1024,307.42400884628296,112.91558913135196,2
4118,4118,1024,184.59199368953705,188.1437415449971,2
4119,4119,1024,320.607990026474,108.37751649648786,2
4120,4120,1024,61.39200180768967,566.2557039416441,2
4121,4121,1024,316.3999915122986,109.92556795516879,2
4122,4122,1024,184.59199368953705,188.5094241439593,2
4123,4123,1024,306.06400966644287,113.74815428296031,2
4124,4124,1024,184.1440051794052,189.1514524953731,2
4125,4125,1024,305.7439923286438,113.97770969949897,2
4126,4126,1024,183.71200561523438,189.7801830165683,2
4127,4127,1024,317.4239993095398,109.89024228752344,2
4128,4128,1024,63.631996512413025,548.445881706574,2
4129,4129,1024,317.8560137748718,109.84727441000918,2
4130,4130,1024,184.688001871109,189.14347898126533,2
4131,4131,1024,307.16800689697266,113.77958948609648,2
4132,4132,1024,185.7919991016388,188.2017122431166,2
4133,4133,1024,307.71198868751526,113.6884501030147,2
4134,4134,1024,186.49600446224213,187.67281362902403,2
4135,4135,1024,319.90399956703186,109.46147859168167,2
4136,4136,1024,61.64800003170967,568.2926257133992,2
4137,4137,1024,321.3439881801605,109.0764047290928,2
4138,4138,1024,187.6479983329773,186.88179156471793,2
4139,4139,1024,310.9920024871826,112.81623040915983,2
4140,4140,1024,188.60800564289093,186.1103439398097,2
4141,4141,1024,312.73600459098816,112.29554567575362,2
4142,4142,1024,189.90400433540344,185.01886779566814,2
4143,4143,1024,325.00800490379333,108.1597715182606,2
4144,4144,1024,59.42400172352791,591.8444114825598,2
4145,4145,1024,325.7119953632355,108.03022210084585,2
4146,4146,1024,190.17599523067474,185.1112656216128,2
4147,4147,1024,314.0000104904175,112.16784094048575,2
4148,4148,1024,190.22400677204132,185.24313513292665,2
4149,4149,1024,315.13598561286926,111.87133573285037,2
4150,4150,1024,191.66399538516998,184.02872135226892,2
4151,4151,1024,326.83199644088745,107.97192696028614,2
4152,4152,1024,61.51999905705452,573.889556780666,2
4153,4153,1024,327.2800147533417,107.92804949798526,2
4154,4154,1024,190.64000248908997,185.37403434005117,2
4155,4155,1024,316.0479962825775,111.87137275310445,2
4156,4156,1024,190.44800102710724,185.73964513791412,2
4157,4157,1024,316.0640001296997,111.97342670306357,2
4158,4158,1024,189.53600525856018,186.8130449604949,2
4159,4159,1024,324.288010597229,109.23879493034426,2
4160,4160,1024,63.74400109052658,556.0032033393533,2
4161,4161,1024,325.9679973125458,108.78034193645446,2
4162,4162,1024,190.16000628471375,186.5584483568235,2
4163,4163,1024,319.4560110569,111.10451543726988,2
4164,4164,1024,191.80800020694733,185.1333571576115,2
4165,4165,1024,320.5600082874298,110.82828762639863,2
4166,4166,1024,191.95200502872467,185.17221887148818,2
4167,4167,1024,334.03199911117554,106.46059289716189,2
4168,4168,1024,61.872001737356186,575.0309308405491,2
4169,4169,1024,331.167995929718,107.48438667229854,2
4170,4170,1024,194.35200095176697,183.23694649708324,2
4171,4171,1024,323.9839971065521,109.97317733654025,2
4172,4172,1024,192.78399646282196,184.90453920470722,2
4173,4173,1024,323.15200567245483,110.36207718341866,2
4174,4174,1024,193.2159960269928,184.66805017021102,2
4175,4175,1024,330.9440016746521,107.86694975391725,2
4176,4176,1024,59.59999933838844,599.2453564507996,2
4177,4177,1024,333.1359922885895,107.25988971208467,2
4178,4178,1024,193.37600469589233,184.869063192303,2
4179,4179,1024,326.4800012111664,109.55144521966116,2
4180,4180,1024,193.7119960784912,184.72513795945142,2
4181,4181,1024,329.039990901947,108.80318355791736,2
4182,4182,1024,193.31200420856476,185.28454090909003,2
4183,4183,1024,332.0640027523041,107.91551380150722,2
4184,4184,1024,61.85600161552429,579.6041152294922,2
4185,4185,1024,337.3120129108429,106.33814221576745,2
4186,4186,1024,194.14399564266205,184.84360790663666,2
4187,4187,1024,329.3600082397461,109.00966606080894,2
4188,4188,1024,193.58399510383606,185.55550779253548,2
4189,4189,1024,328.70399951934814,109.33159517544794,2
4190,4190,1024,192.54399836063385,186.7359829759881,2
4191,4191,1024,337.5999927520752,106.55230408851627,2
4192,4192,1024,64.01599943637848,562.1911051746907,2
4193,4193,1024,336.68801188468933,106.94291653108118,2
4194,4194,1024,192.54399836063385,187.0926896434759,2
4195,4195,1024,330.78399300575256,108.9555600091363,2
4196,4196,1024,193.4719979763031,186.3729136265831,2
4197,4197,1024,330.03199100494385,109.30797563639702,2
4198,4198,1024,192.7040070295334,187.29409080979087,2
4199,4199,1024,336.8639945983887,107.19316824301747,2
4200,4200,1024,61.99999898672104,582.6890417810733,2
4201,4201,1024,337.5360071659088,107.08168752566361,2
4202,4202,1024,191.98399782180786,188.3549410485939,2
4203,4203,1024,334.46401357650757,108.16813338193205,2
4204,4204,1024,191.5999948978424,188.91214265062385,2
4205,4205,1024,330.04799485206604,109.71976126148344,2
4206,4206,1024,191.24799966812134,189.43995749430624,2
4207,4207,1024,336.4480137825012,107.73504751742193,2
4208,4208,1024,59.95199829339981,604.8918752386675,2
4209,4209,1024,334.9120020866394,108.33208264245536,2
4210,4210,1024,190.11199474334717,190.93459541573853,2
4211,4211,1024,331.85601234436035,109.43361475191658,2
4212,4212,1024,189.67999517917633,191.55131925050156,2
4213,4213,1024,329.79199290275574,110.22313608056143,2
4214,4214,1024,189.18399512767792,192.2359562364444,2
4215,4215,1024,335.5039954185486,108.44946497465294,2
4216,4216,1024,61.983998864889145,587.2885930988265,2
4217,4217,1024,334.78400111198425,108.78586238001768,2
4218,4218,1024,188.01599740982056,193.79755794172013,2
4219,4219,1024,328.8959860801697,110.83844641118277,2
4220,4220,1024,186.94399297237396,195.093742356245,2
4221,4221,1024,329.98400926589966,110.57775329530412,2
4222,4222,1024,186.0000044107437,196.26978906615193,2
4223,4223,1024,331.7280113697052,110.10067205719089,2
4224,4224,1024,65.66400080919266,556.4811159493721,2
4225,4225,1024,329.5519948005676,110.93266184634557,2
4226,4226,1024,186.94399297237396,195.6489056773544,2
4227,4227,1024,329.008013010025,111.22130144254268,2
4228,4228,1024,189.56799805164337,193.12339428739685,2
4229,4229,1024,328.8640081882477,111.37532310022158,2
4230,4230,1024,189.26399946212769,193.61663762860888,2
4231,4231,1024,336.1920118331909,109.05073897529326,2
4232,4232,1024,64.46400284767151,568.9891711917621,2
4233,4233,1024,335.6800079345703,109.3203497515193,2
4234,4234,1024,191.103994846344,192.11527376766597,2
4235,4235,1024,331.36001229286194,110.8502518026713,2
4236,4236,1024,191.93600118160248,191.46324390300182,2
4237,4237,1024,331.64799213409424,110.8586301862322,2
4238,4238,1024,193.59999895095825,189.99689623612954,2
4239,4239,1024,337.7920091152191,108.94502775359452,2
4240,4240,1024,62.01599910855293,593.6875214338397,2
4241,4241,1024,337.8559947013855,109.02720231605512,2
4242,4242,1024,193.56800615787506,190.3871812470012,2
4243,4243,1024,334.8959982395172,110.09461010528544,2
4244,4244,1024,194.5119947195053,189.64190759132129,2
4245,4245,1024,331.2479853630066,111.41203216543853,2
4246,4246,1024,194.67200338840485,189.66466736530845,2
4247,4247,1024,337.76000142097473,109.36698921302781,2
4248,4248,1024,64.40000236034393,573.869422942093,2
4249,4249,1024,338.6560082435608,109.18038702389694,2
4250,4250,1024,195.42400538921356,189.29097234664385,2
4251,4251,1024,331.56800270080566,111.61936539876524,2
4252,4252,1024,195.74399292469025,189.1594405466407,2
4253,4253,1024,329.6639919281006,112.3696956265679,2
4254,4254,1024,194.38399374485016,190.66212219431716,2
4255,4255,1024,337.6320004463196,109.82102155893021,2
4256,4256,1024,61.8400014936924,599.8790561443275,2
4257,4257,1024,338.49599957466125,109.6437074548465,2
4258,4258,1024,195.2960044145584,190.12880055231705,2
4259,4259,1024,332.09601044654846,111.86174094066445,2
4260,4260,1024,196.55999541282654,189.08366741635928,2
4261,4261,1024,329.5519948005676,112.83116593028721,2
4262,4262,1024,196.81599736213684,189.01507708009467,2
4263,4263,1024,339.4879996776581,109.63171053863141,2
4264,4264,1024,65.83999842405319,565.5545914229033,2
4265,4265,1024,341.37600660324097,109.12770692551163,2
4266,4266,1024,197.35999405384064,188.84806146595395,2
4267,4267,1024,330.0800025463104,112.9681519157417,2
4268,4268,1024,197.39200174808502,188.9945247103302,2
4269,4269,1024,332.0640027523041,112.398486492499,2
4270,4270,1024,197.952002286911,188.63653192998828,2
4271,4271,1024,338.6400043964386,110.31913147587028,2
4272,4272,1024,63.35999816656113,589.8984897970773,2
4273,4273,1024,338.9599919319153,110.31823307191661,2
4274,4274,1024,198.57600331306458,188.3962363217665,2
4275,4275,1024,331.90399408340454,112.76899545413289,2
4276,4276,1024,198.36799800395966,188.7703300169039,2
4277,4277,1024,333.95200967788696,112.18231334536775,2
4278,4278,1024,198.62399995326996,188.703427787267,2
4279,4279,1024,342.20799803733826,109.57825235840497,2
4280,4280,1024,65.42400270700455,573.4299591544768,2
4281,4281,1024,340.33599495887756,110.28400370209195,2
4282,4282,1024,198.67199659347534,189.010800695971,2
4283,4283,1024,334.1279923915863,112.43803311148743,2
4284,4284,1024,198.2399970293045,189.59967741748844,2
4285,4285,1024,333.21601152420044,112.8510860807448,2
4286,4286,1024,197.4239945411682,190.5611437730024,2
4287,4287,1024,341.72800183296204,110.14286072581795,2
4288,4288,1024,58.400001376867294,644.8024045238469,2
4289,4289,1024,341.6000008583069,110.2869640320256,2
4290,4290,1024,197.64800369739532,190.70061976293422,2
4291,4291,1024,333.15199613571167,113.1890882401885,2
4292,4292,1024,198.35199415683746,190.20100519972266,2
4293,4293,1024,333.24798941612244,113.26199092192914,2
4294,4294,1024,199.2799937725067,189.4917608794594,2
4295,4295,1024,344.1759943962097,109.76799025823067,2
4296,4296,1024,66.16000086069107,571.2983838616775,2
4297,4297,1024,343.77598762512207,109.99808419788721,2
4298,4298,1024,200.080007314682,189.08587169580656,2
4299,4299,1024,334.49599146842957,113.15504584027983,2
4300,4300,1024,199.79199767112732,189.53471831405778,2
4301,4301,1024,334.56000685691833,113.23868385799736,2
4302,4302,1024,199.8399943113327,189.66550676012793,2
4303,4303,1024,343.77598762512207,110.30548437650363,2
4304,4304,1024,63.551999628543854,596.9600357147608,2
4305,4305,1024,343.6479866504669,110.44917087963518,2
4306,4306,1024,199.2799937725067,190.55234702259867,2
4307,4307,1024,336.32001280784607,112.96059855262263,2
4308,4308,1024,199.37600195407867,190.63755466796016,2
4309,4309,1024,335.11999249458313,113.47040445107034,2
4310,4310,1024,198.70400428771973,191.45992017812185,2
4311,4311,1024,344.7520136833191,110.40257082577156,2
4312,4312,1024,66.22400134801865,575.0055529246466,2
4313,4313,1024,341.3119912147522,111.61879304741339,2
4314,4314,1024,198.84799420833588,191.67656560853663,2
4315,4315,1024,333.5359990596771,114.32700790170867,2
4316,4316,1024,197.64800369739532,193.01914704086008,2
4317,4317,1024,334.7359895706177,114.02278410803501,2
4318,4318,1024,197.52000272274017,193.32327574742283,2
4319,4319,1024,342.48000383377075,111.54783374314172,2
4320,4320,1024,63.568003475666046,601.25524021894,2
4321,4321,1024,341.8079912662506,111.87067869988553,2
4322,4322,1024,197.37599790096283,193.8229229432227,2
4323,4323,1024,332.8480124473572,114.9885123560812,2
4324,4324,1024,197.28000462055206,194.09674549455536,2
4325,4325,1024,332.17599987983704,115.32777808709278,2
4326,4326,1024,197.4399983882904,194.11890985040168,2
4327,4327,1024,342.52798557281494,111.94576854173182,2
4328,4328,1024,67.12000072002411,571.5477297448131,2
4329,4329,1024,340.36800265312195,112.76034547558247,2
4330,4330,1024,196.27200067043304,195.63537880512544,2
4331,4331,1024,334.0960144996643,114.98336783672886,2
4332,4332,1024,195.13599574565887,196.95611055837202,2
4333,4333,1024,331.6960036754608,115.92232720904694,2
4334,4334,1024,196.1279958486557,196.14090544057163,2
4335,4335,1024,340.0479853153229,113.17954659931863,2
4336,4336,1024,78.70399951934814,489.22844128822624,2
4337,4337,1024,337.44001388549805,114.15954162766094,2
4338,4338,1024,193.37600469589233,199.2996172022922,2
4339,4339,1024,328.8320004940033,117.25602785031609,2
4340,4340,1024,191.82400405406952,201.09740170540266,2
4341,4341,1024,325.80798864364624,118.45347208539856,2
4342,4342,1024,190.59200584888458,202.58389170117425,2
4343,4343,1024,332.65599608421326,116.12193258714326,2
4344,4344,1024,67.52000004053116,572.3703806990694,2
4345,4345,1024,333.69600772857666,115.86666398313317,2
4346,4346,1024,189.82400000095367,203.77845987760062,2
4347,4347,1024,323.5679864883423,119.60344424677595,2
4348,4348,1024,186.3200068473816,207.80190837860152,2
4349,4349,1024,322.7039873600006,120.03404347398929,2
4350,4350,1024,185.59999763965607,208.80000265538698,2
4351,4351,1024,328.19199562072754,118.13542123314156,2
4352,4352,1024,64.87999856472015,597.8564156919123,2
4353,4353,1024,325.1839876174927,119.33782938183167,2
4354,4354,1024,185.83999574184418,208.914033887153,2
4355,4355,1024,322.11199402809143,120.58669009578249,2
4356,4356,1024,187.95199692249298,206.75629929074424,2
4357,4357,1024,321.3919997215271,120.96786349904873,2
4358,4358,1024,189.29600715637207,205.47687432133293,2
4359,4359,1024,330.79999685287476,117.63544334405525,2
4360,4360,1024,70.8480030298233,549.509642263478,2
4361,4361,1024,332.12798833847046,117.27262614286718,2
4362,4362,1024,192.52799451351166,202.3985457827291,2
4363,4363,1024,326.7360031604767,119.31729143681899,2
4364,4364,1024,193.42400133609772,201.64574995130684,2
4365,4365,1024,327.36000418663025,119.1990600591325,2
4366,4366,1024,194.2880004644394,200.9330776716975,2
4367,4367,1024,334.6079885959625,116.72396476810019,2
4368,4368,1024,68.06399673223495,574.0870684647047,2
4369,4369,1024,336.8479907512665,116.05399112167042,2
4370,4370,1024,196.4160054922104,199.12048970750033,2
4371,4371,1024,331.36001229286194,118.08411189162337,2
4372,4372,1024,196.6720074415207,199.0433663704781,2
4373,4373,1024,330.6240141391754,118.45530426448072,2
4374,4374,1024,197.4239945411682,198.46666631917165,2
4375,4375,1024,339.08799290657043,115.60421135525391,2
4376,4376,1024,72.60800153017044,540.1322336589029,2
4377,4377,1024,339.83999490737915,115.45388647587946,2
4378,4378,1024,198.15999269485474,198.091339720862,2
4379,4379,1024,331.64799213409424,118.4138414808234,2
4380,4380,1024,197.55199551582336,198.8825832784514,2
4381,4381,1024,329.23200726509094,119.39177498119228,2
4382,4382,1024,197.00799882411957,199.61392728580623,2
4383,4383,1024,340.0160074234009,115.71070247586312,2
4384,4384,1024,67.35999882221222,584.344515680431,2
4385,4385,1024,339.9040102958679,115.85448717042901,2
4386,4386,1024,198.41599464416504,198.55943508311609,2
4387,4387,1024,330.9760093688965,119.08819309036018,2
4388,4388,1024,199.91999864578247,197.24543006759316,2
4389,4389,1024,332.832008600235,118.53211346443844,2
4390,4390,1024,199.79199767112732,197.55176013090065,2
4391,4391,1024,342.00000762939453,115.4597760441866,2
4392,4392,1024,73.10400158166885,540.3976665746039,2
4393,4393,1024,343.53598952293396,115.04827662128102,2
4394,4394,1024,200.78399777412415,196.9341170927509,2
4395,4395,1024,333.99999141693115,118.44077909157294,2
4396,4396,1024,200.46399533748627,197.42808728006608,2
4397,4397,1024,331.6799998283386,119.37780768358829,2
4398,4398,1024,201.12000405788422,196.9632189376793,2
4399,4399,1024,343.4720039367676,115.38425022639116,2
4400,4400,1024,67.74400174617767,585.2810430148104,2
4401,4401,1024,343.48800778388977,115.48381180444947,2
4402,4402,1024,201.48800313472748,196.9612700239225,2
4403,4403,1024,331.39199018478394,119.80786140866421,2
4404,4404,1024,201.34399831295013,197.28128328047205,2
4405,4405,1024,333.23198556900024,119.25458815768873,2
4406,4406,1024,201.63199305534363,197.1784711620017,2
4407,4407,1024,346.3200032711029,114.85197729356481,2
4408,4408,1024,74.78400319814682,532.1136683010051,2
4409,4409,1024,343.23200583457947,115.99048693374827,2
4410,4410,1024,200.8800059556961,198.27612315376177,2
4411,4411,1024,333.42400193214417,119.51081498958646,2
4412,4412,1024,200.44800639152527,198.88371268772812,2
4413,4413,1024,334.01599526405334,119.40720767120787,2
4414,4414,1024,199.71199333667755,199.797690370716,2
4415,4415,1024,339.85599875450134,117.46173951996857,2
4416,4416,1024,69.11999732255936,577.8090890487491,2
4417,4417,1024,338.3359909057617,118.09637090347034,2
4418,4418,1024,199.37600195407867,200.49728332503682,2
4419,4419,1024,332.35201239585876,120.3315864998154,2
4420,4420,1024,200.22399723529816,199.82893036033346,2
4421,4421,1024,331.5039873123169,120.74863380236862,2
4422,4422,1024,200.44800639152527,199.78629248014877,2
4423,4423,1024,340.36800265312195,117.71047301655784,2
4424,4424,1024,69.40799951553345,577.4982354739884,2
4425,4425,1024,342.8800106048584,116.95379946255692,2
4426,4426,1024,201.4079988002777,199.1939103063303,2
4427,4427,1024,331.167995929718,121.19944646015294,2
4428,4428,1024,200.25600492954254,200.52089247525035,2
4429,4429,1024,329.69599962234497,121.85058967660358,2
4430,4430,1024,200.6720006465912,200.28601434428734,2
4431,4431,1024,341.43999218940735,117.76576689263248,2
4432,4432,1024,81.84000104665756,491.5456187380262,2
4433,4433,1024,341.19999408721924,117.95501221993591,2
4434,4434,1024,200.54399967193604,200.77593522552334,2
4435,4435,1024,329.3600082397461,122.30559810612378,2
4436,4436,1024,199.15199279785156,202.36172403711325,2
4437,4437,1024,329.120010137558,122.50519953237858,2
4438,4438,1024,198.73599708080292,202.9682045754377,2
4439,4439,1024,340.7840132713318,118.4189018158818,2
4440,4440,1024,69.69600170850754,579.2793246426897,2
4441,4441,1024,339.24800157546997,119.06228157696125,2
4442,4442,1024,199.24800097942352,202.81173850358053,2
4443,4443,1024,328.96000146865845,122.89649128011624,2
4444,4444,1024,198.0160027742386,204.257383046528,2
4445,4445,1024,328.5120129585266,123.17490260275042,2
4446,4446,1024,197.07199931144714,205.42057780629884,2
4447,4447,1024,338.1919860839844,119.75699750005988,2
4448,4448,1024,68.92800331115723,587.8463301640608,2
4449,4449,1024,337.50399947166443,120.1090799263354,2
4450,4450,1024,196.96000218391418,205.90739008080794,2
4451,4451,1024,330.1120102405548,122.90903690063757,2
4452,4452,1024,197.93599843978882,205.07630199641468,2
4453,4453,1024,329.69599962234497,123.17474303151256,2
4454,4454,1024,198.2399970293045,204.94583422534134,2
4455,4455,1024,338.9759957790375,119.91028186696643,2
4456,4456,1024,69.0080001950264,589.27887800074,2
4457,4457,1024,340.7840132713318,119.3812185068907,2
4458,4458,1024,197.4720060825348,206.11260036011657,2
4459,4459,1024,331.9680094718933,122.66161053523928,2
4460,4460,1024,196.4000016450882,207.42360722387923,2
4461,4461,1024,330.6240141391754,123.27074037291116,2
4462,4462,1024,196.48000597953796,207.52514286998948,2
4463,4463,1024,339.8880064487457,120.01841470729111,2
4464,4464,1024,69.36000287532806,588.395336161626,2
4465,4465,1024,339.3760025501251,120.30723590708092,2
4466,4466,1024,195.72800397872925,208.69614290063026,2
4467,4467,1024,329.74401116371155,123.93242299618547,2
4468,4468,1024,194.09599900245667,210.63944317307914,2
4469,4469,1024,326.24000310897827,125.37572259137325,2
4470,4470,1024,193.4400051832199,211.54302162699548,2
4471,4471,1024,335.7279896736145,121.94155872377503,2
4472,4472,1024,70.63999772071838,579.8062139516089,2
4473,4473,1024,337.98399567604065,121.23600382331577,2
4474,4474,1024,191.93600118160248,213.58240348673777,2
4475,4475,1024,326.04798674583435,125.78663775639457,2
4476,4476,1024,190.44800102710724,215.4436456498166,2
4477,4477,1024,327.58399844169617,125.30876839915607,2
4478,4478,1024,189.79200720787048,216.38154227970554,2
4479,4479,1024,333.23198556900024,123.29498051588632,2
4480,4480,1024,69.58399713039398,590.7131078281486,2
4481,4481,1024,335.59998869895935,122.53436445996971,2
4482,4482,1024,190.94400107860565,215.4604874706883,2
4483,4483,1024,327.8079926967621,125.55901255914236,2
4484,4484,1024,191.66399538516998,214.8427105740389,2
4485,4485,1024,327.58399844169617,125.75699971905716,2
4486,4486,1024,193.03999841213226,213.50162529533952,2
4487,4487,1024,336.91200613975525,122.38427055311338,2
4488,4488,1024,70.68800181150436,583.5659497350009,2
4489,4489,1024,336.65600419044495,122.58654322010551,2
4490,4490,1024,194.94399428367615,211.7935715419846,2
4491,4491,1024,329.47200536727905,125.3711308247686,2
4492,4492,1024,195.69599628448486,211.16770836704285,2
4493,4493,1024,328.575998544693,125.82500406333395,2
4494,4494,1024,196.76800072193146,210.20430952312825,2
4495,4495,1024,341.90401434898376,121.02780155650137,2
4496,4496,1024,68.36800277233124,605.5216342337563,2
4497,4497,1024,347.3440110683441,119.23833753347994,2
4498,4498,1024,198.2239931821823,209.0319316386593,2
4499,4499,1024,330.9279978275299,125.26462046165221,2
4500,4500,1024,198.40000569820404,209.03225206094547,2
4501,4501,1024,332.4640095233917,124.79676855091525,2
4502,4502,1024,198.83200526237488,208.76353450857016,2
4503,4503,1024,342.5759971141815,121.22073578365396,2
4504,4504,1024,70.49600034952164,589.3350057026593,2
4505,4505,1024,342.97600388526917,121.18693648872262,2
4506,4506,1024,199.8399943113327,208.0797983972015,2
4507,4507,1024,335.85599064826965,123.86595895372137,2
4508,4508,1024,211.2479954957962,197.01766624729098,2
4509,4509,1024,334.22398567199707,124.58128582328327,2
4510,4510,1024,198.4959989786148,209.86077812323015,2
4511,4511,1024,340.91201424598694,122.24561783243335,2
4512,4512,1024,83.0719992518425,501.8956963537297,2
4513,4513,1024,342.76801347732544,121.69152450614914,2
4514,4514,1024,199.2799937725067,209.40611557645113,2
4515,4515,1024,331.9999873638153,125.74982647288564,2
4516,4516,1024,200.3519982099533,208.47027562076514,2
4517,4517,1024,332.67199993133545,125.60701195359019,2
4518,4518,1024,200.095996260643,208.9219191449786,2
4519,4519,1024,342.79999136924744,122.00393343344739,2
4520,4520,1024,71.03999704122543,588.9845290353667,2
4521,4521,1024,345.16799449920654,121.27420802364173,2
4522,4522,1024,200.59199631214142,208.77450746755034,2
4523,4523,1024,335.9679877758026,124.70539133614903,2
4524,4524,1024,200.3840059041977,209.1761139261761,2
4525,4525,1024,334.8959982395172,125.21523165531765,2
4526,4526,1024,201.7280012369156,207.96625253194057,2
4527,4527,1024,343.55199337005615,122.1682825364686,2
4528,4528,1024,68.44799965620041,613.4540358068205,2
4529,4529,1024,347.27999567985535,120.96363421613799,2
4530,4530,1024,202.28800177574158,207.75727097542503,2
4531,4531,1024,334.01599526405334,125.87828344795712,2
4532,4532,1024,201.80800557136536,208.43534443991587,2
4533,4533,1024,335.61599254608154,125.38879912351582,2
4534,4534,1024,202.5119960308075,207.8941312770198,2
4535,4535,1024,348.2719957828522,120.93889060853925,2
4536,4536,1024,70.67199796438217,596.2503880141771,2
4537,4537,1024,343.7280058860779,122.64577511898192,2
4538,4538,1024,201.87200605869293,208.92135633574568,2
4539,4539,1024,333.9200019836426,126.35949555985843,2
4540,4540,1024,202.00000703334808,208.97304618920705,2
4541,4541,1024,336.38399839401245,125.5444815735079,2
4542,4542,1024,200.68800449371338,210.52457409492797,2
4543,4543,1024,344.2240059375763,122.79318706105933,2
4544,4544,1024,68.2080015540123,619.9708533391636,2
4545,4545,1024,343.60000491142273,123.12452443330446,2
4546,4546,1024,201.03999972343445,210.52629141575966,2
4547,4547,1024,335.9839916229248,126.0263259194843,2
4548,4548,1024,201.61600410938263,210.10958321055537,2
4549,4549,1024,334.80000495910645,126.58328739623659,2
4550,4550,1024,201.80800557136536,210.09434130206762,2
4551,4551,1024,346.0479974746704,122.5765187417529,2
4552,4552,1024,71.24800235033035,595.6097068285486,2
4553,4553,1024,345.36001086235046,122.92867586491094,2
4554,4554,1024,205.21600544452667,206.9687492259528,2
4555,4555,1024,338.1119966506958,125.67420150991724,2
4556,4556,1024,202.16000080108643,210.2820259178172,2
4557,4557,1024,334.8639905452728,127.004632187378,2
4558,4558,1024,202.43200659751892,210.1838843923285,2
4559,4559,1024,345.15199065208435,123.32716670003927,2
4560,4560,1024,67.91999936103821,626.9919493613648,2
4561,4561,1024,347.3759889602661,122.645127936212,2
4562,4562,1024,202.30400562286377,210.68617193599908,2
4563,4563,1024,335.32801270484924,127.16308478985405,2
4564,4564,1024,201.7119973897934,211.48983283112636,2
4565,4565,1024,338.4479880332947,126.10130451064019,2
4566,4566,1024,201.10400021076202,212.31518539289138,2
4567,4567,1024,352.6720106601715,121.12142778792989,2
4568,4568,1024,71.05600088834763,601.4248679594355,2
4569,4569,1024,345.69600224494934,123.67385868033895,2
4570,4570,1024,200.99200308322906,212.805855675205,2
4571,4571,1024,338.703989982605,126.33744282196866,2
4572,4572,1024,200.32000541687012,213.706667703568,2
4573,4573,1024,335.37599444389343,127.70278881473423,2
4574,4574,1024,198.68800044059753,215.65058158008983,2
4575,4575,1024,345.6000089645386,124.03333011602555,2
4576,4576,1024,69.47200000286102,617.2941796152969,2
4577,4577,1024,343.6959981918335,124.82952032526582,2
4578,4578,1024,198.2879936695099,216.46371642419822,2
4579,4579,1024,336.68801188468933,127.53916995032964,2
4580,4580,1024,200.54399967193604,214.2156697297174,2
4581,4581,1024,337.0560109615326,127.51123709496765,2
4582,4582,1024,199.10399615764618,215.95344936198953,2
4583,4583,1024,345.7919955253601,124.39838176891878,2
4584,4584,1024,73.29600304365158,587.1362270923637,2
4585,4585,1024,348.5279977321625,123.52957891516611,2
4586,4586,1024,198.0160027742386,217.51928331321517,2
4587,4587,1024,338.3679986000061,127.34976561107699,2
4588,4588,1024,196.99199497699738,218.84074891994425,2
4589,4589,1024,336.7199897766113,128.08467426187755,2
4590,4590,1024,196.4319944381714,219.6560133872745,2
4591,4591,1024,341.19999408721924,126.51310737410395,2
4592,4592,1024,69.47200000286102,621.6184688827375,2
4593,4593,1024,340.719997882843,126.80174166605775,2
4594,4594,1024,193.68000328540802,223.1655483003414,2
4595,4595,1024,336.16000413894653,128.63375377079893,2
4596,4596,1024,192.51200556755066,224.71505733090683,2
4597,4597,1024,331.36001229286194,130.61073161039448,2
4598,4598,1024,190.89600443840027,226.81462149707653,2
4599,4599,1024,335.7439935207367,129.01746951230152,2
4600,4600,1024,72.87999987602234,594.6169055120639,2
4601,4601,1024,334.9759876728058,129.4257655577013,2
4602,4602,1024,189.66400623321533,228.6853064712083,2
4603,4603,1024,328.72000336647034,132.00359816139513,2
4604,4604,1024,186.8640035390854,232.31375944976972,2
4605,4605,1024,326.7520070075989,132.91407020796052,2
4606,4606,1024,185.2799952030182,234.50347826483656,2
4607,4607,1024,329.2959928512573,132.00182357407036,2
4608,4608,1024,70.0799971818924,620.5271920763756,2
4609,4609,1024,390.20800590515137,111.49289514724859,2
4610,4610,1024,219.7120040655136,198.0970543012386,2
4611,4611,1024,386.896014213562,112.54493147599263,2
4612,4612,1024,223.29600155353546,195.08667333461383,2
4613,4613,1024,389.3440067768097,111.93434637092709,2
4614,4614,1024,224.5119959115982,194.1983706971608,2
4615,4615,1024,396.7680037021637,109.93518729585537,2
4616,4616,1024,76.14400237798691,573.093986725021,2
4617,4617,1024,397.3599970340729,109.86656784240043,2
4618,4618,1024,228.43199968338013,191.1969094195942,2
4619,4619,1024,392.36798882484436,111.3607913297572,2
4620,4620,1024,229.8240065574646,190.203503344939,2
4621,4621,1024,393.50399374961853,111.13548391538374,2
4622,4622,1024,231.27999901771545,189.16977956510962,2
4623,4623,1024,401.7919898033142,108.93726431287595,2
4624,4624,1024,72.27200269699097,605.8924121916322,2
4625,4625,1024,404.89599108695984,108.19568719955866,2
4626,4626,1024,234.79999601840973,186.65650251784376,2
4627,4627,1024,397.8720009326935,110.20100959408111,2
4628,4628,1024,235.28000712394714,186.43679489898898,2
4629,4629,1024,397.5200057029724,110.3939629161458,2
4630,4630,1024,235.4239970445633,186.4838408621941,2
4631,4631,1024,406.1119854450226,108.15178892065944,2
4632,4632,1024,77.4879977107048,567.0647022787851,2
4633,4633,1024,406.6239893436432,108.10892673341293,2
4634,4634,1024,236.7040067911148,185.7960179221218,2
4635,4635,1024,396.2880074977875,111.02441650406402,2
4636,4636,1024,236.62400245666504,186.01930214607515,2
4637,4637,1024,394.0480053424835,111.75192442282967,2
4638,4638,1024,234.46400463581085,187.89501689365633,2
4639,4639,1024,406.0640037059784,108.53859737814311,2
4640,4640,1024,77.53600180149078,568.6728716407998,2
4641,4641,1024,404.9600064754486,108.92835732576063,2
4642,4642,1024,235.87200045585632,187.09571202478986,2
4643,4643,1024,395.10399103164673,111.74186177345835,2
4644,4644,1024,238.27199637889862,185.37081990014158,2
4645,4645,1024,395.28000354766846,111.78834953301964,2
4646,4646,1024,238.17600309848785,185.60529437434607,2
4647,4647,1024,406.0159921646118,108.92615090409905,2
4648,4648,1024,89.1679972410202,496.1959084087844,2
4649,4649,1024,407.6319932937622,108.58773692010242,2
4650,4650,1024,239.29600417613983,185.0548242644473,2
4651,4651,1024,395.6480026245117,111.97308757816373,2
4652,4652,1024,238.8480007648468,185.56144849474947,2
4653,4653,1024,394.9759900569916,112.26008351951246,2
4654,4654,1024,238.76799643039703,185.7832667324453,2
4655,4655,1024,406.3360095024109,109.21543294758546,2
4656,4656,1024,77.84000039100647,570.3652608553891,2
4657,4657,1024,407.3919951915741,109.02596436906781,2
4658,4658,1024,239.887997508049,185.23387052955434,2
4659,4659,1024,395.05600929260254,112.52698969850202,2
4660,4660,1024,239.6640032529831,185.5662435591334,2
4661,4661,1024,394.19201016426086,112.87047190393281,2
4662,4662,1024,240.06399512290955,185.41610827234044,2
4663,4663,1024,407.24799036979675,109.34573126208508,2
4664,4664,1024,77.84000039100647,572.3269627982586,2
4665,4665,1024,406.2879979610443,109.69813783244803,2
4666,4666,1024,239.18400704860687,186.41775944049144,2
4667,4667,1024,394.23999190330505,113.14747764843905,2
4668,4668,1024,238.8319969177246,186.85259650269293,2
4669,4669,1024,395.31201124191284,112.9373751830652,2
4670,4670,1024,237.31200397014618,188.21056858808882,2
4671,4671,1024,404.4800102710724,110.47210352386529,2
4672,4672,1024,78.97599786520004,566.0313670021746,2
4673,4673,1024,404.2080044746399,110.64113054892725,2
4674,4674,1024,236.92800104618073,188.83868960376404,2
4675,4675,1024,394.1119909286499,113.57259111688235,2
4676,4676,1024,237.88799345493317,188.23762476471214,2
4677,4677,1024,393.44000816345215,113.86393061833381,2
4678,4678,1024,238.15999925136566,188.18351097111457,2
4679,4679,1024,406.0800075531006,110.41407391162183,2
4680,4680,1024,76.78399980068207,584.185706871727,2
4681,4681,1024,404.54399585723877,110.92807454207338,2
4682,4682,1024,239.18400704860687,187.69842727351153,2
4683,4683,1024,392.192006111145,114.51952301973164,2
4684,4684,1024,237.98400163650513,188.806074269774,2
4685,4685,1024,392.97598600387573,114.38870160263855,2
4686,4686,1024,238.97600173950195,188.18293167788994,2
4687,4687,1024,405.5519998073578,110.93620678327562,2
4688,4688,1024,76.76800340414047,586.3067751684214,2
4689,4689,1024,404.28799390792847,111.37804062085195,2
4690,4690,1024,237.59999871253967,189.5960144953592,2
4691,4691,1024,392.0480012893677,114.95333464214303,2
4692,4692,1024,237.05600202083588,190.19320788189603,2
4693,4693,1024,393.775999546051,114.54649852707698,2
4694,4694,1024,238.864004611969,188.91455245131934,2
4695,4695,1024,404.09600734710693,111.71631092415743,2
4696,4696,1024,77.51999795436859,582.6025433409451,2
4697,4697,1024,402.8159976005554,112.16680842155735,2
4698,4698,1024,236.84799671173096,190.84740601380472,2
4699,4699,1024,391.3919925689697,115.539080273931,2
4700,4700,1024,235.48799753189087,192.11306085302013,2
4701,4701,1024,390.4480040073395,115.91703065064006,2
4702,4702,1024,234.8479926586151,192.80058594249604,2
4703,4703,1024,403.84000539779663,112.16841181294009,2
4704,4704,1024,76.76800340414047,590.3156987088687,2
4705,4705,1024,403.3760130405426,112.39296768854547,2
4706,4706,1024,235.23199558258057,192.8134853240122,2
4707,4707,1024,391.55200123786926,115.88544716550794,2
4708,4708,1024,235.83999276161194,192.47991038519456,2
4709,4709,1024,394.0320014953613,115.25395530224372,2
4710,4710,1024,236.23999953269958,192.31729127103773,2
4711,4711,1024,404.1759967803955,112.45677964566514,2
4712,4712,1024,80.70400357246399,563.437094804982,2
4713,4713,1024,403.1839966773987,112.829209707941,2
4714,4714,1024,234.78400707244873,193.8387489653698,2
4715,4715,1024,392.9600119590759,115.86305836315374,2
4716,4716,1024,233.87199640274048,194.75980103903652,2
4717,4717,1024,394.0480053424835,115.6411951188404,2
4718,4718,1024,234.3360036611557,194.5390569087218,2
4719,4719,1024,401.18399262428284,113.68058787607647,2
4720,4720,1024,76.51200145483017,596.3268811747918,2
4721,4721,1024,400.30398964881897,114.02708828369198,2
4722,4722,1024,232.54400491714478,196.3707370064016,2
4723,4723,1024,389.1359865665436,117.39901363295746,2
4724,4724,1024,230.95999658107758,197.88504123897474,2
4725,4725,1024,389.23200964927673,117.46947544524737,2
4726,4726,1024,230.73600232601166,198.2448997420431,2
4727,4727,1024,397.5040018558502,115.12235141872827,2
4728,4728,1024,80.83199709653854,566.3717448094633,2
4729,4729,1024,397.2319960594177,115.29868596272192,2
4730,4730,1024,228.59199345111847,200.44314985948085,2
4731,4731,1024,388.94400000572205,117.85520621818469,2
4732,4732,1024,227.64800488948822,201.44457481304087,2
4733,4733,1024,389.8879885673523,117.66928250490258,2
4734,4734,1024,225.26399791240692,203.74861812515184,2
4735,4735,1024,394.1119909286499,116.5065307751896,2
4736,4736,1024,77.60000228881836,591.9589697566165,2
4737,4737,1024,396.2880074977875,115.96469548036116,2
4738,4738,1024,225.92000663280487,203.500449549492,2
4739,4739,1024,385.55198907852173,119.2945001215719,2
4740,4740,1024,228.03199291229248,201.78591702129336,2
4741,4741,1024,386.59200072288513,119.07401550451941,2
4742,4742,1024,228.89600694179535,201.19391197466553,2
4743,4743,1024,396.7519998550415,116.12268714167281,2
4744,4744,1024,81.37600123882294,566.399639037691,2
4745,4745,1024,398.44799041748047,115.72594744846542,2
4746,4746,1024,231.79200291633606,199.0155319752357,2
4747,4747,1024,389.5519971847534,118.468524781077,2
4748,4748,1024,232.30400681495667,198.74429556773126,2
4749,4749,1024,388.89598846435547,118.76837873896827,2
4750,4750,1024,233.39200019836426,197.9845065843172,2
4751,4751,1024,402.0319879055023,114.98452719853171,2
4752,4752,1024,77.04000174999237,600.297496644392,2
4753,4753,1024,407.00799226760864,113.67439291359112,2
4754,4754,1024,235.45600473880768,196.5796405122269,2
4755,4755,1024,394.320011138916,117.43084269615467,2
4756,4756,1024,235.82400381565094,196.43805964813137,2
4757,4757,1024,393.6319947242737,117.73507482404386,2
4758,4758,1024,235.79199612140656,196.6299952273521,2
4759,4759,1024,408.4959924221039,113.54645026742786,2
4760,4760,1024,80.30399680137634,577.8387956800265,2
4761,4761,1024,405.7599902153015,114.40818446236591,2
4762,4762,1024,236.65599524974823,196.2416665717215,2
4763,4763,1024,392.8320109844208,118.27262751721778,2
4764,4764,1024,238.304004073143,195.04827704755468,2
4765,4765,1024,393.0239975452423,118.3141515287427,2
4766,4766,1024,235.47199368476868,197.55988625244777,2
4767,4767,1024,403.80799770355225,115.25116921078406,2
4768,4768,1024,77.2320032119751,602.8442823658481,2
4769,4769,1024,403.79199385643005,115.35246868852272,2
4770,4770,1024,235.9520047903061,197.4890581727087,2
4771,4771,1024,395.53600549697876,117.85900277125614,2
4772,4772,1024,237.15199530124664,196.65456819268366,2
4773,4773,1024,394.49599385261536,118.26880911097669,2
4774,4774,1024,237.39199340343475,196.62046296850656,2
4775,4775,1024,405.2479863166809,115.22742018885612,2
4776,4776,1024,80.79999685287476,578.1589389546856,2
4777,4777,1024,408.5119962692261,114.4025277563694,2
4778,4778,1024,238.44799399375916,196.07786523556868,2
4779,4779,1024,395.4879939556122,118.26894136576419,2
4780,4780,1024,237.96799778938293,196.63788255013725,2
4781,4781,1024,395.55200934410095,118.34879616873864,2
4782,4782,1024,239.04000222682953,195.91988251221477,2
4783,4783,1024,408.5119962692261,114.69009160044945,2
4784,4784,1024,76.88000053167343,609.6757435464568,2
4785,4785,1024,408.5119962692261,114.7860264282095,2
4786,4786,1024,239.31199312210083,196.0247357267432,2
4787,4787,1024,397.5520133972168,118.04914610030889,2
4788,4788,1024,239.9040013551712,195.7044694827387,2
4789,4789,1024,398.8319933414459,117.7686338913849,2
4790,4790,1024,240.31999707221985,195.52895045133897,2
4791,4791,1024,409.90400314331055,114.68328761738069,2
4792,4792,1024,80.73599636554718,582.5005795316944,2
4793,4793,1024,409.5360040664673,114.88219420230533,2
4794,4794,1024,240.07999897003174,196.05143756217413,2
4795,4795,1024,399.9040126800537,117.74742364906665,2
4796,4796,1024,239.98400568962097,196.29353811572508,2
4797,4797,1024,398.97599816322327,118.11977725216471,2
4798,4798,1024,238.48000168800354,197.6962691139215,2
4799,4799,1024,407.9680144786835,115.61264504588866,2
4800,4800,1024,77.05599814653397,612.3588187160802,2
4801,4801,1024,407.8559875488281,115.74081119098096,2
4802,4802,1024,238.304004073143,198.17228827386836,2
4803,4803,1024,401.67999267578125,117.6183073428157,2
4804,4804,1024,240.7519966363907,196.32068115050373,2
4805,4805,1024,401.39201283454895,117.80073765316864,2
4806,4806,1024,240.04800617694855,197.06041004619073,2
4807,4807,1024,412.07998991012573,114.84092193440708,2
4808,4808,1024,79.66399937868118,594.2877314877755,2
4809,4809,1024,411.3599956035614,115.13767404267726,2
4810,4810,1024,240.1760071516037,197.2833729810951,2
4811,4811,1024,403.439998626709,117.49562950960663,2
4812,4812,1024,239.6160066127777,197.90891761515226,2
4813,4813,1024,399.31198954582214,118.80899585800171,2
4814,4814,1024,240.63999950885773,197.23060465786355,2
4815,4815,1024,410.3040099143982,115.72222462536018,2
4816,4816,1024,76.36799663305283,622.001613008676,2
4817,4817,1024,409.64800119400024,116.00385046061832,2
4818,4818,1024,239.85600471496582,198.20424345221204,2
4819,4819,1024,399.6799886226654,118.9957362936707,2
4820,4820,1024,238.95999789237976,199.11263650675352,2
4821,4821,1024,399.183988571167,119.24250804341534,2
4822,4822,1024,238.43200504779816,199.71919802651405,2
4823,4823,1024,410.20798683166504,116.13426193856498,2
4824,4824,1024,79.19999957084656,601.7545341697605,2
4825,4825,1024,409.7920060157776,116.3485848920252,2
4826,4826,1024,237.95199394226074,200.4542364102823,2
4827,4827,1024,400.64001083374023,119.10506514987686,2
4828,4828,1024,237.08799481391907,201.35151958861385,2
4829,4829,1024,397.7920114994049,120.05722635802968,2
4830,4830,1024,235.31199991703033,203.03931468368,2
4831,4831,1024,412.07998991012573,115.99052149662634,2
4832,4832,1024,75.85600018501282,630.3675732357879,2
4833,4833,1024,408.27199816703796,117.16933046294368,2
4834,4834,1024,234.8639965057373,203.7636904762069,2
4835,4835,1024,400.04798769950867,119.67703443608349,2
4836,4836,1024,236.32000386714935,202.6758726481979,2
4837,4837,1024,398.44799041748047,120.25703345070215,2
4838,4838,1024,236.14400625228882,202.9947254337114,2
4839,4839,1024,408.62399339675903,117.35925198459078,2
4840,4840,1024,78.91199737787247,607.9636860573592,2
4841,4841,1024,411.3920032978058,116.66599035289511,2
4842,4842,1024,234.8960041999817,204.41082612508632,2
4843,4843,1024,402.0799994468689,119.46657684560456,2
4844,4844,1024,233.99999737739563,205.3630797717355,2
4845,4845,1024,399.82399344444275,120.23991553343383,2
4846,4846,1024,233.2479953765869,206.1953428167712,2
4847,4847,1024,406.72001242637634,118.29883005992873,2
4848,4848,1024,76.36799663305283,630.2948763116691,2
4849,4849,1024,404.9760103225708,118.90634314275626,2
4850,4850,1024,230.25600612163544,209.21964560851228,2
4851,4851,1024,395.35999298095703,121.89889848141847,2
4852,4852,1024,229.5680046081543,210.01976941122675,2
4853,4853,1024,393.72798800468445,122.50512206774117,2
4854,4854,1024,228.01600396633148,211.623633116231,2
4855,4855,1024,398.9120125770569,121.01279900834055,2
4856,4856,1024,79.39200103282928,608.2898365041874,2
4857,4857,1024,400.04798769950867,120.76861036053984,2
4858,4858,1024,224.84800219535828,214.95915196082532,2
4859,4859,1024,395.53600549697876,122.24686404274601,2
4860,4860,1024,224.31999444961548,215.64257309602,2
4861,4861,1024,393.2960033416748,123.04434572643967,2
4862,4862,1024,222.9280024766922,217.16770246062606,2
4863,4863,1024,398.5599875450134,121.51917007607294,2
4864,4864,1024,78.99200171232224,613.3861499605689,2
4865,4865,1024,397.8720009326935,121.82944435992097,2
4866,4866,1024,223.4559953212738,217.0112008777388,2
4867,4867,1024,393.8559889793396,123.17290692396911,2
4868,4868,1024,225.3440022468567,215.3699404825272,2
4869,4869,1024,393.8080072402954,123.2891785726799,2
4870,4870,1024,227.35999524593353,213.63569764091443,2
4871,4871,1024,400.160014629364,121.43182474892451,2
4872,4872,1024,84.23999696969986,577.0669062284654,2
4873,4873,1024,402.895987033844,120.70627099076769,2
4874,4874,1024,230.03199696540833,211.5011593596528,2
4875,4875,1024,394.81601119041443,123.27767522205717,2
4876,4876,1024,233.50399732589722,208.52735116153715,2
4877,4877,1024,396.07998728752136,122.98511855040823,2
4878,4878,1024,233.3119958639145,208.8701965432768,2
4879,4879,1024,405.40799498558044,120.25393028998852,2
4880,4880,1024,81.08799904584885,601.4686732178872,2
4881,4881,1024,407.0560038089752,119.86527964564118,2
4882,4882,1024,235.87200045585632,206.94222399294569,2
4883,4883,1024,399.32799339294434,122.2851287161047,2
4884,4884,1024,236.14400625228882,206.87324935026382,2
4885,4885,1024,398.73600006103516,122.5670237764313,2
4886,4886,1024,236.08000576496124,207.09884197764828,2
4887,4887,1024,410.2559983730316,119.22290254370904,2
4888,4888,1024,84.3999981880188,579.762217565382,2
4889,4889,1024,410.5280041694641,119.24144738197411,2
4890,4890,1024,237.5520020723343,206.15267551013144,2
4891,4891,1024,400.09599924087524,122.45064279811675,2
4892,4892,1024,237.2640073299408,206.57177809461652,2
4893,4893,1024,397.487998008728,123.35488819192815,2
4894,4894,1024,235.9199970960617,207.91849750670775,2
4895,4895,1024,411.98399662971497,119.11185774554573,2
4896,4896,1024,83.23200047016144,589.8239966681987,2
4897,4897,1024,410.75199842453003,119.56676393632617,2
4898,4898,1024,237.5199943780899,206.85562712581566,2
4899,4899,1024,398.3680009841919,123.38443732068349,2
4900,4900,1024,239.18400704860687,205.58431396296157,2
4901,4901,1024,398.1280028820038,123.55963934187159,2
4902,4902,1024,238.95999789237976,205.94505116360043,2
4903,4903,1024,410.8960032463074,119.81793262293661,2
4904,4904,1024,84.48000252246857,583.0112795616996,2
4905,4905,1024,412.1119976043701,119.5618751369191,2
4906,4906,1024,239.31199312210083,205.97787634842825,2
4907,4907,1024,400.8159935474396,123.03170019627329,2
4908,4908,1024,239.6640032529831,205.843070308415,2
4909,4909,1024,398.00000190734863,124.00321419970514,2
4910,4910,1024,240.4319941997528,205.35282321445206,2
4911,4911,1024,414.62400555610657,119.1284188713384,2
4912,4912,1024,83.66400003433228,590.6198567092499,2
4913,4913,1024,411.5839898586273,120.1060841287333,2
4914,4914,1024,240.28800427913666,205.81080256736686,2
4915,4915,1024,398.52800965309143,124.1418309419854,2
4916,4916,1024,240.4160052537918,205.8687009450648,2
4917,4917,1024,398.1280028820038,124.36771167456644,2
4918,4918,1024,240.6879961490631,205.8034116554874,2
4919,4919,1024,410.67200899124146,120.66699420231699,2
4920,4920,1024,85.31200140714645,581.0988651339646,2
4921,4921,1024,410.7680022716522,120.7369154698704,2
4922,4922,1024,240.06399512290955,206.6741412288743,2
4923,4923,1024,399.58399534225464,124.21714375593575,2
4924,4924,1024,239.50399458408356,207.325766462602,2
4925,4925,1024,397.3279893398285,125.02396340750435,2
4926,4926,1024,238.22399973869324,208.60910278775847,2
4927,4927,1024,408.7519943714142,121.62845558332731,2
4928,4928,1024,80.88000118732452,614.936400863884,2
4929,4929,1024,409.11999344825745,121.61772772000403,2
4930,4930,1024,238.46399784088135,208.73773672625447,2
4931,4931,1024,398.5440135002136,124.94637691496352,2
4932,4932,1024,239.1359955072403,208.3200809912856,2
4933,4933,1024,398.81598949432373,124.96247589067468,2
4934,4934,1024,239.45599794387817,208.21045000378382,2
4935,4935,1024,411.8559956550598,121.10410756718393,2
4936,4936,1024,84.19200032949448,592.665198744775,2
4937,4937,1024,409.7119867801666,121.83653425493682,2
4938,4938,1024,239.887997508049,208.17261818330206,2
4939,4939,1024,397.8880047798157,125.55880048619733,2
4940,4940,1024,239.26399648189545,208.884635945558,2
4941,4941,1024,399.4559943675995,125.16725194512561,2
4942,4942,1024,239.79200422763824,208.59348347794008,2
4943,4943,1024,410.3200137615204,121.95187237706382,2
4944,4944,1024,81.66400343179703,612.9939805095156,2
4945,4945,1024,411.26400232315063,121.77043192963387,2
4946,4946,1024,239.02399837970734,209.60260186264793,2
4947,4947,1024,399.31198954582214,125.51667403978252,2
4948,4948,1024,237.87200450897217,210.78805761738462,2
4949,4949,1024,398.71999621391296,125.80469332942297,2
4950,4950,1024,237.44000494480133,211.34231365799462,2
4951,4951,1024,408.27199816703796,122.96066708807422,2
4952,4952,1024,84.49599891901016,594.3675349662146,2
4953,4953,1024,411.5679860115051,122.07451925231989,2
4954,4954,1024,238.5919988155365,210.66194095997093,2
4955,4955,1024,398.73600006103516,126.10485933626052,2
4956,4956,1024,237.5040054321289,211.7978803619586,2
4957,4957,1024,398.0480134487152,126.4248157301347,2
4958,4958,1024,236.32000386714935,213.03085582336607,2
4959,4959,1024,408.6720049381256,123.23761373286445,2
4960,4960,1024,83.29600095748901,604.8799008455885,2
4961,4961,1024,406.9119989871979,123.87050549862455,2
4962,4962,1024,236.59199476242065,213.1294313767258,2
4963,4963,1024,398.52800965309143,126.57841479175113,2
4964,4964,1024,237.42400109767914,212.55380237332423,2
4965,4965,1024,397.5200057029724,127.00168060905847,2
4966,4966,1024,237.4880015850067,212.66778595516462,2
4967,4967,1024,409.7599983215332,123.307278599588,2
4968,4968,1024,84.63999629020691,597.1968261752913,2
4969,4969,1024,409.4879925251007,123.48857366043609,2
4970,4970,1024,236.41599714756012,213.97639673437843,2
4971,4971,1024,400.60800313949585,126.32748714802345,2
4972,4972,1024,235.6639951467514,214.8319924750198,2
4973,4973,1024,398.3680009841919,127.14006362677169,2
4974,4974,1024,235.18399894237518,215.44367251113417,2
4975,4975,1024,406.607985496521,124.66375921786639,2
4976,4976,1024,81.40800148248672,622.9075609835373,2
4977,4977,1024,408.35198760032654,124.231165593473,2
4978,4978,1024,233.2960069179535,217.53664755114357,2
4979,4979,1024,396.016001701355,128.20396890499256,2
4980,4980,1024,238.54400217533112,212.92180367908887,2
4981,4981,1024,393.0079936981201,129.28902246967974,2
4982,4982,1024,231.74400627613068,219.34558036177194,2
4983,4983,1024,402.97600626945496,126.19220767699228,2
4984,4984,1024,85.11999994516373,597.6602951218688,2
4985,4985,1024,403.03999185562134,126.27347615229012,2
4986,4986,1024,229.50400412082672,221.8422358382712,2
4987,4987,1024,392.5760090351105,129.74329795951604,2
4988,4988,1024,227.79199481010437,223.68887438067148,2
4989,4989,1024,389.69600200653076,130.8070073737778,2
4990,4990,1024,226.51199996471405,225.13334749569137,2
4991,4991,1024,399.4880020618439,127.70307399645597,2
4992,4992,1024,80.81600069999695,631.5122083491312,2
4993,4993,1024,445.2640116214752,114.6662182871496,2
4994,4994,1024,251.64800882339478,202.97078433807798,2
4995,4995,1024,437.18400597572327,116.8790497858182,2
4996,4996,1024,254.7999918460846,200.62054318619678,2
4997,4997,1024,435.8240067958832,117.3376813451917,2
4998,4998,1024,256.3839852809906,199.5407323742586,2
4999,4999,1024,451.05600357055664,113.46600342942608,2
5000,5000,1024,99.05599802732468,516.8793512723626,2
5001,5001,1024,453.7599980831146,112.88011782523415,2
5002,5002,1024,260.1439952850342,196.97155852417953,2
5003,5003,1024,444.19199228286743,115.40383285288047,2
5004,5004,1024,260.8959972858429,196.560902817587,2
5005,5005,1024,445.77598571777344,115.08572207494427,2
5006,5006,1024,262.62399554252625,195.42370308538457,2
5007,5007,1024,459.663987159729,111.69780923942301,2
5008,5008,1024,83.82400125265121,612.7597144544021,2
5009,5009,1024,458.2880139350891,112.12269211840655,2
5010,5010,1024,264.70398902893066,194.1980738128647,2
5011,5011,1024,449.5199918746948,114.40098046258872,2
5012,5012,1024,265.53601026535034,193.7441737585419,2
5013,5013,1024,449.40799474716187,114.52085123887314,2
5014,5014,1024,265.6640112400055,193.8054054355358,2
5015,5015,1024,464.30400013923645,110.93520793392643,2
5016,5016,1024,85.13599634170532,605.2458008617681,2
5017,5017,1024,462.41599321365356,111.47700907520849,2
5018,5018,1024,268.3680057525635,192.15891032684104,2
5019,5019,1024,454.0640115737915,113.61803184795225,2
5020,5020,1024,266.86400175094604,193.39595772143906,2
5021,5021,1024,449.45600628852844,114.8743869157585,2
5022,5022,1024,266.54401421546936,193.78244671533244,2
5023,5023,1024,463.1679952144623,111.56237893353162,2
5024,5024,1024,83.88800173997879,616.2108832706243,2
5025,5025,1024,465.90399742126465,110.99557051716278,2
5026,5026,1024,266.7680084705353,193.92829276871123,2
5027,5027,1024,453.39199900627136,114.14946250801424,2
5028,5028,1024,269.0240144729614,192.45510752425304,2
5029,5029,1024,452.5600075721741,114.4503303459479,2
5030,5030,1024,269.0559923648834,192.58535275337337,2
5031,5031,1024,464.84801173210144,111.51354167321752,2
5032,5032,1024,87.5839963555336,592.0882730846481,2
5033,5033,1024,464.2559885978699,111.74453651891575,2
5034,5034,1024,268.44799518585205,193.32864621346673,2
5035,5035,1024,456.57598972320557,113.71449653205711,2
5036,5036,1024,269.1360116004944,192.98767897734794,2
5037,5037,1024,455.1999866962433,114.1488691357838,2
5038,5038,1024,269.53598856925964,192.85438500411226,2
5039,5039,1024,467.0720100402832,111.33579809998685,2
5040,5040,1024,84.70399677753448,614.1679115405992,2
5041,5041,1024,471.40800952911377,110.39931786476332,2
5042,5042,1024,270.7679867744446,192.28186201853404,2
5043,5043,1024,459.6160054206848,113.32161225396692,2
5044,5044,1024,270.9119915962219,192.33214676469365,2
5045,5045,1024,455.58398962020874,114.41523053400957,2
5046,5046,1024,271.7919945716858,191.86147719389967,2
5047,5047,1024,471.21599316596985,110.70737154209007,2
5048,5048,1024,89.24800157546997,584.749884263447,2
5049,5049,1024,472.4319875240326,110.50995408168495,2
5050,5050,1024,270.9920108318329,192.7330619071695,2
5051,5051,1024,456.8000137805939,114.38223570872344,2
5052,5052,1024,272.4960148334503,191.82114580261938,2
5053,5053,1024,462.96000480651855,112.94969822253583,2
5054,5054,1024,270.2080011367798,193.59860458580434,2
5055,5055,1024,469.6640074253082,111.42560292598657,2
5056,5056,1024,83.53599905967712,626.7154653959359,2
5057,5057,1024,468.6880111694336,111.74600737347744,2
5058,5058,1024,270.60800790786743,193.61854764415756,2
5059,5059,1024,458.0959975719452,114.42022930961761,2
5060,5060,1024,272.5920081138611,192.36137245115978,2
5061,5061,1024,461.5840017795563,113.64540453256961,2
5062,5062,1024,274.1760015487671,191.40126129042667,2
5063,5063,1024,472.1600115299225,111.18766356746623,2
5064,5064,1024,88.60799670219421,592.7129668049415,2
5065,5065,1024,473.9679992198944,110.85105510598927,2
5066,5066,1024,275.2160131931305,190.97944366745858,2
5067,5067,1024,463.6799991130829,113.40008965790305,2
5068,5068,1024,275.0239968299866,191.26370992461943,2
5069,5069,1024,458.8960111141205,114.6727564709938,2
5070,5070,1024,275.37599205970764,191.17002468605068,2
5071,5071,1024,476.0960042476654,110.61719379733324,2
5072,5072,1024,83.80799740552902,628.641400140701,2
5073,5073,1024,476.6559898853302,110.57440777085283,2
5074,5074,1024,275.07200837135315,191.68338923391207,2
5075,5075,1024,464.4320011138916,113.57425817663423,2
5076,5076,1024,275.4879891872406,191.54486336656598,2
5077,5077,1024,462.7839922904968,114.06855783996835,2
5078,5078,1024,275.31200647354126,191.8183689423486,2
5079,5079,1024,474.2240011692047,111.40452916289624,2
5080,5080,1024,88.68800103664398,595.9262423578912,2
5081,5081,1024,473.28001260757446,111.71466260891877,2
5082,5082,1024,274.4480073451996,192.72550478193574,2
5083,5083,1024,459.03998613357544,115.27089201462864,2
5084,5084,1024,274.7519910335541,192.66382925514577,2
5085,5085,1024,463.1679952144623,114.33345426961071,2
5086,5086,1024,272.43199944496155,194.45743200479885,2
5087,5087,1024,474.65598583221436,111.65404607524312,2
5088,5088,1024,83.90399813652039,631.8900277640421,2
5089,5089,1024,477.2000014781952,111.14614845705007,2
5090,5090,1024,272.44800329208374,194.75198261268267,2
5091,5091,1024,468.4480130672455,113.31169736518937,2
5092,5092,1024,273.3440101146698,194.26617122403206,2
5093,5093,1024,468.76800060272217,113.32333496249214,2
5094,5094,1024,274.1439938545227,193.85146973601397,2
5095,5095,1024,481.59998655319214,110.39054128820682,2
5096,5096,1024,88.86399865150452,598.4983252506333,2
5097,5097,1024,480.17600178718567,110.80484954260763,2
5098,5098,1024,272.99201488494873,194.97533293943474,2
5099,5099,1024,468.76800060272217,113.59050186773945,2
5100,5100,1024,271.32800221443176,196.32503672769343,2
5101,5101,1024,469.2640006542206,113.55947094536776,2
5102,5102,1024,271.7440128326416,196.17825922380885,2
5103,5103,1024,478.7200093269348,111.40367269582472,2
5104,5104,1024,83.76000076532364,636.9635945620429,2
5105,5105,1024,477.03999280929565,111.88365756440196,2
5106,5106,1024,267.7919864654541,199.38569496697002,2
5107,5107,1024,465.039998292923,114.86067380886811,2
5108,5108,1024,266.400009393692,200.58455701115034,2
5109,5109,1024,464.36798572540283,115.11700619174641,2
5110,5110,1024,264.92801308631897,201.8570259030173,2
5111,5111,1024,472.55998849868774,113.20999388450883,2
5112,5112,1024,92.3679992556572,579.4154960947922,2
5113,5113,1024,471.98399901390076,113.43687714808135,2
5114,5114,1024,260.560005903244,205.56238330716567,2
5115,5115,1024,462.6080095767975,115.82653929623503,2
5116,5116,1024,258.4959864616394,207.3658420068146,2
5117,5117,1024,460.5279862880707,116.44068692593387,2
5118,5118,1024,256.8640112876892,208.84652576696357,2
5119,5119,1024,464.81600403785706,115.45669955810978,2
5120,5120,1024,84.09599959850311,638.4024383599291,2
5121,5121,1024,459.77601408958435,116.8135420773284,2
5122,5122,1024,258.65599513053894,207.72394007292945,2
5123,5123,1024,454.0959894657135,118.36709735146955,2
5124,5124,1024,259.3599855899811,207.3219194768383,2
5125,5125,1024,455.1840126514435,118.17638252859982,2
5126,5126,1024,261.4560127258301,205.82044943992082,2
5127,5127,1024,463.8879895210266,116.04954947763284,2
5128,5128,1024,95.36000341176987,564.75453549903,2
5129,5129,1024,466.5600061416626,115.47496583245825,2
5130,5130,1024,265.76000452041626,202.803319849656,2
5131,5131,1024,457.8399956226349,117.76608912175688,2
5132,5132,1024,268.0639922618866,201.21704484391907,2
5133,5133,1024,460.1440131664276,117.26778036441257,2
5134,5134,1024,269.679993391037,200.1672174833052,2
5135,5135,1024,472.0799922943115,114.39189476670968,2
5136,5136,1024,89.85599875450134,601.2192903848138,2
5137,5137,1024,473.7600088119507,114.07505468333385,2
5138,5138,1024,273.0239927768707,198.02377645317387,2
5139,5139,1024,464.4320011138916,116.45685327083339,2
5140,5140,1024,273.4079957008362,197.89962858000837,2
5141,5141,1024,464.1920030117035,116.60777423310174,2
5142,5142,1024,273.4239995479584,198.0420737079527,2
5143,5143,1024,475.19999742507935,113.99520169513595,2
5144,5144,1024,93.72799843549728,578.1792872200738,2
5145,5145,1024,476.28799080848694,113.82327551021258,2
5146,5146,1024,274.1119861602783,197.85247601791676,2
5147,5147,1024,460.9600007534027,117.69961632967023,2
5148,5148,1024,272.8799879550934,198.90025574514445,2
5149,5149,1024,459.50400829315186,118.16433952271404,2
5150,5150,1024,272.12798595428467,199.60490211809747,2
5151,5151,1024,472.31999039649963,115.04737794897005,2
5152,5152,1024,89.32799845933914,608.5469049969148,2
5153,5153,1024,473.10400009155273,114.94593497724895,2
5154,5154,1024,272.72000908851624,199.48111086466957,2
5155,5155,1024,460.35200357437134,118.22171463886698,2
5156,5156,1024,275.7599949836731,197.43516506527175,2
5157,5157,1024,460.60800552368164,118.24770846107168,2
5158,5158,1024,276.0480046272278,197.38221381305982,2
5159,5159,1024,474.95999932289124,114.76354970041142,2
5160,5160,1024,94.89600360393524,574.6209189966219,2
5161,5161,1024,476.81599855422974,114.40548633729584,2
5162,5162,1024,278.03200483322144,196.2777909138012,2
5163,5163,1024,462.92799711227417,117.92903789044242,2
5164,5164,1024,276.8160104751587,197.29278994468064,2
5165,5165,1024,463.02399039268494,117.99595255024425,2
5166,5166,1024,277.69601345062256,196.81994713877472,2
5167,5167,1024,475.8880138397217,114.89525914055743,2
5168,5168,1024,89.61600065231323,610.3646932897144,2
5169,5169,1024,475.6160080432892,115.04998150318687,2
5170,5170,1024,278.2079875469208,196.76209760428887,2
5171,5171,1024,463.3120000362396,118.19673473537615,2
5172,5172,1024,278.0959904193878,196.99366376833862,2
5173,5173,1024,462.3680114746094,118.52968464927973,2
5174,5174,1024,279.4080078601837,196.22030759918232,2
5175,5175,1024,476.1599898338318,115.1854863302147,2
5176,5176,1024,94.19199824333191,582.5114645753281,2
5177,5177,1024,479.0880084037781,114.5700180951704,2
5178,5178,1024,278.4000039100647,197.23537378159816,2
5179,5179,1024,463.6799991130829,118.46864232460291,2
5180,5180,1024,277.93601155281067,197.71729072811576,2
5181,5181,1024,463.27999234199524,118.6625268449279,2
5182,5182,1024,276.71998739242554,198.73952174625373,2
5183,5183,1024,473.4399914741516,116.20569969320755,2
5184,5184,1024,91.10400080680847,604.1189914887566,2
5185,5185,1024,473.32799434661865,116.32291657712582,2
5186,5186,1024,276.39999985694885,199.27689087014033,2
5187,5187,1024,465.11998772621155,118.46701489086489,2
5188,5188,1024,277.71198749542236,198.48845924560104,2
5189,5189,1024,464.4159972667694,118.73810749960946,2
5190,5190,1024,277.98399329185486,198.44715570396974,2
5191,5191,1024,477.85601019859314,115.48749395255064,2
5192,5192,1024,90.91199934482574,607.264804094776,2
5193,5193,1024,478.736013174057,115.3640512353101,2
5194,5194,1024,278.8639962673187,198.12596558731525,2
5195,5195,1024,464.86398577690125,118.8981656809311,2
5196,5196,1024,278.23999524116516,198.72324940228265,2
5197,5197,1024,465.0079905986786,118.95288242420406,2
5198,5198,1024,278.3679962158203,198.7848119907369,2
5199,5199,1024,478.60801219940186,115.66171362993572,2
5200,5200,1024,86.68799698352814,638.8187745360241,2
5201,5201,1024,478.09600830078125,115.87467848747875,2
5202,5202,1024,277.648001909256,199.60715082009904,2
5203,5203,1024,465.1840031147003,119.18259368504064,2
5204,5204,1024,276.71998739242554,200.43058721792266,2
5205,5205,1024,465.07200598716736,119.3029605861312,2
5206,5206,1024,275.88799595832825,201.18957599149738,2
5207,5207,1024,479.64799404144287,115.76638585337713,2
5208,5208,1024,90.7839983701706,611.8748421445587,2
5209,5209,1024,477.00798511505127,116.49653763049045,2
5210,5210,1024,276.4799892902374,201.06741519597904,2
5211,5211,1024,465.35998582839966,119.50417032311617,2
5212,5212,1024,275.7120132446289,201.78230414152546,2
5213,5213,1024,464.30400013923645,119.86792208404412,2
5214,5214,1024,273.96801114082336,203.22266813617702,2
5215,5215,1024,476.1120080947876,116.98480158667053,2
5216,5216,1024,104.24000024795532,534.5283130800159,2
5217,5217,1024,474.94399547576904,117.36246547587696,2
5218,5218,1024,274.59201216697693,203.0720730437404,2
5219,5219,1024,465.35998582839966,119.87138092394986,2
5220,5220,1024,276.2080132961273,202.0387552629431,2
5221,5221,1024,464.4800126552582,120.19054608800725,2
5222,5222,1024,277.5999903678894,201.17973908424173,2
5223,5223,1024,477.29599475860596,117.05290973634898,2
5224,5224,1024,92.46399998664856,604.4544953286721,2
5225,5225,1024,476.55999660491943,117.32348581148794,2
5226,5226,1024,274.56000447273254,203.71897849948826,2
5227,5227,1024,464.89599347114563,120.35916028059486,2
5228,5228,1024,274.399995803833,203.99381956265356,2
5229,5229,1024,463.1679952144623,120.90066616556993,2
5230,5230,1024,273.391991853714,204.90263383418485,2
5231,5231,1024,473.9519953727722,118.24016751722579,2
5232,5232,1024,88.86399865150452,630.8695580068954,2
5233,5233,1024,472.6879894733429,118.64702535489911,2
5234,5234,1024,271.2000012397766,206.87485262360397,2
5235,5235,1024,460.4479968547821,121.89411439160025,2
5236,5236,1024,269.679993391037,208.19989166414044,2
5237,5237,1024,458.6400091648102,122.4681514686958,2
5238,5238,1024,268.640011548996,209.16559148431887,2
5239,5239,1024,468.03200244903564,120.1022654730131,2
5240,5240,1024,91.3119986653328,615.835439174866,2
5241,5241,1024,467.00799465179443,120.45753077512941,2
5242,5242,1024,266.7199969291687,210.99317531465377,2
5243,5243,1024,454.8639953136444,123.76792388938343,2
5244,5244,1024,264.8159861564636,212.67239393442247,2
5245,5245,1024,451.9200026988983,124.66925753126738,2
5246,5246,1024,263.2159888744354,214.12839322191383,2
5247,5247,1024,462.8480076789856,121.81862187274561,2
5248,5248,1024,91.0400003194809,619.5628294602539,2
5249,5249,1024,464.2559885978699,121.54177745432513,2
5250,5250,1024,263.839989900589,213.94785536972154,2
5251,5251,1024,453.5680115222931,124.50063631796596,2
5252,5252,1024,265.1839852333069,213.02574566220366,2
5253,5253,1024,453.359991312027,124.65266347930779,2
5254,5254,1024,267.39200949668884,211.42759229946276,2
5255,5255,1024,468.51199865341187,120.71317567650549,2
5256,5256,1024,91.48799628019333,618.4100650179903,2
5257,5257,1024,467.98399090766907,120.9413771659694,2
5258,5258,1024,269.8720097541809,209.8037626190792,2
5259,5259,1024,458.543986082077,123.5251221414153,2
5260,5260,1024,270.54399251937866,209.44188881200643,2
5261,5261,1024,457.95199275016785,123.77889539815574,2
5262,5262,1024,272.14398980140686,208.36889674977076,2
5263,5263,1024,472.6879894733429,120.01129577082082,2
5264,5264,1024,90.52799642086029,626.8719031864409,2
5265,5265,1024,473.34399819374084,119.93607401094265,2
5266,5266,1024,273.8879919052124,207.35698521479858,2
5267,5267,1024,461.16799116134644,123.19623425929126,2
5268,5268,1024,274.51199293136597,207.0428142139866,2
5269,5269,1024,462.4960124492645,122.93579576372501,2
5270,5270,1024,275.2479910850525,206.6460102970352,2
5271,5271,1024,476.9600033760071,119.29823625722976,2
5272,5272,1024,95.5360010266304,595.81810647625,2
5273,5273,1024,476.5760004520416,119.48498316740209,2
5274,5274,1024,276.46398544311523,206.04953501157237,2
5275,5275,1024,465.08800983428955,122.52923918701835,2
5276,5276,1024,275.9360074996948,206.6003961011252,2
5277,5277,1024,462.5279903411865,123.30086434321825,2
5278,5278,1024,275.1519978046417,207.34618715182577,2
5279,5279,1024,476.24000906944275,119.84154476966229,2
5280,5280,1024,89.9680033326149,634.6140970686868,2
5281,5281,1024,475.5519926548004,120.10588328973841,2
5282,5282,1024,274.6720016002655,208.02347825445335,2
5283,5283,1024,463.1200134754181,123.42343368633968,2
5284,5284,1024,276.14399790763855,207.07132482063002,2
5285,5285,1024,463.1839990615845,123.49983789572646,2
5286,5286,1024,276.92800760269165,206.64142534149295,2
5287,5287,1024,476.81599855422974,120.05983835605129,2
5288,5288,1024,96.19200229644775,595.3520869178834,2
5289,5289,1024,480.1439940929413,119.31789569966057,2
5290,5290,1024,276.4959931373596,207.27763954079592,2
5291,5291,1024,465.2160108089447,123.23975391196416,2
5292,5292,1024,276.89599990844727,207.1347390029605,2
5293,5293,1024,464.9600088596344,123.40084665070893,2
5294,5294,1024,277.9040038585663,206.53945294437588,2
5295,5295,1024,477.7120053768158,120.19758045374567,2
5296,5296,1024,90.91199934482574,631.8364790342639,2
5297,5297,1024,481.9999933242798,119.21828387524462,2
5298,5298,1024,279.1360020637512,205.938718642503,2
5299,5299,1024,464.7040069103241,123.7489076764025,2
5300,5300,1024,278.3200144767761,206.69846582233612,2
5301,5301,1024,465.5199944972992,123.62526105918721,2
5302,5302,1024,279.32798862457275,206.1080455112523,2
5303,5303,1024,478.39999198913574,120.38767934032057,2
5304,5304,1024,95.72800248861313,601.8634722358628,2
5305,5305,1024,480.52799701690674,119.94496794735589,2
5306,5306,1024,278.3679962158203,207.1310183347978,2
5307,5307,1024,464.0960097312927,124.28545116213432,2
5308,5308,1024,277.93601155281067,207.60937436506322,2
5309,5309,1024,463.6799991130829,124.49073757421708,2
5310,5310,1024,276.2719988822937,209.0172476169134,2
5311,5311,1024,476.03198885917664,121.35185441306378,2
5312,5312,1024,91.13600105047226,634.0976106686496,2
5313,5313,1024,477.90399193763733,120.96756145017484,2
5314,5314,1024,276.2239873409271,209.3686546368638,2
5315,5315,1024,464.78399634361267,124.47591409156114,2
5316,5316,1024,280.3199887275696,206.46470967237116,2
5317,5317,1024,466.623991727829,124.07840680804631,2
5318,5318,1024,279.7439992427826,207.04552057873798,2
5319,5319,1024,483.16800594329834,119.92003985214134,2
5320,5320,1024,96.41599655151367,601.1794440047202,2
5321,5321,1024,482.91200399398804,120.07385918847832,2
5322,5322,1024,282.25600719451904,205.51167505187613,2
5323,5323,1024,468.83198618888855,123.77292399290504,2
5324,5324,1024,281.69599175453186,206.075033181817,2
5325,5325,1024,468.35198998451233,123.992896884927,2
5326,5326,1024,279.85599637031555,207.58580842101287,2
5327,5327,1024,481.1359941959381,120.78903115349301,2
5328,5328,1024,90.7839983701706,640.396689678108,2
5329,5329,1024,481.58401250839233,120.76729305250035,2
5330,5330,1024,279.28000688552856,208.32650302764935,2
5331,5331,1024,469.7439968585968,123.90421445986132,2
5332,5332,1024,279.55201268196106,208.28001985534323,2
5333,5333,1024,468.9280092716217,124.21296983832131,2
5334,5334,1024,278.1440019607544,209.49143708740343,2
5335,5335,1024,480.9119999408722,121.20853047369746,2
5336,5336,1024,95.66400200128555,609.5552118676405,2
5337,5337,1024,482.2239875793457,120.96940594934962,2
5338,5338,1024,278.4479856491089,209.57670631361154,2
5339,5339,1024,469.83999013900757,124.25097785041281,2
5340,5340,1024,277.9519855976105,210.10804680685132,2
5341,5341,1024,468.84799003601074,124.60717488308482,2
5342,5342,1024,275.4560112953186,212.17072735922991,2
5343,5343,1024,482.2559952735901,121.23350611500788,2
5344,5344,1024,91.72800183296204,637.6185129869775,2
5345,5345,1024,480.73598742485046,121.70789108886153,2
5346,5346,1024,275.4719853401184,212.47626431316752,2
5347,5347,1024,471.2960124015808,124.23860183673305,2
5348,5348,1024,276.7679989337921,211.6395725577082,2
5349,5349,1024,469.87199783325195,124.70836465720794,2
5350,5350,1024,276.4799892902374,212.01852673129372,2
5351,5351,1024,482.84798860549927,121.44773724202304,2
5352,5352,1024,95.7920029759407,612.3967927336673,2
5353,5353,1024,481.24799132347107,121.9426164680968,2
5354,5354,1024,275.04000067710876,213.44737864846172,2
5355,5355,1024,471.6799855232239,124.50920327868866,2
5356,5356,1024,273.8719880580902,214.51786925919063,2
5357,5357,1024,470.8319902420044,124.82664043662668,2
5358,5358,1024,273.391991853714,215.05501852248676,2
5359,5359,1024,479.0239930152893,122.78355394637347,2
5360,5360,1024,91.13600105047226,645.6089813224816,2
5361,5361,1024,478.38398814201355,123.03960597971918,2
5362,5362,1024,269.50401067733765,218.48334636658285,2
5363,5363,1024,468.80000829696655,125.64868146223783,2
5364,5364,1024,268.4960067272186,219.46721862372638,2
5365,5365,1024,468.9919948577881,125.69094024275351,2
5366,5366,1024,266.9920027256012,220.86812071523337,2
5367,5367,1024,475.19999742507935,124.14142127873383,2
5368,5368,1024,95.56800127029419,617.5078223629604,2
5369,5369,1024,476.79999470710754,123.81706875702692,2
5370,5370,1024,264.19198513031006,223.54187304686872,2
5371,5371,1024,467.20001101493835,126.45540962136442,2
5372,5372,1024,261.77600026130676,225.7730669465649,2
5373,5373,1024,465.85598587989807,126.91470751487286,2
5374,5374,1024,260.6399953365326,226.92597876865372,2
5375,5375,1024,469.6959853172302,125.97084465186188,2
5376,5376,1024,92.28800237178802,641.3620029345666,2
5377,5377,1024,516.2400007247925,114.69866749741838,2
5378,5378,1024,288.672000169754,205.19505319936576,2
5379,5379,1024,512.1440291404724,115.70201622275883,2
5380,5380,1024,291.3439869880676,203.46440581396936,2
5381,5381,1024,512.8960013389587,115.61831165224892,2
5382,5382,1024,292.86399483680725,202.558912662023,2
5383,5383,1024,522.5600004196167,113.56448833501693,2
5384,5384,1024,100.47999769449234,590.8271422189142,2
5385,5385,1024,524.944007396698,113.13276075770203,2
5386,5386,1024,296.6879904270172,200.24546232050628,2
5387,5387,1024,518.1120038032532,114.7097277726242,2
5388,5388,1024,299.1679906845093,198.73300608118342,2
5389,5389,1024,519.6800231933594,114.4485505571768,2
5390,5390,1024,300.6399869918823,197.9068100532034,2
5391,5391,1024,531.6960215568542,111.94513006457667,2
5392,5392,1024,96.28800302743912,618.3829968415911,2
5393,5393,1024,537.5040173530579,110.81768624786844,2
5394,5394,1024,303.6800026893616,196.2165529514711,2
5395,5395,1024,524.4160294532776,113.66765287885012,2
5396,5396,1024,305.27999997138977,195.33293754451168,2
5397,5397,1024,524.1280198097229,113.8144517701158,2
5398,5398,1024,305.5199980735779,195.32420714937444,2
5399,5399,1024,538.8799905776978,110.78081333842472,2
5400,5400,1024,99.48799759149551,600.2701978706323,2
5401,5401,1024,536.3199710845947,111.39208619657539,2
5402,5402,1024,305.56800961494446,195.58305552767234,2
5403,5403,1024,523.0720043182373,114.29794203940254,2
5404,5404,1024,305.1519989967346,195.9947388994165,2
5405,5405,1024,525.9199738502502,113.76316963583514,2
5406,5406,1024,304.56000566482544,196.5210894889097,2
5407,5407,1024,537.231981754303,111.45019504699366,2
5408,5408,1024,98.191998898983,609.9963229551931,2
5409,5409,1024,539.4880175590515,111.06625084854895,2
5410,5410,1024,304.9759864807129,196.54356886157908,2
5411,5411,1024,526.1120200157166,113.97426389575497,2
5412,5412,1024,308.0480098724365,194.72742491288975,2
5413,5413,1024,527.999997138977,113.650692494616,2
5414,5414,1024,308.1600069999695,194.80055050753535,2
5415,5415,1024,540.2079820632935,111.16443813109748,2
5416,5416,1024,98.09599816799164,612.4011153352222,2
5417,5417,1024,543.2959794998169,110.61426356831758,2
5418,5418,1024,307.66400694847107,195.40301560874136,2
5419,5419,1024,527.6479721069336,113.97877393113876,2
5420,5420,1024,309.5040023326874,194.384779345537,2
5421,5421,1024,524.8159766197205,114.67842491313839,2
5422,5422,1024,308.9120090007782,194.90105362607747,2
5423,5423,1024,542.5119996070862,111.01963944690836,2
5424,5424,1024,95.31199932098389,632.1523174127246,2
5425,5425,1024,539.8240089416504,111.65475970246263,2
5426,5426,1024,308.463990688324,195.47222582918607,2
5427,5427,1024,526.9439816474915,114.46827726054387,2
5428,5428,1024,308.56001377105713,195.5554775051671,2
5429,5429,1024,524.7840285301208,115.02414838552082,2
5430,5430,1024,308.52800607681274,195.719915244797,2
5431,5431,1024,537.8239750862122,112.31800984386541,2
5432,5432,1024,98.39999675750732,614.121625439887,2
5433,5433,1024,537.6799702644348,112.43085257996383,2
5434,5434,1024,308.23999643325806,196.191518906581,2
5435,5435,1024,526.3360142707825,114.93861556066092,2
5436,5436,1024,307.3759973049164,196.88784140150565,2
5437,5437,1024,520.576000213623,116.29591930314982,2
5438,5438,1024,305.4240047931671,198.29199919309977,2
5439,5439,1024,535.6960296630859,113.09662430409247,2
5440,5440,1024,98.2080027461052,617.1359879569858,2
5441,5441,1024,535.6799960136414,113.18320179806757,2
5442,5442,1024,305.5360019207001,198.5110268207997,2
5443,5443,1024,523.6960053443909,115.85835548258467,2
5444,5444,1024,306.5280020236969,198.01406112094023,2
5445,5445,1024,523.9999890327454,115.87625280695491,2
5446,5446,1024,306.97599053382874,197.87039325900082,2
5447,5447,1024,539.9360060691833,112.53883450812909,2
5448,5448,1024,98.62399846315384,616.3416890333222,2
5449,5449,1024,537.9040241241455,113.04693053191538,2
5450,5450,1024,308.7199926376343,197.04172535207712,2
5451,5451,1024,523.5840082168579,116.22403337956018,2
5452,5452,1024,307.40800499916077,198.02794202501718,2
5453,5453,1024,522.6079821586609,116.52655548898946,2
5454,5454,1024,308.432012796402,197.51531306905463,2
5455,5455,1024,534.3999862670898,114.03890113414295,2
5456,5456,1024,94.41599994897842,645.7034079069736,2
5457,5457,1024,534.2079997062683,114.16355199759917,2
5458,5458,1024,307.24799633026123,198.56740288200575,2
5459,5459,1024,523.5040187835693,116.58324004811925,2
5460,5460,1024,305.9679865837097,199.5442643581805,2
5461,5461,1024,517.0400142669678,118.1272654391964,2
5462,5462,1024,306.4799904823303,199.35687552014127,2
5463,5463,1024,534.0800285339355,114.44215182466112,2
5464,5464,1024,98.191998898983,622.6947907527858,2
5465,5465,1024,533.8720083236694,114.57058592013125,2
5466,5466,1024,305.85598945617676,200.05629314892693,2
5467,5467,1024,519.599974155426,117.80371308042106,2
5468,5468,1024,305.7760000228882,200.25509244485025,2
5469,5469,1024,522.2399830818176,117.29396850566933,2
5470,5470,1024,304.30400371551514,201.3710054807133,2
5471,5471,1024,534.2879891395569,114.73289988554887,2
5472,5472,1024,98.52799773216248,622.3898084146534,2
5473,5473,1024,532.2719812393188,115.25167424587414,2
5474,5474,1024,304.7040104866028,201.4008819575357,2
5475,5475,1024,521.888017654419,117.63075204506987,2
5476,5476,1024,305.4080009460449,201.08349309044291,2
5477,5477,1024,521.1039781570435,117.89382151576197,2
5478,5478,1024,305.56800961494446,201.1250304292138,2
5479,5479,1024,538.4320020675659,114.18306291587237,2
5480,5480,1024,100.94399750232697,609.2710881455062,2
5481,5481,1024,536.575973033905,114.66168896853007,2
5482,5482,1024,304.7359883785248,201.96879232901696,2
5483,5483,1024,525.056004524231,117.26294974531353,2
5484,5484,1024,304.60798740386963,202.20112024290785,2
5485,5485,1024,524.8159766197205,117.40218199310965,2
5486,5486,1024,305.05600571632385,202.05145367738533,2
5487,5487,1024,538.2720232009888,114.55078371958517,2
5488,5488,1024,100.23999959230423,615.3427689831668,2
5489,5489,1024,537.1040105819702,114.88359534150783,2
5490,5490,1024,302.8639853000641,203.8107130461343,2
5491,5491,1024,525.2959728240967,117.55166055437805,2
5492,5492,1024,301.2959957122803,205.0206705401704,2
5493,5493,1024,522.9439735412598,118.16639540473543,2
5494,5494,1024,300.0960052013397,205.9904319170325,2
5495,5495,1024,532.3039889335632,116.17311251770117,2
5496,5496,1024,100.63999891281128,614.6852288978424,2
5497,5497,1024,535.4880094528198,115.56642415809769,2
5498,5498,1024,298.0000078678131,207.74144482392327,2
5499,5499,1024,523.7759947776794,118.23656422873376,2
5500,5500,1024,296.4479923248291,208.98100713772715,2
5501,5501,1024,520.5119848251343,119.06455923165785,2
5502,5502,1024,294.5599853992462,210.47347659244775,2
5503,5503,1024,531.6640138626099,116.6518718869448,2
5504,5504,1024,98.24000298976898,631.5364706825311,2
5505,5505,1024,531.9200158119202,116.68049585474756,2
5506,5506,1024,294.95999217033386,210.49377331196084,2
5507,5507,1024,523.1680274009705,118.7186393261707,2
5508,5508,1024,298.5920011997223,208.08445913606676,2
5509,5509,1024,524.6880054473877,118.46071806997405,2
5510,5510,1024,299.53598976135254,207.57934580595236,2
5511,5511,1024,536.3680124282837,115.96525961047426,2
5512,5512,1024,102.92799770832062,604.5258073350238,2
5513,5513,1024,539.9680137634277,115.2757358314025,2
5514,5514,1024,303.5520017147064,205.13056430615285,2
5515,5515,1024,529.9040079116821,117.55031075436175,2
5516,5516,1024,306.92800879478455,203.0214594382722,2
5517,5517,1024,527.8400182723999,118.09557008584139,2
5518,5518,1024,306.0320019721985,203.7635513610924,2
5519,5519,1024,541.7760014533997,115.14125978384743,2
5520,5520,1024,98.84800016880035,631.3064411362421,2
5521,5521,1024,541.3920283317566,115.30644690199674,2
5522,5522,1024,308.03200602531433,202.7341510312663,2
5523,5523,1024,528.8959741592407,118.11628457052893,2
5524,5524,1024,308.9439868927002,202.282142716391,2
5525,5525,1024,529.3279886245728,118.10537387687614,2
5526,5526,1024,309.3920052051544,202.13551544918238,2
5527,5527,1024,543.8240170478821,115.04043041646621,2
5528,5528,1024,103.5040020942688,604.6567124525267,2
5529,5529,1024,543.2479977607727,115.24577104022744,2
5530,5530,1024,310.41601300239563,201.76047812171552,2
5531,5531,1024,532.6719880104065,117.61898041985269,2
5532,5532,1024,309.80798602104187,202.30270354536043,2
5533,5533,1024,529.2320251464844,118.46912373574924,2
5534,5534,1024,308.5919916629791,203.24675034502647,2
5535,5535,1024,543.4399843215942,115.45523077092955,2
5536,5536,1024,99.18399900197983,632.8204432122878,2
5537,5537,1024,540.9280061721802,116.07522442092626,2
5538,5538,1024,309.32798981666565,203.0563782773981,2
5539,5539,1024,530.9919714927673,118.33268746297017,2
5540,5540,1024,311.19999289512634,201.98071412290315,2
5541,5541,1024,530.6400060653687,118.49670203767869,2
5542,5542,1024,311.2480044364929,202.0953958753316,2
5543,5543,1024,545.6960201263428,115.31051800126993,2
5544,5544,1024,107.08799958229065,587.8081313829089,2
5545,5545,1024,548.2720136642456,114.85158029343064,2
5546,5546,1024,312.25600838661194,201.7338974307494,2
5547,5547,1024,529.5199751853943,119.00465135415755,2
5548,5548,1024,312.063992023468,202.00364093034926,2
5549,5549,1024,529.9360156059265,118.99698716626494,2
5550,5550,1024,313.05599212646484,201.50874471847268,2
5551,5551,1024,545.2319979667664,115.74202373178862,2
5552,5552,1024,99.40800070762634,635.0494260283107,2
5553,5553,1024,547.4399924278259,115.35828164824088,2
5554,5554,1024,313.52001428604126,201.50064139242642,2
5555,5555,1024,533.0560207366943,118.55646074996044,2
5556,5556,1024,313.79199028015137,201.4710141949692,2
5557,5557,1024,532.1760177612305,118.83803072910156,2
5558,5558,1024,314.7520124912262,201.0011404574055,2
5559,5559,1024,548.4480261802673,115.39522081751102,2
5560,5560,1024,103.63200306892395,610.9218284422512,2
5561,5561,1024,547.5199818611145,115.67400406596568,2
5562,5562,1024,313.6959969997406,201.96817657208547,2
5563,5563,1024,534.496009349823,118.57785914827801,2
5564,5564,1024,313.728004693985,202.09283092162408,2
5565,5565,1024,533.3759784698486,118.91231581511008,2
5566,5566,1024,311.5839958190918,203.62974330953216,2
5567,5567,1024,545.8880066871643,116.27031313104762,2
5568,5568,1024,99.05599802732468,640.9846472344391,2
5569,5569,1024,544.3360209465027,116.68561345169984,2
5570,5570,1024,312.00000643730164,203.6506214392292,2
5571,5571,1024,535.0239872932434,118.80179856900912,2
5572,5572,1024,313.6320114135742,202.73642523101205,2
5573,5573,1024,534.7679853439331,118.94402719544105,2
5574,5574,1024,315.2639865875244,201.83176498129703,2
5575,5575,1024,554.9280047416687,114.7051859990954,2
5576,5576,1024,103.13600301742554,617.3979540126401,2
5577,5577,1024,551.6960024833679,115.45996038628239,2
5578,5578,1024,316.49601459503174,201.33474386252286,2
5579,5579,1024,537.2160077095032,118.65710003650807,2
5580,5580,1024,315.5840039253235,202.06140490913234,2
5581,5581,1024,537.3119711875916,118.72098212702754,2
5582,5582,1024,315.90399146080017,202.00145764830714,2
5583,5583,1024,550.544023513794,115.95064144838653,2
5584,5584,1024,98.4639972448349,648.549769203584,2
5585,5585,1024,552.6720285415649,115.58695483210192,2
5586,5586,1024,314.767986536026,203.02113855751327,2
5587,5587,1024,536.1599922180176,119.23201700958943,2
5588,5588,1024,314.57599997520447,203.29053620441707,2
5589,5589,1024,533.407986164093,119.93298913286206,2
5590,5590,1024,313.29599022865295,204.26724502057525,2
5591,5591,1024,550.815999507904,116.22575877460754,2
5592,5592,1024,102.81600058078766,622.8788312153717,2
5593,5593,1024,548.687994480133,116.76001260552397,2
5594,5594,1024,313.1519854068756,204.65374998255683,2
5595,5595,1024,532.8480005264282,120.31694430055431,2
5596,5596,1024,312.20799684524536,205.4193454877762,2
5597,5597,1024,532.4640274047852,120.48980274723333,2
5598,5598,1024,309.6640110015869,207.25499480684277,2
5599,5599,1024,545.3280210494995,117.73160734421961,2
5600,5600,1024,97.6639986038208,657.6146883001715,2
5601,5601,1024,544.7520017623901,117.94030942546912,2
5602,5602,1024,308.76800417900085,208.15357330463664,2
5603,5603,1024,532.1599841117859,120.81726013148393,2
5604,5604,1024,309.7119927406311,207.66733182935687,2
5605,5605,1024,529.1839838027954,121.58345900350758,2
5606,5606,1024,310.0000023841858,207.62251236448182,2
5607,5607,1024,546.8159914016724,117.74700185149538,2
5608,5608,1024,103.42399775981903,622.7656372515831,2
5609,5609,1024,549.0080118179321,117.36055376431845,2
5610,5610,1024,310.14400720596313,207.8223641354974,2
5611,5611,1024,535.6000065803528,120.3843178040118,2
5612,5612,1024,307.40800499916077,209.8215565732457,2
5613,5613,1024,533.8720083236694,120.86008239053673,2
5614,5614,1024,307.1039915084839,210.1789934118029,2
5615,5615,1024,544.2559719085693,118.63867028150352,2
5616,5616,1024,98.57600182294846,655.2589341573683,2
5617,5617,1024,544.2240238189697,118.73017037831788,2
5618,5618,1024,302.3360073566437,213.79795584768146,2
5619,5619,1024,529.263973236084,122.17312531710313,2
5620,5620,1024,300.9760081768036,214.91696827210862,2
5621,5621,1024,530.0639867782593,122.07558781968172,2
5622,5622,1024,298.6080050468445,216.77549609510726,2
5623,5623,1024,536.575973033905,120.67988774426234,2
5624,5624,1024,104.59200292825699,619.3299701166695,2
5625,5625,1024,536.5440249443054,120.77294124508497,2
5626,5626,1024,293.7279939651489,220.69071855538328,2
5627,5627,1024,524.7200131416321,123.58226590929893,2
5628,5628,1024,292.6880121231079,221.63237216806579,2
5629,5629,1024,519.0719962120056,125.01578440285567,2
5630,5630,1024,289.5359992980957,224.20442141001482,2
5631,5631,1024,523.248016834259,124.10618222862654,2
5632,5632,1024,98.57600182294846,658.9979219148754,2
5633,5633,1024,518.8000202178955,125.25915292891969,2
5634,5634,1024,289.5199954509735,224.53553091122575,2
5635,5635,1024,514.3200159072876,126.43996498032958,2
5636,5636,1024,295.76000571250916,219.95430941137747,2
5637,5637,1024,520.3999876976013,125.05145359422146,2
5638,5638,1024,296.59199714660645,219.49299623152314,2
5639,5639,1024,531.1359763145447,122.61071422778835,2
5640,5640,1024,109.02400314807892,597.538697157516,2
5641,5641,1024,532.5919985771179,122.36226691746604,2
5642,5642,1024,301.2480139732361,216.4073084239218,2
5643,5643,1024,523.5520005226135,124.56333561308433,2
5644,5644,1024,303.9360046386719,214.64551199045164,2
5645,5645,1024,524.4160294532776,124.44627077482274,2
5646,5646,1024,306.06400966644287,213.304214497971,2
5647,5647,1024,537.4559760093689,121.51296877730049,2
5648,5648,1024,104.71999645233154,623.8636898898161,2
5649,5649,1024,539.2799973487854,121.18776882008378,2
5650,5650,1024,309.31198596954346,211.3635519007576,2
5651,5651,1024,529.5680165290833,123.49768567341017,2
5652,5652,1024,310.5120062828064,210.69579168675972,2
5653,5653,1024,530.2879810333252,123.41732789128987,2
5654,5654,1024,311.0719919204712,210.4653715810521,2
5655,5655,1024,544.7840094566345,120.2183655598161,2
5656,5656,1024,108.92800241708755,601.4634132106554,2
5657,5657,1024,545.3760027885437,120.17282905168693,2
5658,5658,1024,312.55999207496643,209.75989229061364,2
5659,5659,1024,530.5119752883911,123.62723282984707,2
5660,5660,1024,311.37600541114807,210.70637319458345,2
5661,5661,1024,529.20001745224,124.02133795077448,2
5662,5662,1024,310.95999479293823,211.1373964863824,2
5663,5663,1024,544.9439883232117,120.52335417827464,2
5664,5664,1024,103.98399829864502,631.8440921967908,2
5665,5665,1024,545.6640124320984,120.44935217012997,2
5666,5666,1024,312.7039968967438,210.25661117376222,2
5667,5667,1024,531.2640070915222,123.80152201929505,2
5668,5668,1024,315.64798951148987,208.44266061642386,2
5669,5669,1024,532.8159928321838,123.52805811654758,2
5670,5670,1024,316.0479962825775,208.32578587567383,2
5671,5671,1024,548.5759973526001,120.06389978026228,2
5672,5672,1024,109.83999818563461,599.8489177016125,2
5673,5673,1024,549.7440099716187,119.89332743325888,2
5674,5674,1024,316.8480098247528,208.09307681770744,2
5675,5675,1024,535.5839729309082,123.14991361496295,2
5676,5676,1024,317.50398874282837,207.80956834354205,2
5677,5677,1024,536.080002784729,123.12270080797016,2
5678,5678,1024,318.5119926929474,207.2979176506279,2
5679,5679,1024,553.600013256073,119.31020662285981,2
5680,5680,1024,104.60799932479858,631.6285143246832,2
5681,5681,1024,553.1039834022522,119.50133159668519,2
5682,5682,1024,318.9280033111572,207.31931114713404,2
5683,5683,1024,537.7280116081238,123.00495425966895,2
5684,5684,1024,319.6159899234772,207.018707367681,2
5685,5685,1024,538.5599732398987,122.90139648108627,2
5686,5686,1024,320.0159966945648,206.90547126366377,2
5687,5687,1024,554.7199845314026,119.4050230008441,2
5688,5688,1024,109.02400314807892,607.7528489024992,2
5689,5689,1024,558.239996433258,118.73557794407274,2
5690,5690,1024,319.7759985923767,207.35218744331584,2
5691,5691,1024,538.3679866790771,123.20487608699376,2
5692,5692,1024,319.2960023880005,207.8099098508902,2
5693,5693,1024,536.5920066833496,123.69955035720372,2
5694,5694,1024,317.4720108509064,209.15075426659598,2
5695,5695,1024,552.9599785804749,120.12231946788745,2
5696,5696,1024,104.65600341558456,634.900644009356,2
5697,5697,1024,551.0079860687256,120.6325471001603,2
5698,5698,1024,316.9119954109192,209.8148216377328,2
5699,5699,1024,538.2080078125,123.58822961098119,2
5700,5700,1024,318.448007106781,208.94939994926133,2
5701,5701,1024,536.8959903717041,123.97721428673209,2
5702,5702,1024,320.44801115989685,207.79103091008068,2
5703,5703,1024,555.296003818512,119.95328540806516,2
5704,5704,1024,109.80799794197083,606.8131904491408,2
5705,5705,1024,556.3200116157532,119.81648297426176,2
5706,5706,1024,320.5440044403076,208.0203529135646,2
5707,5707,1024,537.8559827804565,124.01656370386985,2
5708,5708,1024,318.9919888973236,209.17901074148213,2
5709,5709,1024,536.6399884223938,124.38471252250527,2
5710,5710,1024,319.16800141334534,209.2101855584324,2
5711,5711,1024,554.256021976471,120.51576231829489,2
5712,5712,1024,103.96800190210342,642.6975616489955,2
5713,5713,1024,554.9119710922241,120.45762786561134,2
5714,5714,1024,319.3280100822449,209.3984244939179,2
5715,5715,1024,538.9760136604309,124.10605871997595,2
5716,5716,1024,318.91199946403503,209.8183812476649,2
5717,5717,1024,538.1439924240112,124.38495126646214,2
5718,5718,1024,317.82400608062744,210.6840008020448,2
5719,5719,1024,554.207980632782,120.86411323691038,2
5720,5720,1024,109.64799672365189,611.1126988382638,2
5721,5721,1024,552.191972732544,121.39023687051417,2
5722,5722,1024,317.8560137748718,210.9576246038639,2
5723,5723,1024,537.4559760093689,124.80573662991648,2
5724,5724,1024,316.8480098247528,211.77672059582537,2
5725,5725,1024,537.5360250473022,124.87438398959988,2
5726,5726,1024,315.18399715423584,213.04359439017153,2
5727,5727,1024,549.8719811439514,122.15822899769674,2
5728,5728,1024,104.70400005578995,641.7600778976566,2
5729,5729,1024,550.6079792976379,122.08016174001779,2
5730,5730,1024,315.37601351737976,213.2114565405731,2
5731,5731,1024,537.6799702644348,125.10276567475348,2
5732,5732,1024,316.43199920654297,212.6483027024046,2
5733,5733,1024,537.3439788818359,125.26837652870066,2
5734,5734,1024,316.72000885009766,212.603215478785,2
5735,5735,1024,552.5599718093872,121.90383711550578,2
5736,5736,1024,109.24799740314484,616.7863485803385,2
5737,5737,1024,549.7919917106628,122.60304101969099,2
5738,5738,1024,314.4319951534271,214.44913988189302,2
5739,5739,1024,538.7840270996094,125.19520330087549,2
5740,5740,1024,313.1519854068756,215.47583264505937,2
5741,5741,1024,536.7519855499268,125.75677352891948,2
5742,5742,1024,313.4239912033081,215.43888460089047,2
5743,5743,1024,549.95197057724,122.82388274943563,2
5744,5744,1024,104.3040007352829,647.8252152521974,2
5745,5745,1024,545.8400249481201,123.83535122112852,2
5746,5746,1024,310.86400151252747,217.51577679950532,2
5747,5747,1024,534.0480208396912,126.65782812123625,2
5748,5748,1024,308.9280128479004,219.03129977829036,2
5749,5749,1024,532.8800082206726,127.02381212238933,2
5750,5750,1024,308.0640137195587,219.79847364334015,2
5751,5751,1024,542.3679947853088,124.88855297372861,2
5752,5752,1024,110.44800281524658,613.4933223314594,2
5753,5753,1024,542.7359938621521,124.8906930783292,2
5754,5754,1024,306.0320019721985,221.5658504046249,2
5755,5755,1024,531.4239859580994,127.6378428378807,2
5756,5756,1024,304.78399991989136,222.627781464363,2
5757,5757,1024,529.0560126304626,128.29825714391984,2
5758,5758,1024,302.72001028060913,224.30148244597032,2
5759,5759,1024,538.3359789848328,126.1742416252541,2
5760,5760,1024,104.96000200510025,647.3677925110774,2
5761,5761,1024,558.7999820709229,121.6380135806323,2
5762,5762,1024,317.9199993610382,213.87430500961722,2
5763,5763,1024,552.5280237197876,123.10420321141092,2
5764,5764,1024,320.71998715400696,212.15431570632597,2
5765,5765,1024,554.3680191040039,122.78078542483583,2
5766,5766,1024,322.06401228904724,211.41559966312198,2
5767,5767,1024,567.40802526474,120.04232023369778,2
5768,5768,1024,111.31200194358826,612.1226674777704,2
5769,5769,1024,571.1680054664612,119.33481335729745,2
5770,5770,1024,326.06399059295654,209.11189572330798,2
5771,5771,1024,562.3199939727783,121.29658539458212,2
5772,5772,1024,327.37600803375244,208.41825166664438,2
5773,5773,1024,561.9519948959351,121.46016031963681,2
5774,5774,1024,329.48800921440125,207.2258344417339,2
5775,5775,1024,577.8239965438843,118.20568271399686,2
5776,5776,1024,108.5280030965805,629.567802765117,2
5777,5777,1024,581.1359882354736,117.61343020509194,2
5778,5778,1024,331.9999873638153,205.942964561245,2
5779,5779,1024,568.1759715080261,120.37948417013234,2
5780,5780,1024,333.50399136543274,205.15617495272855,2
5781,5781,1024,568.0639743804932,120.48657055332943,2
5782,5782,1024,333.96801352500916,205.01293051788866,2
5783,5783,1024,586.4319801330566,116.79350477519976,2
5784,5784,1024,111.26399785280228,615.7889057576624,2
5785,5785,1024,589.8720026016235,116.19271383912155,2
5786,5786,1024,337.3120129108429,203.2614421773416,2
5787,5787,1024,572.2879767417908,119.84565550805772,2
5788,5788,1024,335.87199449539185,204.27405212833645,2
5789,5789,1024,571.6639757156372,120.0594158868958,2
5790,5790,1024,332.97601342201233,206.19310110180209,2
5791,5791,1024,585.1519703865051,117.373055486141,2
5792,5792,1024,111.13599687814713,618.2047095625554,2
5793,5793,1024,586.8480205535889,117.11468786614738,2
5794,5794,1024,334.7359895706177,205.39247368109983,2
5795,5795,1024,571.9199776649475,120.25456337580778,2
5796,5796,1024,335.9360098838806,204.80009151677802,2
5797,5797,1024,574.0799903869629,119.88480557493222,2
5798,5798,1024,337.39200234413147,204.05704377597414,2
5799,5799,1024,590.0639891624451,116.71779080393901,2
5800,5800,1024,110.944002866745,620.9864275651704,2
5801,5801,1024,589.3759727478027,116.93465976681509,2
5802,5802,1024,336.2079858779907,205.05831118782234,2
5803,5803,1024,576.2079954147339,119.68943399051716,2
5804,5804,1024,337.15200424194336,204.62515156366177,2
5805,5805,1024,575.6639838218689,119.88513636342981,2
5806,5806,1024,337.7760052680969,204.38791818028707,2
5807,5807,1024,593.7759876251221,116.30837115562417,2
5808,5808,1024,107.4879989027977,642.7220357360459,2
5809,5809,1024,597.823977470398,115.60041030877187,2
5810,5810,1024,339.2159938812256,203.80080552512607,2
5811,5811,1024,578.8159966468811,119.47888967932283,2
5812,5812,1024,339.02400732040405,204.05663026282215,2
5813,5813,1024,578.5279870033264,119.62066843207378,2
5814,5814,1024,339.7440016269684,203.76435279646392,2
5815,5815,1024,597.2319841384888,115.95415958824746,2
5816,5816,1024,114.86399918794632,603.1076192519481,2
5817,5817,1024,597.4879860877991,115.98421907317932,2
5818,5818,1024,339.1520082950592,204.40098910365174,2
5819,5819,1024,585.3760242462158,118.46545751049061,2
5820,5820,1024,339.1999900341034,204.51260978228635,2
5821,5821,1024,583.952009677887,118.83599134503984,2
5822,5822,1024,337.95198798179626,205.40894357969927,2
5823,5823,1024,598.688006401062,115.99064796611368,2
5824,5824,1024,108.17600041627884,642.1578037705526,2
5825,5825,1024,599.6800065040588,115.87833385525697,2
5826,5826,1024,339.1520082950592,204.96349585971976,2
5827,5827,1024,586.3519906997681,118.59369064137042,2
5828,5828,1024,342.76801347732544,202.94051164900074,2
5829,5829,1024,587.4080061912537,118.46176564597887,2
5830,5830,1024,344.62401270866394,201.98612004104848,2
5831,5831,1024,605.6479811668396,114.97297290390532,2
5832,5832,1024,112.01599985361099,621.8489755305658,2
5833,5833,1024,605.3119897842407,115.11571858478682,2
5834,5834,1024,347.6159870624542,200.52247676248712,2
5835,5835,1024,587.3600244522095,118.71546223294852,2
5836,5836,1024,347.79199957847595,200.55843461764562,2
5837,5837,1024,586.5600109100342,118.95888573062345,2
5838,5838,1024,347.6479947566986,200.77905457458434,2
5839,5839,1024,607.7600121498108,114.8880295052853,2
5840,5840,1024,108.5439994931221,643.5018897974729,2
5841,5841,1024,607.1680188179016,115.07884032501335,2
5842,5842,1024,347.9839861392975,200.86015752466463,2
5843,5843,1024,591.6159749031067,118.18485659291287,2
5844,5844,1024,348.35198521614075,200.7853754144737,2
5845,5845,1024,590.9439921379089,118.40026149833764,2
5846,5846,1024,347.3599851131439,201.49662991608517,2
5847,5847,1024,608.959972858429,114.97605220807719,2
5848,5848,1024,111.63199692964554,627.416573369565,2
5849,5849,1024,607.26398229599,115.37605142181783,2
5850,5850,1024,348.30400347709656,201.2255940222311,2
5851,5851,1024,588.5279774665833,119.13051941864728,2
5852,5852,1024,347.4400043487549,201.8639492117867,2
5853,5853,1024,590.0160074234009,118.9113216408938,2
5854,5854,1024,344.86401081085205,203.5108244637729,2
5855,5855,1024,604.960024356842,116.05318760465293,2
5856,5856,1024,111.61600053310394,629.2245107561455,2
5857,5857,1024,602.5279760360718,116.60124400231,2
5858,5858,1024,344.7520136833191,203.85523820770797,2
5859,5859,1024,588.3520245552063,119.49223824146675,2
5860,5860,1024,346.5760052204132,202.92085932283038,2
5861,5861,1024,590.6720161437988,119.10417877469406,2
5862,5862,1024,347.6000130176544,202.46119527166323,2
5863,5863,1024,604.0800213813782,116.5400682363474,2
5864,5864,1024,111.51999980211258,631.4880194849671,2
5865,5865,1024,609.2320084571838,115.63339388290035,2
5866,5866,1024,346.96000814437866,203.11156396640106,2
5867,5867,1024,589.6160006523132,119.561916559266,2
5868,5868,1024,344.9920117855072,204.40952237422928,2
5869,5869,1024,587.1040225028992,120.1553507115541,2
5870,5870,1024,344.89598870277405,204.6058333859434,2
5871,5871,1024,604.8799753189087,116.70377537425033,2
5872,5872,1024,108.22399705648422,652.4969355469676,2
5873,5873,1024,603.7920117378235,116.99373098475675,2
5874,5874,1024,340.4960036277771,207.53235660659413,2
5875,5875,1024,585.9839916229248,120.63128175946325,2
5876,5876,1024,338.8800024986267,208.66402716780715,2
5877,5877,1024,589.4079804420471,120.01217923610224,2
5878,5878,1024,336.8319869041443,210.07568515794478,2
5879,5879,1024,599.7440218925476,118.02416728495875,2
5880,5880,1024,111.53600364923477,634.8476624882713,2
5881,5881,1024,595.6479907035828,118.91664008524953,2
5882,5882,1024,333.0880105495453,212.72620481024614,2
5883,5883,1024,591.4559960365295,119.84094091020472,2
5884,5884,1024,332.5439989566803,213.21912922938233,2
5885,5885,1024,585.7440233230591,121.09187968765696,2
5886,5886,1024,329.27998900413513,215.47908824519843,2
5887,5887,1024,593.3759808540344,119.61566561869273,2
5888,5888,1024,108.5600033402443,654.0270442832526,2
5889,5889,1024,589.4240140914917,120.49949732278009,2
5890,5890,1024,328.575998544693,216.23436013186412,2
5891,5891,1024,579.15198802948,122.72002817398983,2
5892,5892,1024,333.72798562049866,213.04080848901077,2
5893,5893,1024,584.1119885444641,121.76058178368655,2
5894,5894,1024,334.03199911117554,212.99143650102985,2
5895,5895,1024,595.9680080413818,119.41932828558511,2
5896,5896,1024,111.39199882745743,639.132504285856,2
5897,5897,1024,598.9120006561279,118.91296075880578,2
5898,5898,1024,340.35199880599976,209.32022036576367,2
5899,5899,1024,587.8720283508301,121.22828134539083,2
5900,5900,1024,341.5519893169403,208.72629125238743,2
5901,5901,1024,587.9200100898743,121.3005974011638,2
5902,5902,1024,344.2560136318207,207.22723254530214,2
5903,5903,1024,605.3599715232849,117.88588771805676,2
5904,5904,1024,108.76800119876862,656.328861257112,2
5905,5905,1024,607.2319746017456,117.60211284465967,2
5906,5906,1024,347.6319909095764,205.4930328508846,2
5907,5907,1024,593.1839942932129,120.46876827340189,2
5908,5908,1024,348.28799962997437,205.2449189979152,2
5909,5909,1024,593.7920212745667,120.42691872906589,2
5910,5910,1024,348.5119938850403,205.25189966229888,2
5911,5911,1024,609.1200113296509,117.47596020002362,2
5912,5912,1024,111.53600364923477,641.7763714855056,2
5913,5913,1024,611.840009689331,117.03286509222971,2
5914,5914,1024,350.68801045417786,204.25451932397726,2
5915,5915,1024,592.960000038147,120.84092821672675,2
5916,5916,1024,348.6720025539398,205.5744830757134,2
5917,5917,1024,590.5439853668213,121.41737524845253,2
5918,5918,1024,348.03199768066406,206.0917939442238,2
5919,5919,1024,608.0800294876099,117.99562137973813,2
5920,5920,1024,112.92800307273865,635.5821872965257,2
5921,5921,1024,609.3440055847168,117.83044866274275,2
5922,5922,1024,348.81600737571716,205.9066399284748,2
5923,5923,1024,593.6800241470337,121.02106803277894,2
5924,5924,1024,352.54400968551636,203.86689682264867,2
5925,5925,1024,593.999981880188,121.03757944979493,2
5926,5926,1024,352.60799527168274,203.96755550759858,2
5927,5927,1024,612.9119992256165,117.38204812909312,2
5928,5928,1024,111.455999314785,645.7179988018202,2
5929,5929,1024,614.7840023040771,117.10361313597011,2
5930,5930,1024,353.66401076316833,203.63314617337974,2
5931,5931,1024,597.7280139923096,120.5264013758052,2
5932,5932,1024,354.43198680877686,203.3290014280828,2
5933,5933,1024,598.4159708023071,120.46904659871767,2
5934,5934,1024,355.9040129184723,202.62459109872282,2
5935,5935,1024,616.096019744873,117.09086000892042,2
5936,5936,1024,108.65599662065506,664.146727768194,2
5937,5937,1024,617.3120141029358,116.93898525027376,2
5938,5938,1024,356.1919927597046,202.73381204477553,2
5939,5939,1024,597.711980342865,120.85500539333853,2
5940,5940,1024,356.59199953079224,202.6428324109391,2
5941,5941,1024,598.3840227127075,120.80059350566101,2
5942,5942,1024,357.15198516845703,202.4613735183187,2
5943,5943,1024,615.8400177955627,117.45554017571538,2
5944,5944,1024,111.55200004577637,648.6496566471885,2
5945,5945,1024,615.4720187187195,117.6048837292146,2
5946,5946,1024,356.7200005054474,202.97955781959104,2
5947,5947,1024,599.3919968605042,120.8411610621769,2
5948,5948,1024,356.00000619888306,203.52692283809105,2
5949,5949,1024,598.7840294837952,121.04523046562235,2
5950,5950,1024,354.20799255371094,204.69419528698435,2
5951,5951,1024,611.9040250778198,118.52952468939235,2
5952,5952,1024,112.84799873828888,642.9274014886277,2
5953,5953,1024,612.3679876327515,118.51934375695363,2
5954,5954,1024,353.5360097885132,205.35910220695976,2
5955,5955,1024,596.2719917297363,121.80050079044842,2
5956,5956,1024,355.8239936828613,204.17572231723085,2
5957,5957,1024,597.4400043487549,121.64404496351077,2
5958,5958,1024,356.83199763298035,203.7357107945656,2
5959,5959,1024,616.0640120506287,118.0458933900906,2
5960,5960,1024,115.63199758529663,629.1358648053869,2
5961,5961,1024,618.8960075378418,117.58461861389596,2
5962,5962,1024,357.9680025577545,203.36194517903857,2
5963,5963,1024,599.183976650238,121.53444442742187,2
5964,5964,1024,357.2640120983124,203.8994013982975,2
5965,5965,1024,601.2639999389648,121.19526332425885,2
5966,5966,1024,356.84800148010254,204.2740415685487,2
5967,5967,1024,616.9760227203369,118.18809740853229,2
5968,5968,1024,110.20799726247787,661.8727040132401,2
5969,5969,1024,617.7600026130676,118.1172491248246,2
5970,5970,1024,356.1919927597046,204.924772829586,2
5971,5971,1024,602.400004863739,121.21018887527437,2
5972,5972,1024,357.60000348091125,204.25468937641935,2
5973,5973,1024,601.0720133781433,121.55937951819617,2
5974,5974,1024,354.89600896835327,205.94880359592213,2
5975,5975,1024,616.5919899940491,118.57902987144814,2
5976,5976,1024,115.24800211191177,634.6258009486178,2
5977,5977,1024,618.0319786071777,118.3819574464173,2
5978,5978,1024,355.1200032234192,206.0946118711159,2
5979,5979,1024,602.6080250740051,121.49324954477478,2
5980,5980,1024,354.52800989151,206.5769055099808,2
5981,5981,1024,601.5999913215637,121.77825196948938,2
5982,5982,1024,352.6400029659271,207.82184362413665,2
5983,5983,1024,616.6880130767822,118.87826310460856,2
5984,5984,1024,112.7839982509613,650.2279527705513,2
5985,5985,1024,618.1120276451111,118.68369732180578,2
5986,5986,1024,353.10399532318115,207.82641482386632,2
5987,5987,1024,604.095995426178,121.51853127285091,2
5988,5988,1024,355.3119897842407,206.67296636004772,2
5989,5989,1024,605.072021484375,121.40358370527785,2
5990,5990,1024,355.16801476478577,206.89488283077694,2
5991,5991,1024,620.8800077438354,118.39160702743668,2
5992,5992,1024,120.06399780511856,612.4360708973927,2
5993,5993,1024,620.3039884567261,118.58067934562611,2
5994,5994,1024,353.2159924507141,208.31621246103984,2
5995,5995,1024,605.8560013771057,121.48954707504103,2
5996,5996,1024,352.25600004196167,209.02334881230988,2
5997,5997,1024,606.4800024032593,121.44553841863686,2
5998,5998,1024,351.936012506485,209.3529891052066,2
5999,5999,1024,617.0079708099365,119.4529560959329,2
6000,6000,1024,112.75199800729752,653.8952861414323,2
6001,6001,1024,616.864025592804,119.56051088750726,2
6002,6002,1024,349.15199875831604,211.30384604519693,2
6003,6003,1024,602.8159856796265,122.42831674212236,2
6004,6004,1024,348.01599383354187,212.13489631545954,2
6005,6005,1024,603.8240194320679,122.30538836375071,2
6006,6006,1024,346.3039994239807,213.32566141563393,2
6007,6007,1024,613.4880185127258,120.45896598136589,2
6008,6008,1024,119.05600130558014,620.9240883393852,2
6009,6009,1024,610.6719970703125,121.09503996051993,2
6010,6010,1024,343.6799943447113,215.24082290866212,2
6011,6011,1024,600.2240180969238,123.28494291618092,2
6012,6012,1024,341.40801429748535,216.81742610617218,2
6013,6013,1024,598.8960266113281,123.64054998156736,2
6014,6014,1024,339.77600932121277,218.00381244096135,2
6015,6015,1024,608.6879968643188,121.73248229259366,2
6016,6016,1024,113.0720004439354,655.5269208733231,2
6017,6017,1024,607.312023639679,122.08943835433003,2
6018,6018,1024,339.7279977798462,218.3247540288541,2
6019,6019,1024,599.295973777771,123.8047418545031,2
6020,6020,1024,343.6320126056671,215.98784885380024,2
6021,6021,1024,599.951982498169,123.75156901531966,2
6022,6022,1024,344.1759943962097,215.78978325403483,2
6023,6023,1024,612.8960251808167,121.21849113001129,2
6024,6024,1024,119.12000179290771,623.9002898707553,2
6025,6025,1024,613.4880185127258,121.1819591525696,2
6026,6026,1024,347.8719890117645,213.78082397282344,2
6027,6027,1024,602.8159856796265,123.40921070320961,2
6028,6028,1024,349.0560054779053,213.19711583277868,2
6029,6029,1024,602.6880145072937,123.51734989928043,2
6030,6030,1024,350.70401430130005,212.33610156518805,2
6031,6031,1024,616.4000034332275,120.8498113450602,2
6032,6032,1024,113.02399635314941,659.2983043987331,2
6033,6033,1024,616.8320178985596,120.845280577278,2
6034,6034,1024,352.54400968551636,211.50820731436022,2
6035,6035,1024,602.1280288696289,123.87841991017856,2
6036,6036,1024,353.34399342536926,211.16926167236437,2
6037,6037,1024,602.2560000419617,123.93420025171939,2
6038,6038,1024,353.35999727249146,211.29965442699122,2
6039,6039,1024,617.1680092811584,121.01984854171899,2
6040,6040,1024,118.8960000872612,628.4005916529153,2
6041,6041,1024,616.320013999939,121.26664231288035,2
6042,6042,1024,354.7520041465759,210.74949203418512,2
6043,6043,1024,602.4320125579834,124.14439006061566,2
6044,6044,1024,354.095995426178,211.27973739990261,2
6045,6045,1024,599.6959805488586,124.79334467358962,2
6046,6046,1024,351.9040048122406,212.73650923053086,2
6047,6047,1024,614.4800186157227,121.87149095702729,2
6048,6048,1024,112.70400136709213,664.6824042032041,2
6049,6049,1024,615.0720119476318,121.83474421265043,2
6050,6050,1024,352.56001353263855,212.62172998260434,2
6051,6051,1024,600.3199815750122,124.91122259709446,2
6052,6052,1024,355.6640148162842,210.9054800799757,2
6053,6053,1024,599.6959805488586,125.1238682028929,2
6054,6054,1024,355.8560013771057,210.9310386154109,2
6055,6055,1024,618.6239719390869,121.3756314108587,2
6056,6056,1024,119.1679984331131,630.2923563003226,2
6057,6057,1024,617.8719997406006,121.60364279906504,2
6058,6058,1024,355.648010969162,211.33338344050827,2
6059,6059,1024,602.1280288696289,124.86565893493537,2
6060,6060,1024,356.84800148010254,210.76181592176752,2
6061,6061,1024,599.6320247650146,125.46820966989412,2
6062,6062,1024,356.57599568367004,211.06183653137768,2
6063,6063,1024,617.8079843521118,121.8573058600884,2
6064,6064,1024,114.78400230407715,656.0953712739201,2
6065,6065,1024,620.5919981002808,121.39069312947676,2
6066,6066,1024,356.687992811203,211.27410680148103,2
6067,6067,1024,600.4800200462341,125.53920689350464,2
6068,6068,1024,355.9679985046387,211.8410595019185,2
6069,6069,1024,601.423978805542,125.42482040342769,2
6070,6070,1024,356.9279909133911,211.410584546478,2
6071,6071,1024,619.0400123596191,121.93593057139819,2
6072,6072,1024,119.19999867677689,633.4571281057476,2
6073,6073,1024,617.3760294914246,122.345148149373,2
6074,6074,1024,355.679988861084,212.43207718809907,2
6075,6075,1024,598.9760160446167,126.18655501286378,2
6076,6076,1024,354.68798875808716,213.16652281554343,2
6077,6077,1024,597.823977470398,126.51298282151129,2
6078,6078,1024,352.83198952674866,214.42893580448526,2
6079,6079,1024,614.6240234375,123.13590533725043,2
6080,6080,1024,114.54399675130844,660.9441729571497,2
6081,6081,1024,616.208016872406,122.90020716118228,2
6082,6082,1024,352.7680039405823,214.75020950244672,2
6083,6083,1024,602.7039885520935,125.73654416001919,2
6084,6084,1024,353.87200117111206,214.22105856672226,2
6085,6085,1024,601.7760038375854,126.01326127398458,2
6086,6086,1024,355.8399975299835,213.17638133585086,2
6087,6087,1024,625.2800226211548,121.35620932507423,2
6088,6088,1024,122.99200147390366,617.1665376801418,2
6089,6089,1024,626.4960169792175,121.20026967468947,2
6090,6090,1024,356.6240072250366,212.98742446150024,2
6091,6091,1024,607.5839996337891,125.05493155480805,2
6092,6092,1024,356.06399178504944,213.46254613098844,2
6093,6093,1024,607.312023639679,125.19311028347056,2
6094,6094,1024,356.9439947605133,213.07611626588337,2
6095,6095,1024,627.0560026168823,121.33079482931603,2
6096,6096,1024,117.5680011510849,647.3374525624289,2
6097,6097,1024,627.1839737892151,121.38566164572671,2
6098,6098,1024,356.78398609161377,213.4516120699568,2
6099,6099,1024,610.5920076370239,124.76595745630372,2
6100,6100,1024,355.50400614738464,214.36067859220282,2
6101,6101,1024,610.480010509491,124.87070229274094,2
6102,6102,1024,355.0240099430084,214.79127398803618,2
6103,6103,1024,628.7199854850769,121.32754961359595,2
6104,6104,1024,122.94399738311768,620.6570210192151,2
6105,6105,1024,628.6879777908325,121.41326364824445,2
6106,6106,1024,354.52800989151,215.3738638348093,2
6107,6107,1024,610.1920008659363,125.17548483691364,2
6108,6108,1024,352.56001353263855,216.71798541874813,2
6109,6109,1024,609.9680066108704,125.30348388708083,2
6110,6110,1024,349.64799880981445,218.66603286806492,2
6111,6111,1024,622.2400069236755,122.91265196225359,2
6112,6112,1024,117.95199662446976,648.6215096093455,2
6113,6113,1024,625.104010105133,122.42960799296202,2
6114,6114,1024,348.80000352859497,219.4847449355712,2
6115,6115,1024,608.8799834251404,125.77408830095891,2
6116,6116,1024,349.727988243103,219.04559104016965,2
6117,6117,1024,607.2800159454346,126.18796117092302,2
6118,6118,1024,350.5600094795227,218.66865095597205,2
6119,6119,1024,626.4320015907288,122.41000704510446,2
6120,6120,1024,123.16799908876419,622.7803631422105,2
6121,6121,1024,623.1359839439392,123.1379389813945,2
6122,6122,1024,346.5920090675354,221.46140829531794,2
6123,6123,1024,607.7119708061218,126.34576226982976,2
6124,6124,1024,344.7200059890747,222.80956345317034,2
6125,6125,1024,607.3279976844788,126.50824643838673,2
6126,6126,1024,345.2000021934509,222.64510301170014,2
6127,6127,1024,619.1040277481079,124.18298177068348,2
6128,6128,1024,117.16800183057785,656.3846889119618,2
6129,6129,1024,620.2399730682373,124.03648282684303,2
6130,6130,1024,340.0479853153229,226.31362196908222,2
6131,6131,1024,604.4319868087769,127.36354694668876,2
6132,6132,1024,337.13600039482117,228.41736350261021,2
6133,6133,1024,599.6320247650146,128.46684614983303,2
6134,6134,1024,334.6880078315735,230.23818028992008,2
6135,6135,1024,611.4559769630432,126.06481530011925,2
6136,6136,1024,122.68800288438797,628.4902679576669,2
6137,6137,1024,608.4640026092529,126.76731997494018,2
6138,6138,1024,330.9600055217743,233.13539045406998,2
6139,6139,1024,595.4239964485168,129.62801947582182,2
6140,6140,1024,327.567994594574,235.70306645971368,2
6141,6141,1024,589.9839997291565,130.90852010131755,2
6142,6142,1024,325.9199857711792,237.04924903329433,2
6143,6143,1024,598.2879996299744,129.175660551103,2
6144,6144,1024,117.23200231790543,659.4565459895088,2
6145,6145,1024,633.5039734840393,122.07433960467242,2
6146,6146,1024,353.66401076316833,218.73797958991105,2
6147,6147,1024,628.3199787139893,123.16165306471268,2
6148,6148,1024,357.31199383735657,216.64570103189988,2
6149,6149,1024,631.2800049781799,122.66393840666083,2
6150,6150,1024,358.92799496650696,215.81063914289595,2
6151,6151,1024,643.5840129852295,120.39713679118118,2
6152,6152,1024,123.63199889659882,626.9482794403995,2
6153,6153,1024,647.4080085754395,119.76384073871877,2
6154,6154,1024,366.3040101528168,211.74017269328434,2
6155,6155,1024,637.6799941062927,121.66993463349483,2
6156,6156,1024,367.96799302101135,210.91969301680075,2
6157,6157,1024,640.2239799499512,121.26523776580375,2
6158,6158,1024,370.60800194740295,209.55331202757432,2
6159,6159,1024,654.5760035514832,118.6834822335338,2
6160,6160,1024,119.07199770212173,652.6520953684751,2
6161,6161,1024,658.4159731864929,118.0679469724547,2
6162,6162,1024,374.57600235939026,207.60288759072597,2
6163,6163,1024,644.2720293998718,120.7382871866383,2
6164,6164,1024,376.51199102401733,206.6695055219008,2
6165,6165,1024,645.0880169868469,120.6638392751095,2
6166,6166,1024,376.72001123428345,206.68944671371887,2
6167,6167,1024,660.2399945259094,117.97120640643564,2
6168,6168,1024,123.21600317955017,632.3413253265732,2
6169,6169,1024,666.2240028381348,116.98743455050237,2
6170,6170,1024,378.52799892425537,205.9691949382087,2
6171,6171,1024,646.3680267333984,120.65940507940377,2
6172,6172,1024,376.76799297332764,207.06551906473365,2
6173,6173,1024,649.9680280685425,120.06889450225417,2
6174,6174,1024,376.0960102081299,207.56994790983953,2
6175,6175,1024,662.1599793434143,117.93452101625672,2
6176,6176,1024,125.44000148773193,622.7424579203296,2
6177,6177,1024,664.0160083770752,117.68106914016654,2
6178,6178,1024,377.375990152359,207.1340489903485,2
6179,6179,1024,648.1599807739258,120.63800031997523,2
6180,6180,1024,381.6159963607788,204.9652948144576,2
6181,6181,1024,646.6720104217529,120.99387211295952,2
6182,6182,1024,381.6800117492676,205.0635808600218,2
6183,6183,1024,667.4399971961975,117.30491699763247,2
6184,6184,1024,123.24800342321396,635.461175132095,2
6185,6185,1024,671.0240244865417,116.75387160682993,2
6186,6186,1024,382.3840022087097,204.95101300086483,2
6187,6187,1024,648.0640172958374,120.96849450015522,2
6188,6188,1024,382.84799456596375,204.8350092597607,2
6189,6189,1024,648.0159759521484,121.05568924089722,2
6190,6190,1024,384.5439851284027,204.0634513469186,2
6191,6191,1024,669.0719723701477,117.32180143479933,2
6192,6192,1024,119.98400092124939,654.4379989756917,2
6193,6193,1024,668.5119867324829,117.49595446436203,2
6194,6194,1024,384.0000033378601,204.61672355473436,2
6195,6195,1024,650.8479714393616,120.76275666370863,2
6196,6196,1024,383.35999846458435,205.090703993373,2
6197,6197,1024,650.4480242729187,120.915046086757,2
6198,6198,1024,384.36800241470337,204.68493032132383,2
6199,6199,1024,670.0959801673889,117.4454543487053,2
6200,6200,1024,124.24000352621078,633.653555743754,2
6201,6201,1024,669.4560050964355,117.63359600703849,2
6202,6202,1024,383.1520080566406,205.59964957916836,2
6203,6203,1024,646.2560296058655,121.93514709651352,2
6204,6204,1024,381.99999928474426,206.3527060617669,2
6205,6205,1024,646.56001329422,121.95642411946994,2
6206,6206,1024,380.511999130249,207.2932393940099,2
6207,6207,1024,663.0399823188782,119.00185336644284,2
6208,6208,1024,126.56000256538391,623.6442088504518,2
6209,6209,1024,664.9600267410278,118.73472015295889,2
6210,6210,1024,380.47999143600464,207.5780029901626,2
6211,6211,1024,648.5599875450134,121.81558610646894,2
6212,6212,1024,382.4000060558319,206.6688181497081,2
6213,6213,1024,650.9119868278503,121.45359942942362,2
6214,6214,1024,383.88800621032715,206.0003254299967,2
6215,6215,1024,673.5680103302002,117.44398128589863,2
6216,6216,1024,123.47199767827988,640.8899910584358,2
6217,6217,1024,673.9040017127991,117.46098861382767,2
6218,6218,1024,385.80799102783203,205.23913188280173,2
6219,6219,1024,653.5999774932861,121.18783790627293,2
6220,6220,1024,386.1599862575531,205.1839807844675,2
6221,6221,1024,654.1119813919067,121.17087688768738,2
6222,6222,1024,385.79198718070984,205.51179979500716,2
6223,6223,1024,672.4640130996704,117.93983238809375,2
6224,6224,1024,119.47199702262878,664.0533884519674,2
6225,6225,1024,671.2480187416077,118.2294439375464,2
6226,6226,1024,385.24800539016724,206.06668571223238,2
6227,6227,1024,652.4159908294678,121.72032032972845,2
6228,6228,1024,385.3119909763336,206.16485625249896,2
6229,6229,1024,657.4720144271851,120.86187917402309,2
6230,6230,1024,385.9040141105652,205.9808042764378,2
6231,6231,1024,670.4959869384766,118.59032846873116,2
6232,6232,1024,123.74400347471237,642.7775190597766,2
6233,6233,1024,672.864019870758,118.2488430385722,2
6234,6234,1024,385.24800539016724,206.59659018193432,2
6235,6235,1024,656.1920046806335,121.33104370686301,2
6236,6236,1024,384.2720091342926,207.25423531997953,2
6237,6237,1024,655.7919979095459,121.4829494198687,2
6238,6238,1024,382.2239935398102,208.4984099871785,2
6239,6239,1024,670.7839965820312,118.84399182777922,2
6240,6240,1024,123.50399792194366,645.6811612722004,2
6241,6241,1024,673.632025718689,118.41741906925328,2
6242,6242,1024,381.8559944629669,208.96707719417168,2
6243,6243,1024,657.1679711341858,121.46194558788311,2
6244,6244,1024,384.0160071849823,207.92485790712774,2
6245,6245,1024,657.9520106315613,121.39494964584371,2
6246,6246,1024,383.93598794937134,208.10144210429138,2
6247,6247,1024,677.5519847869873,117.95879906857144,2
6248,6248,1024,123.3920007944107,647.9253734219491,2
6249,6249,1024,676.256000995636,118.26054324139905,2
6250,6250,1024,381.80801272392273,209.5293899917347,2
6251,6251,1024,659.8719954490662,121.27443292019046,2
6252,6252,1024,382.01600313186646,209.54935797380057,2
6253,6253,1024,660.0160002708435,121.32557149999357,2
6254,6254,1024,381.8559944629669,209.77131151405425,2
6255,6255,1024,677.3920059204102,118.28904164749564,2
6256,6256,1024,120.60800194740295,664.5800646208778,2
6257,6257,1024,675.0720143318176,118.77147719026837,2
6258,6258,1024,379.66400384902954,211.2523975380423,2
6259,6259,1024,662.9279851913452,121.02455723730314,2
6260,6260,1024,378.464013338089,212.0576910130307,2
6261,6261,1024,659.6639752388,121.70112484759801,2
6262,6262,1024,377.20000743865967,212.90427711632435,2
6263,6263,1024,674.5439767837524,119.09252602777812,2
6264,6264,1024,124.27199631929398,646.6364409366441,2
6265,6265,1024,673.6800074577332,119.32142843803086,2
6266,6266,1024,375.88798999786377,213.92044020469234,2
6267,6267,1024,658.6880087852478,122.11516043891503,2
6268,6268,1024,372.2720146179199,216.13621328635554,2
6269,6269,1024,655.9839844703674,122.69680546085928,2
6270,6270,1024,370.06399035453796,217.56458693229,2
6271,6271,1024,669.8240041732788,120.23830538501463,2
6272,6272,1024,127.23200023174286,633.2069847621573,2
6273,6273,1024,671.1040139198303,120.08553327119158,2
6274,6274,1024,372.1280097961426,216.63400100455337,2
6275,6275,1024,663.375973701477,121.56195460327153,2
6276,6276,1024,375.40799379348755,214.87817463038635,2
6277,6277,1024,663.6319756507874,121.5925331398764,2
6278,6278,1024,377.26399302482605,213.95735380102465,2
6279,6279,1024,677.951991558075,119.10005925704738,2
6280,6280,1024,124.25599992275238,650.027710937203,2
6281,6281,1024,680.0159811973572,118.81421960956997,2
6282,6282,1024,381.3279867172241,211.9469327383345,2
6283,6283,1024,667.8079962730408,121.06328573961069,2
6284,6284,1024,382.9599916934967,211.1781106176929,2
6285,6285,1024,668.4799790382385,121.0185964228742,2
6286,6286,1024,384.16001200675964,210.65246688553327,2
6287,6287,1024,687.5680088996887,117.73381347620267,2
6288,6288,1024,120.4959973692894,672.0203083910749,2
6289,6289,1024,687.9839897155762,117.73750002741684,2
6290,6290,1024,387.4239921569824,209.14367318575387,2
6291,6291,1024,672.1919775009155,120.58019940871668,2
6292,6292,1024,388.08000087738037,208.9229346750544,2
6293,6293,1024,673.1520295143127,120.48479867247511,2
6294,6294,1024,388.480007648468,208.84051516343183,2
6295,6295,1024,689.1040205955505,117.77053213223411,2
6296,6296,1024,124.24000352621078,653.4282941393601,2
6297,6297,1024,688.6399984359741,117.92478539794003,2
6298,6298,1024,389.77599143981934,208.41078048939374,2
6299,6299,1024,670.9120273590088,121.1176934297493,2
6300,6300,1024,389.67999815940857,208.59454009427563,2
6301,6301,1024,670.8319783210754,121.20907988241841,2
6302,6302,1024,388.5760009288788,209.32002387581085,2
6303,6303,1024,686.41597032547,118.53242982301425,2
6304,6304,1024,125.50400197505951,648.4922447666147,2
6305,6305,1024,686.191976070404,118.6463818277683,2
6306,6306,1024,388.09600472450256,209.84504230032405,2
6307,6307,1024,670.8800196647644,121.43133133210333,2
6308,6308,1024,390.75198769569397,208.55092753990877,2
6309,6309,1024,670.5120205879211,121.57504501787078,2
6310,6310,1024,391.36001467704773,208.35897828573522,2
6311,6311,1024,688.319981098175,118.50479841927731,2
6312,6312,1024,125.61599910259247,649.5595552709817,2
6313,6313,1024,689.5359754562378,118.37080503014332,2
6314,6314,1024,392.14399456977844,208.20614299493423,2
6315,6315,1024,671.1680293083191,121.68734092440131,2
6316,6316,1024,391.6960060596466,208.57634447148064,2
6317,6317,1024,670.960009098053,121.802182490517,2
6318,6318,1024,391.88799262046814,208.60621272255386,2
6319,6319,1024,686.5280270576477,119.11553105629186,2
6320,6320,1024,120.38400024175644,679.5091958709154,2
6321,6321,1024,687.4880194664001,119.02450901109732,2
6322,6322,1024,393.21601390838623,208.1650134703588,2
6323,6323,1024,669.5839762687683,122.28445825163207,2
6324,6324,1024,392.32000708580017,208.7724647448003,2
6325,6325,1024,671.1519956588745,122.07595377790282,2
6326,6326,1024,393.312007188797,208.377643575623,2
6327,6327,1024,689.6960139274597,118.86880732447263,2
6328,6328,1024,125.32800436019897,654.3570245984391,2
6329,6329,1024,688.9280080795288,119.07656620999212,2
6330,6330,1024,392.9919898509979,208.81114455058815,2
6331,6331,1024,669.6799993515015,122.57650968744876,2
6332,6332,1024,392.39999651908875,209.258337106039,2
6333,6333,1024,668.39998960495,122.88885390400328,2
6334,6334,1024,389.8560106754303,210.7569164975766,2
6335,6335,1024,686.0640048980713,119.80047956635055,2
6336,6336,1024,127.42400169372559,645.221825677826,2
6337,6337,1024,684.2079758644104,120.2013192086759,2
6338,6338,1024,390.1439905166626,210.867427697791,2
6339,6339,1024,671.3119745254517,122.5877465781447,2
6340,6340,1024,392.43200421333313,209.77032432668017,2
6341,6341,1024,670.0159907341003,122.90237938616559,2
6342,6342,1024,393.23198795318604,209.47567033078295,2
6343,6343,1024,688.319981098175,119.70960514692295,2
6344,6344,1024,125.63200294971466,656.0788190330068,2
6345,6345,1024,690.5279755592346,119.40208958692256,2
6346,6346,1024,394.80000734329224,208.90697273033194,2
6347,6347,1024,672.432005405426,122.69265735240725,2
6348,6348,1024,394.01599764823914,209.45461474809946,2
6349,6349,1024,670.1120138168335,123.195034182099,2
6350,6350,1024,394.8799967765808,209.1280406050125,2
6351,6351,1024,689.1040205955505,119.87521358039423,2
6352,6352,1024,121.76000326871872,678.6506666695291,2
6353,6353,1024,689.1040205955505,119.95072552408458,2
6354,6354,1024,393.23198795318604,210.2691380688072,2
6355,6355,1024,669.3919897079468,123.5607543437834,2
6356,6356,1024,392.65599846839905,210.71016780776023,2
6357,6357,1024,669.920027256012,123.54108577854474,2
6358,6358,1024,391.88799262046814,211.25599515925558,2
6359,6359,1024,687.8560185432434,120.39544622054318,2
6360,6360,1024,126.12800300121307,656.7992739820297,2
6361,6361,1024,687.3120069503784,120.56654411681579,2
6362,6362,1024,391.37598872184753,211.79860926755094,2
6363,6363,1024,668.2720184326172,124.07963916621902,2
6364,6364,1024,389.5840048789978,212.90662544978503,2
6365,6365,1024,667.3120260238647,124.33626484206769,2
6366,6366,1024,386.9119882583618,214.51172464725587,2
6367,6367,1024,681.6160082817078,121.80352876584291,2
6368,6368,1024,127.69599258899689,650.3674443355716,2
6369,6369,1024,681.119978427887,121.96882246759048,2
6370,6370,1024,386.6240084171295,214.9413626438367,2
6371,6371,1024,664.0480160713196,125.18309332479356,2
6372,6372,1024,386.9920074939728,214.87183409930006,2
6373,6373,1024,665.440022945404,124.99967138108924,2
6374,6374,1024,387.91999220848083,214.49239977114263,2
6375,6375,1024,680.3839802742004,122.33092255707845,2
6376,6376,1024,125.95200538635254,661.0304757959924,2
6377,6377,1024,681.8720102310181,122.14056442026903,2
6378,6378,1024,388.5439932346344,214.41678647105078,2
6379,6379,1024,669.1200137138367,124.54638788257888,2
6380,6380,1024,384.7520053386688,216.66582641102036,2
6381,6381,1024,667.9999828338623,124.83345489656926,2
6382,6382,1024,384.2880129814148,217.06345640303428,2
6383,6383,1024,677.8079867362976,123.10422524493339,2
6384,6384,1024,122.04799801111221,683.888103436162,2
6385,6385,1024,673.583984375,123.95384500935121,2
6386,6386,1024,379.32801246643066,220.17746399731348,2
6387,6387,1024,660.8319878578186,126.42493167261036,2
6388,6388,1024,377.4400055408478,221.41744617729876,2
6389,6389,1024,662.447988986969,126.19552145646932,2
6390,6390,1024,374.5439946651459,223.26920733240595,2
6391,6391,1024,669.8399782180786,124.88104473926475,2
6392,6392,1024,131.15200400352478,638.0115691541484,2
6393,6393,1024,668.0799722671509,125.28841310412625,2
6394,6394,1024,369.29601430892944,226.72561870098545,2
6395,6395,1024,656.6399931907654,127.55095648837168,2
6396,6396,1024,368.51200461387634,227.35013817469874,2
6397,6397,1024,651.1039733886719,128.71593271935348,2
6398,6398,1024,365.04000425338745,229.6560881415288,2
6399,6399,1024,663.4560227394104,126.39853249314483,2
6400,6400,1024,128.22400033473969,654.2151218259315,2
6401,6401,1024,723.6959934234619,115.94964903847374,2
6402,6402,1024,392.192006111145,214.02403844052932,2
6403,6403,1024,712.9920125007629,117.763930254282,2
6404,6404,1024,397.15200662612915,211.4831826773757,2
6405,6405,1024,707.3760032653809,118.7730468833559,2
6406,6406,1024,399.56799149513245,210.3357674210093,2
6407,6407,1024,732.6400279998779,114.74895984254631,2
6408,6408,1024,131.80799782276154,638.0183878149899,2
6409,6409,1024,736.4000082015991,114.23434892870132,2
6410,6410,1024,405.64799308776855,207.44199462067382,2
6411,6411,1024,718.4320092201233,117.16444301997878,2
6412,6412,1024,408.1279933452606,206.31015045510304,2
6413,6413,1024,716.1279916763306,117.61474804921227,2
6414,6414,1024,411.296010017395,204.84877303924407,2
6415,6415,1024,737.8559708595276,114.22250429419525,2
6416,6416,1024,125.31200051307678,672.7690432106888,2
6417,6417,1024,742.1919703483582,113.62601596513831,2
6418,6418,1024,415.120005607605,203.21497786772662,2
6419,6419,1024,725.6640195846558,116.28645027253647,2
6420,6420,1024,417.2320067882538,202.31234858939976,2
6421,6421,1024,719.9680209159851,117.27949452612317,2
6422,6422,1024,416.9600009918213,202.57048117585927,2
6423,6423,1024,746.1919784545898,113.22836083950442,2
6424,6424,1024,131.45600259304047,642.9254167239866,2
6425,6425,1024,752.0800232887268,112.41186759662632,2
6426,6426,1024,419.5680022239685,201.56217442639112,2
6427,6427,1024,724.7359752655029,116.72576590531327,2
6428,6428,1024,418.12801361083984,202.38225155313108,2
6429,6429,1024,719.9360132217407,117.57714354251696,2
6430,6430,1024,417.167991399765,202.97423806626145,2
6431,6431,1024,742.5119876861572,114.07316775039199,2
6432,6432,1024,129.5360028743744,654.080997343799,2
6433,6433,1024,746.2559938430786,113.57146364149912,2
6434,6434,1024,418.5439944267273,202.5587231376271,2
6435,6435,1024,726.0640263557434,116.8024991207157,2
6436,6436,1024,422.1760034561157,200.94096280585532,2
6437,6437,1024,721.7440009117126,117.57467523776532,2
6438,6438,1024,422.0319986343384,201.13447507933435,2
6439,6439,1024,749.0400075912476,113.36050911493687,2
6440,6440,1024,131.26400113105774,647.0771275301561,2
6441,6441,1024,752.1600127220154,112.96042285007945,2
6442,6442,1024,421.37598991394043,201.6980072579789,2
6443,6443,1024,724.5919704437256,117.33097994439167,2
6444,6444,1024,422.14399576187134,201.456089348177,2
6445,6445,1024,722.2560048103333,117.78354853877556,2
6446,6446,1024,424.17600750923157,200.61548616973113,2
6447,6447,1024,747.6959824562073,113.84664733969686,2
6448,6448,1024,125.16799569129944,680.27844755142,2
6449,6449,1024,750.495970249176,113.49228540123998,2
6450,6450,1024,424.8639941215515,200.53928122613317,2
6451,6451,1024,728.3200025558472,117.02045934330184,2
6452,6452,1024,424.6079921722412,200.78464881418577,2
6453,6453,1024,722.927987575531,117.96637769967356,2
6454,6454,1024,424.9120056629181,200.7654018504584,2
6455,6455,1024,752.784013748169,113.35796940627789,2
6456,6456,1024,136.1439973115921,626.9869448054754,2
6457,6457,1024,754.4800043106079,113.17325080075614,2
6458,6458,1024,424.4160056114197,201.249254370019,2
6459,6459,1024,725.1039743423462,117.83118243903178,2
6460,6460,1024,423.96798729896545,201.58672201760493,2
6461,6461,1024,721.1679816246033,118.54766321628297,2
6462,6462,1024,421.7599928379059,202.76756156164728,2
6463,6463,1024,742.3200011253357,115.24102217684444,2
6464,6464,1024,130.62399625778198,655.1031407669248,2
6465,6465,1024,743.6479926109314,115.10643429489402,2
6466,6466,1024,421.55200242996216,203.1188346738455,2
6467,6467,1024,728.2080054283142,117.61974275690885,2
6468,6468,1024,423.98399114608765,202.07868915144678,2
6469,6469,1024,721.3280200958252,118.81504910430975,2
6470,6470,1024,424.3359863758087,202.03594781629747,2
6471,6471,1024,752.1439790725708,114.01756678786849,2
6472,6472,1024,136.9760036468506,626.2712544393346,2
6473,6473,1024,754.9600005149841,113.66250521016428,2
6474,6474,1024,423.64799976348877,202.61434137756007,2
6475,6475,1024,723.5360145568848,118.67229588092516,2
6476,6476,1024,422.39999771118164,203.3385514048414,2
6477,6477,1024,720.416009426117,119.25988632657017,2
6478,6478,1024,424.127995967865,202.6352045822311,2
6479,6479,1024,743.120014667511,115.68763789314016,2
6480,6480,1024,129.5360028743744,663.8798271658909,2
6481,6481,1024,744.7360157966614,115.5078866918761,2
6482,6482,1024,421.6800034046173,204.06334390353445,2
6483,6483,1024,723.583996295929,118.9578325565909,2
6484,6484,1024,421.424001455307,204.3133281224168,2
6485,6485,1024,718.0479764938354,119.94894995813617,2
6486,6486,1024,420.54399847984314,204.8671856439047,2
6487,6487,1024,744.4480061531067,115.76662627836411,2
6488,6488,1024,136.59200072288513,631.1409632757233,2
6489,6489,1024,748.0480074882507,115.28054743111453,2
6490,6490,1024,422.2880005836487,204.27282963469585,2
6491,6491,1024,723.0560183525085,119.33867874388136,2
6492,6492,1024,420.20800709724426,205.41050530725613,2
6493,6493,1024,717.7919745445251,120.28796004133112,2
6494,6494,1024,418.09600591659546,206.57535232524876,2
6495,6495,1024,738.1439805030823,117.04346778133652,2
6496,6496,1024,129.7920048236847,665.8463815656359,2
6497,6497,1024,744.1279888153076,116.17376006731071,2
6498,6498,1024,420.6239879131317,205.5868487696878,2
6499,6499,1024,727.2319793701172,118.94605916934798,2
6500,6500,1024,422.60798811912537,204.74766789218702,2
6501,6501,1024,722.7839827537537,119.75172127948001,2
6502,6502,1024,422.4959909915924,204.9279946746831,2
6503,6503,1024,748.3360171318054,115.7339596775624,2
6504,6504,1024,137.36000657081604,630.7114489204362,2
6505,6505,1024,748.91197681427,115.71609732914173,2
6506,6506,1024,419.8560118675232,206.47035001931218,2
6507,6507,1024,724.9760031700134,119.61012222864524,2
6508,6508,1024,419.3440079689026,206.84955889111572,2
6509,6509,1024,722.5599884986877,120.08384531266856,2
6510,6510,1024,421.4560091495514,205.93951187252253,2
6511,6511,1024,742.464005947113,116.93645902369094,2
6512,6512,1024,131.1040073633194,662.4342356776692,2
6513,6513,1024,745.0399994850159,116.60375036514695,2
6514,6514,1024,415.5200123786926,209.1382720907336,2
6515,6515,1024,723.8720059394836,120.0872807440315,2
6516,6516,1024,414.17598724365234,209.9457983227942,2
6517,6517,1024,717.9520130157471,121.1518295026944,2
6518,6518,1024,413.5519862174988,210.3916761416304,2
6519,6519,1024,738.3679747581482,117.87428261160447,2
6520,6520,1024,137.1999979019165,634.5575840477755,2
6521,6521,1024,738.2400035858154,117.96706592028592,2
6522,6522,1024,409.34398770332336,212.81543603649402,2
6523,6523,1024,717.6480293273926,121.42642609033892,2
6524,6524,1024,406.94400668144226,214.2018415723607,2
6525,6525,1024,712.7040028572083,122.3437495095277,2
6526,6526,1024,405.37598729133606,215.1622473516555,2
6527,6527,1024,726.6560196876526,120.06828351811222,2
6528,6528,1024,130.92799484729767,666.5883620519019,2
6529,6529,1024,722.1119999885559,120.89789169738708,2
6530,6530,1024,405.8719873428345,215.16282454407175,2
6531,6531,1024,713.8239741325378,122.3765456100813,2
6532,6532,1024,409.32801365852356,213.47687486861653,2
6533,6533,1024,715.6640291213989,122.13667128039035,2
6534,6534,1024,411.50400042533875,212.47808866408306,2
6535,6535,1024,731.2960028648376,119.59910686967793,2
6536,6536,1024,139.18399810791016,628.5860400429738,2
6537,6537,1024,732.8479886054993,119.41888778125697,2
6538,6538,1024,416.04799032211304,210.41483518337066,2
6539,6539,1024,720.9759950637817,121.45959311759486,2
6540,6540,1024,417.55199432373047,209.785219543428,2
6541,6541,1024,720.7520008087158,121.57167318256914,2
6542,6542,1024,419.8879897594452,208.74571983403192,2
6543,6543,1024,739.6000027656555,118.54599570597973,2
6544,6544,1024,134.47999954223633,652.1670228029326,2
6545,6545,1024,742.1600222587585,118.20931412203223,2
6546,6546,1024,424.3679940700531,206.79466593683168,2
6547,6547,1024,725.1359820365906,121.05846931695966,2
6548,6548,1024,423.8240122795105,207.1866341874211,2
6549,6549,1024,726.6079783439636,120.88704757714518,2
6550,6550,1024,424.8160123825073,206.82911528505747,2
6551,6551,1024,743.1039810180664,118.2757098509787,2
6552,6552,1024,138.49599659442902,634.805250360114,2
6553,6553,1024,747.5360035896301,117.64627310215614,2
6554,6554,1024,427.264004945755,205.8953409360304,2
6555,6555,1024,728.3679842948914,120.81601209474964,2
6556,6556,1024,426.62400007247925,206.33008577352737,2
6557,6557,1024,730.288028717041,120.57190928720114,2
6558,6558,1024,427.45599150657654,206.05415112223284,2
6559,6559,1024,744.9600100517273,118.26936197807751,2
6560,6560,1024,132.9759955406189,662.772348059458,2
6561,6561,1024,745.0559735298157,118.32625700634293,2
6562,6562,1024,425.28000473976135,207.36117270776322,2
6563,6563,1024,727.5999784469604,121.23892677991671,2
6564,6564,1024,428.8640022277832,205.75362853871047,2
6565,6565,1024,728.1759977340698,121.2168666293162,2
6566,6566,1024,428.4319877624512,206.08663127403,2
6567,6567,1024,744.1759705543518,118.68295264385908,2
6568,6568,1024,140.60799777507782,628.3277149947392,2
6569,6569,1024,746.4960217475891,118.38617213405854,2
6570,6570,1024,428.8159906864166,206.15302861838975,2
6571,6571,1024,727.2639870643616,121.59082470857204,2
6572,6572,1024,430.512011051178,205.46591630746553,2
6573,6573,1024,728.1759977340698,121.51247235192973,2
6574,6574,1024,430.6719899177551,205.51462115031563,2
6575,6575,1024,750.0159740447998,118.04591243907501,2
6576,6576,1024,134.783998131752,657.0754279111753,2
6577,6577,1024,747.5200295448303,118.51212956252573,2
6578,6578,1024,430.89601397514343,205.65781338861945,2
6579,6579,1024,728.8159728050232,121.62751761165717,2
6580,6580,1024,430.65598607063293,205.89758430864316,2
6581,6581,1024,729.5200228691101,121.58402531456512,2
6582,6582,1024,431.64798617362976,205.54929385517977,2
6583,6583,1024,749.7280240058899,118.37879581689847,2
6584,6584,1024,139.26400244235992,637.486106467066,2
6585,6585,1024,751.039981842041,118.24382049833092,2
6586,6586,1024,431.16798996925354,206.02830700473532,2
6587,6587,1024,732.7679991722107,121.26592511188076,2
6588,6588,1024,430.86400628089905,206.2989027077162,2
6589,6589,1024,729.0719747543335,121.95470582717186,2
6590,6590,1024,428.0799925327301,207.76665658626823,2
6591,6591,1024,750.5919933319092,118.53009927946138,2
6592,6592,1024,134.73600149154663,660.51197368792,2
6593,6593,1024,747.2479939460754,119.13279911518129,2
6594,6594,1024,427.98399925231934,208.0656105919068,2
6595,6595,1024,733.5839867591858,121.42544658521967,2
6596,6596,1024,430.2560091018677,207.09246700353225,2
6597,6597,1024,733.0080270767212,121.59457241887901,2
6598,6598,1024,432.0639967918396,206.35096109374302,2
6599,6599,1024,751.3279914855957,118.7016182794646,2
6600,6600,1024,138.57600092887878,643.768613627302,2
6601,6601,1024,753.5840272903442,118.41800305783023,2
6602,6602,1024,433.6319863796234,205.85417634263942,2
6603,6603,1024,731.4559817314148,122.07433046160712,2
6604,6604,1024,432.7999949455261,206.37488033991784,2
6605,6605,1024,732.8479886054993,121.9162781220323,2
6606,6606,1024,432.8959882259369,206.4541085129077,2
6607,6607,1024,754.2240023612976,118.53271080224046,2
6608,6608,1024,134.5919966697693,664.4323740245565,2
6609,6609,1024,751.4079809188843,119.04897280783173,2
6610,6610,1024,431.551992893219,207.34794943269054,2
6611,6611,1024,734.9439859390259,121.78955011603566,2
6612,6612,1024,431.2959909439087,207.59659257682355,2
6613,6613,1024,730.3199768066406,122.63482549610252,2
6614,6614,1024,428.41601371765137,209.11858786642918,2
6615,6615,1024,748.304009437561,119.75994204194852,2
6616,6616,1024,138.68799805641174,646.3713020901569,2
6617,6617,1024,748.1759786605835,119.85287636811452,2
6618,6618,1024,427.67998576164246,209.73192886793444,2
6619,6619,1024,728.6400198936462,123.14072145130936,2
6620,6620,1024,425.9839951992035,210.69423314373344,2
6621,6621,1024,729.5039892196655,123.06922250560295,2
6622,6622,1024,423.45601320266724,212.08013968860163,2
6623,6623,1024,744.0800070762634,120.73128606826366,2
6624,6624,1024,132.08000361919403,680.3517836589559,2
6625,6625,1024,744.7680234909058,120.69261456563811,2
6626,6626,1024,421.6800034046173,213.23073734118512,2
6627,6627,1024,726.8639802932739,123.74018059845288,2
6628,6628,1024,422.7040112018585,212.84261338375595,2
6629,6629,1024,728.5280227661133,123.53207283131856,2
6630,6630,1024,422.7840006351471,212.93078987085045,2
6631,6631,1024,748.1759786605835,120.3605733095213,2
6632,6632,1024,139.24799859523773,646.8893862800601,2
6633,6633,1024,745.6799745559692,120.83631336037293,2
6634,6634,1024,420.1279878616333,214.53555224148644,2
6635,6635,1024,732.2080135345459,123.13381325175327,2
6636,6636,1024,418.39998960494995,215.55149629222896,2
6637,6637,1024,732.1599721908569,123.21614174297328,2
6638,6638,1024,418.35200786590576,215.706181433997,2
6639,6639,1024,740.7839894294739,121.85509770199208,2
6640,6640,1024,135.6479972600937,665.6604050472337,2
6641,6641,1024,737.5199794769287,122.46814025575222,2
6642,6642,1024,411.5999937057495,219.5090020739666,2
6643,6643,1024,724.9600291252136,124.66495795782728,2
6644,6644,1024,409.68000888824463,220.67057548971377,2
6645,6645,1024,722.6719856262207,125.13497271052772,2
6646,6646,1024,406.44800662994385,222.55923929369746,2
6647,6647,1024,730.7519912719727,123.82584558476114,2
6648,6648,1024,139.74399864673615,647.7073238816615,2
6649,6649,1024,729.7279834747314,124.07423820705813,2
6650,6650,1024,400.38400888442993,226.20204101643378,2
6651,6651,1024,713.4559750556946,126.98039348668694,2
6652,6652,1024,398.9120125770569,227.1733167586542,2
6653,6653,1024,708.6719870567322,127.91448693843056,2
6654,6654,1024,394.19201016426086,230.0317206587084,2
6655,6655,1024,716.2079811096191,126.64466969423135,2
6656,6656,1024,134.09599661827087,676.6136679403127,2
6657,6657,1024,713.1839990615845,127.25811189177125,2
6658,6658,1024,379.4719874858856,239.24221356491236,2
6659,6659,1024,705.407977104187,128.73825422389172,2
6660,6660,1024,379.5680105686188,239.32540749130857,2
6661,6661,1024,708.5919976234436,128.2367716722203,2
6662,6662,1024,382.51200318336487,237.62610050285852,2
6663,6663,1024,724.6879935264587,125.4638218436006,2
6664,6664,1024,140.54399728775024,647.1241800657616,2
6665,6665,1024,729.312002658844,124.74320519657881,2
6666,6666,1024,385.1040005683899,236.31023971104855,2
6667,6667,1024,716.4959907531738,127.05071046707288,2
6668,6668,1024,387.7600133419037,234.83245208089554,2
6669,6669,1024,718.6560034751892,126.74485217898086,2
6670,6670,1024,387.935996055603,234.86675154254235,2
6671,6671,1024,736.6080284118652,123.73010617940194,2
6672,6672,1024,134.86400246620178,675.998890473739,2
6673,6673,1024,740.9120202064514,123.0851222613299,2
6674,6674,1024,392.08000898361206,232.66317883555465,2
6675,6675,1024,727.9199957847595,125.35707293165487,2
6676,6676,1024,394.1279947757721,231.59294457103866,2
6677,6677,1024,728.3679842948914,125.35505645596015,2
6678,6678,1024,392.92800426483154,232.4394287011488,2
6679,6679,1024,746.832013130188,122.3291374255461,2
6680,6680,1024,141.184002161026,647.2877507450869,2
6681,6681,1024,746.4960217475891,122.45750260529802,2
6682,6682,1024,394.01599764823914,232.0753636851949,2
6683,6683,1024,726.3360023498535,125.93176873523934,2
6684,6684,1024,392.41600036621094,233.16111729035984,2
6685,6685,1024,727.1040081977844,125.87405896283285,2
6686,6686,1024,390.9280002117157,234.18869090578974,2
6687,6687,1024,744.6560263633728,122.98068003187309,2
6688,6688,1024,140.27200639247894,653.0575762614293,2
6689,6689,1024,743.3120012283325,123.276756539078,2
6690,6690,1024,392.33601093292236,233.6275290714295,2
6691,6691,1024,727.4240255355835,126.04463678594142,2
6692,6692,1024,395.1199948787689,232.1201322654911,2
6693,6693,1024,728.0799746513367,126.0063745001829,2
6694,6694,1024,394.896000623703,232.39064053081637,2
6695,6695,1024,749.567985534668,122.46728378416626,2
6696,6696,1024,144.0960019826889,637.2486308053951,2
6697,6697,1024,751.9999742507935,122.1441648631853,2
6698,6698,1024,397.11999893188477,231.36543623873126,2
6699,6699,1024,732.2720289230347,125.50974940715633,2
6700,6700,1024,396.2880074977875,231.98965969343215,2
6701,6701,1024,732.3359847068787,125.5737355099495,2
6702,6702,1024,397.1039950847626,231.65119397090086,2
6703,6703,1024,754.5279860496521,121.95315446648625,2
6704,6704,1024,137.9680037498474,667.1439976393932,2
6705,6705,1024,752.128005027771,122.41531572355214,2
6706,6706,1024,397.64800667762756,231.6104981827932,2
6707,6707,1024,733.3760261535645,125.62030863647183,2
6708,6708,1024,397.2960114479065,231.95399404124979,2
6709,6709,1024,732.9279780387878,125.77207781679412,2
6710,6710,1024,396.92801237106323,232.3075064649235,2
6711,6711,1024,754.1599869728088,122.30407950737062,2
6712,6712,1024,144.96000111103058,636.4813231570764,2
6713,6713,1024,753.2640099525452,122.52255051693534,2
6714,6714,1024,431.7600131034851,213.82092691819685,2
6715,6715,1024,735.3119850158691,125.5886354116845,2
6716,6716,1024,432.3039948940277,213.67911603649202,2
6717,6717,1024,731.552004814148,126.30933366859524,2
6718,6718,1024,429.04001474380493,215.43296190494695,2
6719,6719,1024,749.7280240058899,123.32056048004102,2
6720,6720,1024,143.8560038805008,642.895678353651,2
6721,6721,1024,749.7439980506897,123.39135839503624,2
6722,6722,1024,428.6719858646393,215.8747589846493,2
6723,6723,1024,731.2160134315491,126.59323003279033,2
6724,6724,1024,431.0559928417206,214.80860488117557,2
6725,6725,1024,731.1040163040161,126.68796496049451,2
6726,6726,1024,431.67999386787415,214.62571572487002,2
6727,6727,1024,754.9440264701843,122.76033208093766,2
6728,6728,1024,144.6560025215149,640.863383586256,2
6729,6729,1024,752.8640031814575,123.17270420173003,2
6730,6730,1024,432.5279891490936,214.45978416907815,2
6731,6731,1024,732.7039837837219,126.63699035569705,2
6732,6732,1024,431.60000443458557,215.048652915543,2
6733,6733,1024,732.3840260505676,126.76761448861757,2
6734,6734,1024,432.3039948940277,214.82604228713083,2
6735,6735,1024,753.7440061569214,123.24839738846255,2
6736,6736,1024,139.3440067768097,666.877116264071,2
6737,6737,1024,752.3519992828369,123.54977749857161,2
6738,6738,1024,430.84800243377686,215.80816990393615,2
6739,6739,1024,732.5119972229004,126.9714628028106,2
6740,6740,1024,430.27201294898987,216.22536906910022,2
6741,6741,1024,731.98401927948,127.13847766732097,2
6742,6742,1024,429.83999848365784,216.5711599674204,2
6743,6743,1024,749.1520047187805,124.2986253329926,2
6744,6744,1024,145.26399970054626,641.2200264347376,2
6745,6745,1024,751.7279982566833,123.94617656396653,2
6746,6746,1024,433.6960017681122,214.90039195204017,2
6747,6747,1024,732.8159809112549,127.22030749939415,2
6748,6748,1024,429.8880100250244,216.9325731754449,2
6749,6749,1024,730.9280037879944,127.62454518715789,2
6750,6750,1024,427.0879924297333,218.48425067897963,2
6751,6751,1024,750.1919865608215,124.42101717975699,2
6752,6752,1024,141.05600118637085,661.9165679355822,2
6753,6753,1024,750.432014465332,124.45492813701726,2
6754,6754,1024,426.7680048942566,218.90728380902877,2
6755,6755,1024,732.8320145606995,127.51938963258769,2
6756,6756,1024,429.392009973526,217.69841905945887,2
6757,6757,1024,732.9440116882324,127.57541484870453,2
6758,6758,1024,429.05598878860474,217.99792455078335,2
6759,6759,1024,751.6639828681946,124.47183850819957,2
6760,6760,1024,144.83200013637543,646.1878915700664,2
6761,6761,1024,750.495970249176,124.7393450719235,2
6762,6762,1024,426.28800868988037,219.6732467324104,2
6763,6763,1024,732.7359914779663,127.8383636145117,2
6764,6764,1024,425.135999917984,220.39882161490965,2
6765,6765,1024,733.0080270767212,127.86651351389627,2
6766,6766,1024,424.8639941215515,220.670364128755,2
6767,6767,1024,747.9680180549622,125.38317897050601,2
6768,6768,1024,138.5599970817566,677.037597631066,2
6769,6769,1024,745.9200024604797,125.80176294839569,2
6770,6770,1024,421.80800437927246,222.53200087592396,2
6771,6771,1024,730.1120162010193,128.60151467791843,2
6772,6772,1024,419.5359945297241,223.86934245601586,2
6773,6773,1024,728.2559871673584,129.00544457921475,2
6774,6774,1024,417.9359972476959,224.859146536505,2
6775,6775,1024,741.8559789657593,126.71526908909475,2
6776,6776,1024,144.8799967765808,649.0353019058037,2
6777,6777,1024,739.8560047149658,127.13283178425672,2
6778,6778,1024,414.43198919296265,227.02820266172083,2
6779,6779,1024,724.3679761886597,129.92776801536556,2
6780,6780,1024,411.9360148906708,228.53860744607618,2
6781,6781,1024,722.2239971160889,130.39037266005317,2
6782,6782,1024,409.5039963722229,230.03153567853585,2
6783,6783,1024,735.5200052261353,128.1088394638975,2
6784,6784,1024,143.19999516010284,658.201135989007,2
6785,6785,1024,771.2000012397766,122.25387532213757,2
6786,6786,1024,434.2400133609772,217.18399803382823,2
6787,6787,1024,759.3920230865479,124.22803617104672,2
6788,6788,1024,436.92800402641296,215.97512734911692,2
6789,6789,1024,757.6640248298645,124.58475513496408,2
6790,6790,1024,439.2479956150055,214.9610191568383,2
6791,6791,1024,776.1279940605164,121.69257056927599,2
6792,6792,1024,144.73600685596466,652.7527650118154,2
6793,6793,1024,782.4640274047852,120.77826895818528,2
6794,6794,1024,445.8079934120178,212.0475144568183,2
6795,6795,1024,767.9200172424316,123.1382241337608,2
6796,6796,1024,446.4159905910492,211.88340821476064,2
6797,6797,1024,768.3839797973633,123.13632574295984,2
6798,6798,1024,449.0399956703186,210.76924885213722,2
6799,6799,1024,789.3279790878296,119.93958374236948,2
6800,6800,1024,139.5999938249588,678.3633537888371,2
6801,6801,1024,787.4079942703247,120.30278526163806,2
6802,6802,1024,451.9039988517761,209.6800073306711,2
6803,6803,1024,774.3840217590332,122.39805338015337,2
6804,6804,1024,453.64800095558167,208.99676350008494,2
6805,6805,1024,777.6640057563782,121.95348440713421,2
6806,6806,1024,455.1199972629547,208.44329209553246,2
6807,6807,1024,798.9280223846436,118.777395826921,2
6808,6808,1024,145.08800208568573,654.2406822580748,2
6809,6809,1024,797.3440289497375,119.08330361872619,2
6810,6810,1024,457.13600516319275,207.7680421739998,2
6811,6811,1024,782.9440236091614,121.34475229793213,2
6812,6812,1024,457.13600516319275,207.89009712344546,2
6813,6813,1024,778.4960269927979,122.10974650597602,2
6814,6814,1024,454.0799856185913,209.41213799251574,2
6815,6815,1024,797.9840040206909,119.19759333613622,2
6816,6816,1024,140.1599943637848,678.8362793526496,2
6817,6817,1024,795.8239912986755,119.5912796203715,2
6818,6818,1024,455.34399151802063,209.07607374947062,2
6819,6819,1024,777.8880000114441,122.4205316531416,2
6820,6820,1024,459.82399582862854,207.16055722220597,2
6821,6821,1024,780.8640003204346,122.02551523555806,2
6822,6822,1024,459.3279957771301,207.5059079966178,2
6823,6823,1024,803.3599853515625,118.67807649179494,2
6824,6824,1024,145.9680050611496,653.3566503703844,2
6825,6825,1024,797.4240183830261,119.63161103855536,2
6826,6826,1024,458.7840139865875,207.99564574800058,2
6827,6827,1024,777.2319912910461,122.81151530245774,2
6828,6828,1024,459.80799198150635,207.6540766952139,2
6829,6829,1024,777.9679894447327,122.7672280400234,2
6830,6830,1024,461.87201142311096,206.84723221403576,2
6831,6831,1024,803.2960295677185,118.96601179446488,2
6832,6832,1024,139.3280029296875,686.099741200205,2
6833,6833,1024,808.3199858665466,118.2958411816221,2
6834,6834,1024,462.799996137619,206.67433769718028,2
6835,6835,1024,784.6239805221558,121.93978157069384,2
6836,6836,1024,463.00798654556274,206.70242801218305,2
6837,6837,1024,784.063994884491,122.09829546643505,2
6838,6838,1024,464.89599347114563,205.9834566372608,2
6839,6839,1024,803.2640218734741,119.24957622848464,2
6840,6840,1024,146.43199741840363,654.3440674801427,2
6841,6841,1024,807.6159954071045,118.67636108381724,2
6842,6842,1024,464.7200107574463,206.3026081354596,2
6843,6843,1024,788.320004940033,121.65234492469229,2
6844,6844,1024,464.1279876232147,206.68654053647904,2
6845,6845,1024,788.5439991950989,121.68888901310204,2
6846,6846,1024,461.327999830246,208.0625550656354,2
6847,6847,1024,802.7039766311646,119.61212156311167,2
6848,6848,1024,143.2799994945526,670.3041131407276,2
6849,6849,1024,801.7439842224121,119.82531373924148,2
6850,6850,1024,461.1999988555908,208.3635738041049,2
6851,6851,1024,786.0959768295288,122.28193818735897,2
6852,6852,1024,463.74401450157166,207.3415513413039,2
6853,6853,1024,787.3600125312805,122.15691640573235,2
6854,6854,1024,465.2320146560669,206.7990596887986,2
6855,6855,1024,807.4880242347717,119.18148172067448,2
6856,6856,1024,146.68799936771393,656.2615874709934,2
6857,6857,1024,813.264012336731,118.40408783775088,2
6858,6858,1024,467.8240120410919,205.89339023397426,2
6859,6859,1024,791.9359803199768,121.66382975688313,2
6860,6860,1024,466.8320119380951,206.4512679836968,2
6861,6861,1024,782.3200225830078,123.23110571769989,2
6862,6862,1024,466.96001291275024,206.51504078576934,2
6863,6863,1024,805.3280115127563,119.78023058058257,2
6864,6864,1024,140.08000493049622,688.8241320085325,2
6865,6865,1024,809.5200061798096,119.22942492240445,2
6866,6866,1024,466.96001291275024,206.7558746321163,2
6867,6867,1024,786.4800095558167,122.79377720807291,2
6868,6868,1024,468.30400824546814,206.2826254977604,2
6869,6869,1024,786.9279980659485,122.79536878277628,2
6870,6870,1024,466.5279984474182,207.188532138858,2
6871,6871,1024,808.7199926376343,119.55608077977,2
6872,6872,1024,149.85600113868713,645.3898255465441,2
6873,6873,1024,809.7280263900757,119.47676879025923,2
6874,6874,1024,464.9760127067566,208.12222438027243,2
6875,6875,1024,787.6960039138794,122.89004834228328,2
6876,6876,1024,464.4159972667694,208.4944588857047,2
6877,6877,1024,781.7760109901428,123.89268387671368,2
6878,6878,1024,460.88001132011414,210.21631672523716,2
6879,6879,1024,808.1120252609253,119.92479970423481,2
6880,6880,1024,141.05600118637085,687.2508109166973,2
6881,6881,1024,806.335985660553,120.2588442689466,2
6882,6882,1024,460.9439969062805,210.43168151232382,2
6883,6883,1024,787.5199913978577,123.2037435643744,2
6884,6884,1024,463.53599429130554,209.37663327825072,2
6885,6885,1024,788.7200117111206,123.08779206626436,2
6886,6886,1024,462.76798844337463,209.84599244786054,2
6887,6887,1024,810.2399706840515,119.88820402181626,2
6888,6888,1024,151.74399316310883,640.3312848605237,2
6889,6889,1024,810.7519745826721,119.88209027554961,2
6890,6890,1024,460.01601219177246,211.34668842672707,2
6891,6891,1024,791.808009147644,122.82154659269952,2
6892,6892,1024,458.5280120372772,212.155657491415,2
6893,6893,1024,787.231981754303,123.60720322255648,2
6894,6894,1024,458.0320119857788,212.50868232114337,2
6895,6895,1024,802.4320006370544,121.33616197098603,2
6896,6896,1024,142.2400027513504,684.7037491854618,2
6897,6897,1024,800.2880215644836,121.73181230621518,2
6898,6898,1024,453.37599515914917,214.94028010413837,2
6899,6899,1024,783.3279967308044,124.43959625446476,2
6900,6900,1024,450.1439929008484,216.60908850887887,2
6901,6901,1024,781.2640070915222,124.84069861492327,2
6902,6902,1024,448.36801290512085,217.59316049301907,2
6903,6903,1024,796.1120009422302,122.58336203511347,2
6904,6904,1024,149.23200011253357,654.1382699044942,2
6905,6905,1024,791.4080023765564,123.38344179837996,2
6906,6906,1024,441.80798530578613,221.08004240891387,2
6907,6907,1024,778.0960202217102,125.56704392879493,2
6908,6908,1024,437.967985868454,223.1476122123551,2
6909,6909,1024,777.8080105781555,125.6862955362645,2
6910,6910,1024,436.15999817848206,224.2023780456453,2
6911,6911,1024,788.320004940033,124.08211588571935,2
6912,6912,1024,143.8719928264618,680.0817990338132,2
6913,6913,1024,792.6239967346191,123.47978072226996,2
6914,6914,1024,436.15999817848206,224.4620217738023,2
6915,6915,1024,780.7360291481018,125.43250617863214,2
6916,6916,1024,441.0719871520996,222.09073698035618,2
6917,6917,1024,782.2880148887634,125.25608319070702,2
6918,6918,1024,444.91198658943176,220.30124992440065,2
6919,6919,1024,798.2720136642456,122.81904319551536,2
6920,6920,1024,154.1759967803955,636.099971772457,2
6921,6921,1024,800.8800148963928,122.489875815781,2
6922,6922,1024,451.00799202919006,217.5749560235043,2
6923,6923,1024,791.1040186882019,124.07521169562712,2
6924,6924,1024,453.792005777359,216.36511000189753,2
6925,6925,1024,791.1999821662903,124.13185315183446,2
6926,6926,1024,456.7039906978607,215.10976222888561,2
6927,6927,1024,808.031976222992,121.61629822045624,2
6928,6928,1024,147.8240042924881,664.968002338137,2
6929,6929,1024,811.2000226974487,121.21130327516353,2
6930,6930,1024,461.61600947380066,213.0666900225483,2
6931,6931,1024,798.5600233078003,123.20098634599282,2
6932,6932,1024,462.73601055145264,212.6736880380685,2
6933,6933,1024,797.3120212554932,123.46505113141336,2
6934,6934,1024,463.375985622406,212.50252957269063,2
6935,6935,1024,816.3040280342102,120.6621178106843,2
6936,6936,1024,153.71200442314148,640.9738847512349,2
6937,6937,1024,818.4319734573364,120.41781810609754,2
6938,6938,1024,465.34401178359985,211.84802214204478,2
6939,6939,1024,796.8479990959167,123.75086430521391,2
6940,6940,1024,464.30400013923645,212.44497736487284,2
6941,6941,1024,795.4879999160767,124.0339025835831,2
6942,6942,1024,462.5599980354309,213.36889028705016,2
6943,6943,1024,814.9759769439697,121.13774239358638,2
6944,6944,1024,145.10400593280792,680.5655701451043,2
6945,6945,1024,815.936028957367,121.0649262862265,2
6946,6946,1024,467.8080081939697,211.21845337677507,2
6947,6947,1024,796.9279885292053,124.02392468912245,2
6948,6948,1024,469.2640006542206,210.6843773529739,2
6949,6949,1024,797.0719933509827,124.07292650220185,2
6950,6950,1024,468.1439995765686,211.31002445716553,2
6951,6951,1024,820.1760053634644,120.6472618083347,2
6952,6952,1024,154.52800691127777,640.5341308053603,2
6953,6953,1024,818.2719945907593,120.99759088237788,2
6954,6954,1024,468.60799193382263,211.3438594149845,2
6955,6955,1024,796.4640259742737,124.38214906042712,2
6956,6956,1024,469.92000937461853,210.87503181632408,2
6957,6957,1024,797.9679703712463,124.2191346425648,2
6958,6958,1024,471.6480076313019,210.22327470427678,2
6959,6959,1024,820.2400207519531,120.91569318585195,2
6960,6960,1024,148.24000000953674,669.2417484728658,2
6961,6961,1024,820.6080198287964,120.93094950339848,2
6962,6962,1024,470.70398926734924,210.887146859551,2
6963,6963,1024,797.3600029945374,124.52836778756792,2
6964,6964,1024,472.0480144023895,210.40754155854623,2
6965,6965,1024,797.8240251541138,124.52744673965992,2
6966,6966,1024,471.3920056819916,210.82139342652107,2
6967,6967,1024,820.1599717140198,121.20568876855944,2
6968,6968,1024,153.6320000886917,647.2388115405338,2
6969,6969,1024,820.8320140838623,121.17599511395021,2
6970,6970,1024,470.20798921585083,211.59505044974264,2
6971,6971,1024,797.9360222816467,124.72457889972505,2
6972,6972,1024,469.4080054759979,212.07731540720454,2
6973,6973,1024,796.5440154075623,125.0142453723024,2
6974,6974,1024,467.16800332069397,213.21646974958338,2
6975,6975,1024,814.3680095672607,122.34822442613492,2
6976,6976,1024,155.18400073051453,642.2379316091599,2
6977,6977,1024,811.5360140800476,122.84559854686438,2
6978,6978,1024,465.7920002937317,214.091712972989,2
6979,6979,1024,796.5919971466064,125.22193484909147,2
6980,6980,1024,468.28800439834595,213.07267805887116,2
6981,6981,1024,795.3600287437439,125.48778882645738,2
6982,6982,1024,468.30400824546814,213.1875145080314,2
6983,6983,1024,814.7839903831482,122.56643362007996,2
6984,6984,1024,154.38400208950043,647.0474332572943,2
6985,6985,1024,817.2159790992737,122.27169237455848,2
6986,6986,1024,469.4240093231201,212.92262735372879,2
6987,6987,1024,793.7279939651489,125.96205611010605,2
6988,6988,1024,468.3839976787567,213.51760821809953,2
6989,6989,1024,793.1680083274841,126.12316023555084,2
6990,6990,1024,468.4320092201233,213.6179484544527,2
6991,6991,1024,816.5119886398315,122.58744425141826,2
6992,6992,1024,147.5359946489334,678.6327316953756,2
6993,6993,1024,813.4719729423523,123.11597655878593,2
6994,6994,1024,466.94400906562805,214.54401337852883,2
6995,6995,1024,793.7120199203491,126.25321109545018,2
6996,6996,1024,464.92800116539,215.5975646051534,2
6997,6997,1024,791.5999889373779,126.66246062811892,2
6998,6998,1024,464.52799439430237,215.90660929439596,2
6999,6999,1024,811.2000226974487,123.67274068163746,2
7000,7000,1024,158.75199437141418,632.1306412391754,2
7001,7001,1024,811.7280006408691,123.66294370620236,2
7002,7002,1024,464.464008808136,216.18327854866746,2
7003,7003,1024,790.2399897575378,127.09814199964303,2
7004,7004,1024,462.8640115261078,217.05450902685527,2
7005,7005,1024,790.1279926300049,127.18877465091813,2
7006,7006,1024,460.4960083961487,218.29528138172833,2
7007,7007,1024,808.3360195159912,124.39480850081156,2
7008,7008,1024,154.7520011663437,649.9528685505297,2
7009,7009,1024,808.6400032043457,124.41904121650967,2
7010,7010,1024,461.7919921875,217.93129050002645,2
7011,7011,1024,790.6559705734253,127.32167156720581,2
7012,7012,1024,463.6799991130829,217.1677861986927,2
7013,7013,1024,790.7519936561584,127.37885319300015,2
7014,7014,1024,464.2240107059479,217.03704910649313,2
7015,7015,1024,811.6480112075806,124.17025534265083,2
7016,7016,1024,158.57599675655365,635.7284730977651,2
7017,7017,1024,813.103973865509,124.01859923596855,2
7018,7018,1024,461.96800470352173,218.34576967453575,2
7019,7019,1024,790.0800108909607,127.70542975036096,2
7020,7020,1024,460.62400937080383,219.10768250630645,2
7021,7021,1024,791.1040186882019,127.61282054337464,2
7022,7022,1024,463.74401450157166,217.75758192919548,2
7023,7023,1024,806.7520260810852,125.20890698308256,2
7024,7024,1024,152.0799994468689,664.3957654885453,2
7025,7025,1024,808.3840012550354,125.02731355777242,2
7026,7026,1024,458.48000049591064,220.50876011744757,2
7027,7027,1024,787.9679799079895,128.33977975070587,2
7028,7028,1024,454.8160135746002,222.41174147974021,2
7029,7029,1024,785.5039834976196,128.81565529108056,2
7030,7030,1024,453.6319971084595,223.11918878112252,2
7031,7031,1024,805.6640028953552,125.66380000118991,2
7032,7032,1024,159.10400450229645,636.5119562439316,2
7033,7033,1024,802.1439909934998,126.28705994111337,2
7034,7034,1024,448.8160014152527,225.77005982068,2
7035,7035,1024,781.4880013465881,129.69876520861382,2
7036,7036,1024,446.399986743927,227.1210779989552,2
7037,7037,1024,779.8399925231934,130.04676431618603,2
7038,7038,1024,444.09599900245667,228.4291989566851,2
7039,7039,1024,797.8079915046692,127.19015613847249,2
7040,7040,1024,154.7359973192215,655.9699007245245,2
7041,7041,1024,800.0479936599731,126.90612999793547,2
7042,7042,1024,421.424001455307,240.99205626941648,2
7043,7043,1024,781.1520099639893,130.0498257140543,2
7044,7044,1024,419.98401284217834,241.95571693388686,2
7045,7045,1024,782.4479937553406,129.90817026975887,2
7046,7046,1024,423.6319959163666,240.008418977099,2
7047,7047,1024,806.656002998352,126.08113948692424,2
7048,7048,1024,159.61599349975586,637.3607829728894,2
7049,7049,1024,807.6800107955933,125.99277422721036,2
7050,7050,1024,424.4160056114197,239.83713774733556,2
7051,7051,1024,789.2000079154968,129.01621620219532,2
7052,7052,1024,425.8880019187927,239.1438155879776,2
7053,7053,1024,790.4800176620483,128.88038477343946,2
7054,7054,1024,427.8720021247864,238.16996546149247,2
7055,7055,1024,810.3839755058289,125.7862424246157,2
7056,7056,1024,151.50399506092072,673.0123155300267,2
7057,7057,1024,813.3919835090637,125.39213567361583,2
7058,7058,1024,428.0799925327301,238.32430212023894,2
7059,7059,1024,795.5359816551208,128.27927264293226,2
7060,7060,1024,429.29598689079285,237.78394375246677,2
7061,7061,1024,793.6480045318604,128.65730402513844,2
7062,7062,1024,428.0000030994415,238.63910227185062,2
7063,7063,1024,816.2239789962769,125.16964355499049,2
7064,7064,1024,158.6879938840866,644.0020703938602,2
7065,7065,1024,819.0400004386902,124.80993937444704,2
7066,7066,1024,428.8960099220276,238.410408869482,2
7067,7067,1024,796.3520288467407,128.43844652486518,2
7068,7068,1024,428.4000098705292,238.8215770184516,2
7069,7069,1024,796.5120077133179,128.48534301674263,2
7070,7070,1024,427.3439943790436,239.54724190929232,2
7071,7071,1024,816.4640069007874,125.41647286656558,2
7072,7072,1024,154.36799824237823,663.5248367422374,2
7073,7073,1024,815.0399923324585,125.70667790030082,2
7074,7074,1024,428.44799160957336,239.200427718168,2
7075,7075,1024,795.744001865387,128.82776340090078,2
7076,7076,1024,429.3600022792816,238.827326028613,2
7077,7077,1024,796.8479990959167,128.7220231567067,2
7078,7078,1024,429.85600233078003,238.68661941597654,2
7079,7079,1024,821.3760256767273,124.9487035897399,2
7080,7080,1024,158.36800634860992,648.2298386330674,2
7081,7081,1024,818.8959956169128,125.39793756182725,2
7082,7082,1024,466.8959975242615,219.99947589326356,2
7083,7083,1024,799.7599840164185,128.47089967668438,2
7084,7084,1024,467.6159918308258,219.78482447876146,2
7085,7085,1024,797.3600029945374,128.93036572428164,2
7086,7086,1024,469.5360064506531,219.0096980747896,2
7087,7087,1024,821.1680054664612,125.26299688645283,2
7088,7088,1024,156.20799362659454,658.6794524610214,2
7089,7089,1024,822.4800229072571,125.13377509669347,2
7090,7090,1024,470.4799950122833,218.81710145255423,2
7091,7091,1024,798.4640002250671,128.9702622271925,2
7092,7092,1024,470.2560007572174,219.0448566443287,2
7093,7093,1024,799.8560070991516,128.81844761744404,2
7094,7094,1024,471.23199701309204,218.71448624303963,2
7095,7095,1024,825.5680203437805,124.87683711036891,2
7096,7096,1024,160.3199988603592,643.2346999816399,2
7097,7097,1024,823.8720297813416,125.20446125519885,2
7098,7098,1024,470.304012298584,219.3932483963005,2
7099,7099,1024,799.0559935569763,129.165667087435,2
7100,7100,1024,468.8799977302551,220.18358748456018,2
7101,7101,1024,800.2079725265503,129.0524053664982,2
7102,7102,1024,466.4959907531738,221.433524488007,2
7103,7103,1024,818.8639879226685,126.18327922091738,2
7104,7104,1024,154.9919992685318,666.8475770089927,2
7105,7105,1024,819.3920254707336,126.17298678322642,2
7106,7106,1024,466.65599942207336,221.60701556622567,2
7107,7107,1024,801.5519976615906,129.05382539595772,2
7108,7108,1024,473.88800978660583,218.34792553327983,2
7109,7109,1024,804.1920065879822,128.7025728185679,2
7110,7110,1024,470.8319902420044,219.888841339744,2
7111,7111,1024,828.2240033149719,125.03842558716136,2
7112,7112,1024,158.1760048866272,654.8967663347389,2
7113,7113,1024,828.8319706916809,125.01700052126144,2
7114,7114,1024,472.6400077342987,219.29422417043196,2
7115,7115,1024,807.1839809417725,128.44204945573478,2
7116,7116,1024,472.24000096321106,219.60340012806114,2
7117,7117,1024,807.5839877128601,128.45061399221711,2
7118,7118,1024,473.28001260757446,219.24401958220227,2
7119,7119,1024,831.167995929718,124.87604219156742,2
7120,7120,1024,156.3359946012497,664.0961441081342,2
7121,7121,1024,830.7039737701416,125.01601057314309,2
7122,7122,1024,472.78401255607605,219.7207682010587,2
7123,7123,1024,809.5359802246094,128.35703752558322,2
7124,7124,1024,471.8559980392456,220.2765642058345,2
7125,7125,1024,807.8879714012146,128.69111025341314,2
7126,7126,1024,471.2800085544586,220.66963198160494,2
7127,7127,1024,830.1119804382324,125.3160761962289,2
7128,7128,1024,159.04000401496887,654.2729364003682,2
7129,7129,1024,834.0319991111755,124.79709277212712,2
7130,7130,1024,470.7840085029602,221.15018632657177,2
7131,7131,1024,812.4639987945557,128.18189837644024,2
7132,7132,1024,468.80000829696655,222.21072207407224,2
7133,7133,1024,809.9200129508972,128.65665918335247,2
7134,7134,1024,465.0239944458008,224.14073925845187,2
7135,7135,1024,828.3839821815491,125.85956155915908,2
7136,7136,1024,150.01599490642548,695.1876823071556,2
7137,7137,1024,826.0959982872009,126.27891083880131,2
7138,7138,1024,463.82400393486023,224.97269918495783,2
7139,7139,1024,808.784008026123,129.05420529114704,2
7140,7140,1024,465.9999907016754,224.04768859070415,2
7141,7141,1024,809.5999956130981,128.99637951320958,2
7142,7142,1024,465.84001183509827,224.25020869392225,2
7143,7143,1024,828.4000158309937,126.13951419010883,2
7144,7144,1024,159.7920060157776,654.1205529247787,2
7145,7145,1024,828.6399841308594,126.17361122111748,2
7146,7146,1024,463.0880057811737,225.83562057838913,2
7147,7147,1024,810.5760216712952,129.0576533664376,2
7148,7148,1024,460.9279930591583,227.02095981957387,2
7149,7149,1024,809.391975402832,129.31879587255145,2
7150,7150,1024,460.03198623657227,227.59043530107581,2
7151,7151,1024,822.6720094680786,127.3024574103535,2
7152,7152,1024,156.11200034618378,671.0404117537197,2
7153,7153,1024,817.9680109024048,128.10618048057452,2
7154,7154,1024,452.4640142917633,231.65612083442122,2
7155,7155,1024,804.6240210533142,130.3035460745373,2
7156,7156,1024,450.54399967193604,232.77342990776611,2
7157,7157,1024,801.1519908905029,130.94142727573615,2
7158,7158,1024,447.82400131225586,234.31817402487272,2
7159,7159,1024,810.2080225944519,129.55021495823777,2
7160,7160,1024,158.09600055217743,664.1024974274972,2
7161,7161,1024,806.0320019721985,130.29417932666945,2
7162,7162,1024,442.3840045928955,237.4647605278427,2
7163,7163,1024,793.5199737548828,132.42256375068771,2
7164,7164,1024,438.1439983844757,239.89668098971782,2
7165,7165,1024,786.4959836006165,133.67981400066438,2
7166,7166,1024,434.56000089645386,242.0102781458233,2
7167,7167,1024,792.7680015563965,132.69624967893765,2
7168,7168,1024,147.69600331783295,712.454612096432,2
7169,7169,1024,847.5679755210876,124.185981499936,2
7170,7170,1024,469.5039987564087,224.24820124828145,2
7171,7171,1024,839.3279910087585,125.47514046496399,2
7172,7172,1024,475.6639897823334,221.46762062061103,2
7173,7173,1024,843.7920212745667,124.88095162695531,2
7174,7174,1024,477.05599665641785,220.9445725171601,2
7175,7175,1024,855.7279706001282,123.20775248945007,2
7176,7176,1024,164.44799304008484,641.3073756533672,2
7177,7177,1024,865.6319975852966,121.86599627355533,2
7178,7178,1024,485.7439994812012,217.2348087566726,2
7179,7179,1024,854.2400002479553,123.56001584725912,2
7180,7180,1024,489.9199903011322,215.50317866210162,2
7181,7181,1024,855.9359908103943,123.38390681295033,2
7182,7182,1024,493.6800003051758,213.98100365965442,2
7183,7183,1024,873.8080263137817,120.92766178603985,2
7184,7184,1024,156.8640023469925,673.8128793513249,2
7185,7185,1024,881.7279934883118,119.90819570298868,2
7186,7186,1024,498.2239902019501,212.2656610034634,2
7187,7187,1024,865.8080101013184,122.18099079450745,2
7188,7188,1024,501.18398666381836,211.12949201822337,2
7189,7189,1024,864.2719984054565,122.46626617925583,2
7190,7190,1024,500.8320212364197,211.3954545850054,2
7191,7191,1024,881.9040060043335,120.08457197945827,2
7192,7192,1024,164.84799981117249,642.607259980964,2
7193,7193,1024,888.2079720497131,119.29861618723379,2
7194,7194,1024,503.6320090293884,210.4541503076209,2
7195,7195,1024,864.4319772720337,122.64807178302196,2
7196,7196,1024,502.4319887161255,211.07411619827926,2
7197,7197,1024,863.53600025177,122.84359285666338,2
7198,7198,1024,502.128005027771,211.31931445674186,2
7199,7199,1024,882.0319771766663,120.33444772347633,2
7200,7200,1024,155.7759940624237,681.5448082292799,2
7201,7201,1024,884.1599822044373,120.11153567844325,2
7202,7202,1024,502.4160146713257,211.43297086477745,2
7203,7203,1024,864.9920225143433,122.84137803159689,2
7204,7204,1024,508.86398553848267,208.8697974086872,2
7205,7205,1024,863.4080290794373,123.13509212249693,2
7206,7206,1024,507.3760151863098,209.59867582418084,2
7207,7207,1024,884.656012058258,120.24431790669253,2
7208,7208,1024,164.11200165748596,648.3644072179068,2
7209,7209,1024,889.024019241333,119.71994500084213,2
7210,7210,1024,507.79199600219727,209.65954098957346,2
7211,7211,1024,865.6799793243408,123.01655756335879,2
7212,7212,1024,508.54402780532837,209.46565781473896,2
7213,7213,1024,867.5040006637573,122.8260061399986,2
7214,7214,1024,509.42397117614746,209.21983306346306,2
7215,7215,1024,890.7359838485718,119.68883118358927,2
7216,7216,1024,156.67200088500977,680.6621660897118,2
7217,7217,1024,892.624020576477,119.50189532554805,2
7218,7218,1024,509.99999046325684,209.21534734751577,2
7219,7219,1024,863.5519742965698,123.59347822108725,2
7220,7220,1024,508.4800124168396,209.95704962436477,2
7221,7221,1024,865.1360273361206,123.43554654268348,2
7222,7222,1024,510.8640193939209,209.09305329180734,2
7223,7223,1024,889.9359703063965,120.06223431469273,2
7224,7224,1024,164.2560064792633,650.6750695993139,2
7225,7225,1024,890.8799886703491,120.00143830771194,2
7226,7226,1024,508.6560249328613,210.23338052884517,2
7227,7227,1024,864.2079830169678,123.77353310088533,2
7228,7228,1024,508.30399990081787,210.49545007097603,2
7229,7229,1024,862.0319962501526,124.1546574066404,2
7230,7230,1024,504.4320225715637,212.22859455718262,2
7231,7231,1024,881.600022315979,121.46609870390776,2
7232,7232,1024,157.27999806404114,681.0410533473263,2
7233,7233,1024,882.5759887695312,121.39890642320506,2
7234,7234,1024,503.5359859466553,212.8415669964728,2
7235,7235,1024,860.368013381958,124.60135562060641,2
7236,7236,1024,506.5760016441345,211.68128190038118,2
7237,7237,1024,863.6320233345032,124.19907462191803,2
7238,7238,1024,506.9119930267334,211.65792955768885,2
7239,7239,1024,887.0880007743835,120.98190000801905,2
7240,7240,1024,164.39999639987946,652.9881213554498,2
7241,7241,1024,890.608012676239,120.57032988657376,2
7242,7242,1024,509.99999046325684,210.60895113828136,2
7243,7243,1024,862.0479702949524,124.63370027452069,2
7244,7244,1024,508.575975894928,211.31532518595282,2
7245,7245,1024,864.0959858894348,124.40697903410361,2
7246,7246,1024,508.2240104675293,211.5784507486785,2
7247,7247,1024,883.0879926681519,121.79865576817853,2
7248,7248,1024,157.55200386047363,682.8768505367874,2
7249,7249,1024,884.5279812812805,121.66749760941401,2
7250,7250,1024,506.1759948730469,212.66911329329045,2
7251,7251,1024,859.5679998397827,125.26955176096638,2
7252,7252,1024,504.9440264701843,213.30562309040374,2
7253,7253,1024,859.2159748077393,125.3900178661222,2
7254,7254,1024,504.1919946670532,213.74162602316719,2
7255,7255,1024,882.3519945144653,122.16953310035588,2
7256,7256,1024,164.67200219631195,654.7940651104498,2
7257,7257,1024,882.8319907188416,122.17043954668975,2
7258,7258,1024,505.8720111846924,213.26678821258457,2
7259,7259,1024,857.2959899902344,125.87884598553796,2
7260,7260,1024,501.6480088233948,215.1810889336194,2
7261,7261,1024,856.9920063018799,125.99289493251736,2
7262,7262,1024,499.11999702453613,216.39014176122188,2
7263,7263,1024,876.3999938964844,123.27064681011447,2
7264,7264,1024,155.98399937152863,692.7899389898878,2
7265,7265,1024,878.3199787139893,123.06893093593062,2
7266,7266,1024,499.07198548316956,216.6494282048743,2
7267,7267,1024,857.4399948120117,126.13526838774526,2
7268,7268,1024,501.3599991798401,215.77946331772316,2
7269,7269,1024,858.896017074585,125.99076160182378,2
7270,7270,1024,500.7839798927307,216.14656927161667,2
7271,7271,1024,876.5599727630615,123.51980757997332,2
7272,7272,1024,164.67200219631195,657.6849846210565,2
7273,7273,1024,875.6960034370422,123.70970173074278,2
7274,7274,1024,497.72799015045166,217.71305972815534,2
7275,7275,1024,852.5919914245605,127.13194715668494,2
7276,7276,1024,496.6239929199219,218.3170406458442,2
7277,7277,1024,851.0400056838989,127.43382716168337,2
7278,7278,1024,497.1199929714203,218.21913253494245,2
7279,7279,1024,871.2800145149231,124.54194353168128,2
7280,7280,1024,157.48800337314606,689.1999446004007,2
7281,7281,1024,869.6960210800171,124.83734718387413,2
7282,7282,1024,492.75198578834534,220.3955991739986,2
7283,7283,1024,845.0559973716736,128.547928906328,2
7284,7284,1024,489.48800563812256,221.98711763395517,2
7285,7285,1024,844.2720174789429,128.7379737214977,2
7286,7286,1024,488.14401030540466,222.7205658837852,2
7287,7287,1024,868.399977684021,125.22980021490743,2
7288,7288,1024,164.76799547672272,660.197418784327,2
7289,7289,1024,867.2320246696472,125.46729815408797,2
7290,7290,1024,484.67200994491577,224.5624145127957,2
7291,7291,1024,841.6479825973511,129.35215308427053,2
7292,7292,1024,480.51199316978455,226.63085671104486,2
7293,7293,1024,840.6080007553101,129.58324766612319,2
7294,7294,1024,479.16799783706665,227.3912060484674,2
7295,7295,1024,861.9999885559082,126.43673856955179,2
7296,7296,1024,156.36800229549408,697.1909084186176,2
7297,7297,1024,863.3279800415039,126.31148132921346,2
7298,7298,1024,454.22399044036865,240.1417117714305,2
7299,7299,1024,842.415988445282,129.51798487272774,2
7300,7300,1024,454.1440010070801,240.31567026754263,2
7301,7301,1024,846.3839888572693,128.981436659017,2
7302,7302,1024,457.90401101112366,238.47297067975958,2
7303,7303,1024,871.4240193367004,125.3438491575439,2
7304,7304,1024,164.87999260425568,662.6489620862585,2
7305,7305,1024,870.9279894828796,125.48393956759881,2
7306,7306,1024,491.0080134868622,222.63872589713853,2
7307,7307,1024,852.4479866027832,128.27448439144803,2
7308,7308,1024,495.4560101032257,220.7607844926774,2
7309,7309,1024,856.000006198883,127.81214053236857,2
7310,7310,1024,496.41600251197815,220.4544822210065,2
7311,7311,1024,876.1439919471741,124.9418789766696,2
7312,7312,1024,157.47199952602386,695.3428218450003,2
7313,7313,1024,880.4000020027161,124.40592487829424,2
7314,7314,1024,501.08802318573,218.63809857493314,2
7315,7315,1024,864.2560243606567,126.79910780033978,2
7316,7316,1024,500.5919933319092,218.97445134588955,2
7317,7317,1024,867.35999584198,126.41443690928077,2
7318,7318,1024,500.70399045944214,219.04518446390134,2
7319,7319,1024,883.8239908218384,124.12740055402585,2
7320,7320,1024,165.48800468444824,663.1100266707882,2
7321,7321,1024,884.3839764595032,124.1166087240007,2
7322,7322,1024,502.19202041625977,218.63495310218403,2
7323,7323,1024,862.5919818878174,127.32175130081755,2
7324,7324,1024,500.88000297546387,219.32742013136718,2
7325,7325,1024,861.3759875297546,127.57114383363766,2
7326,7326,1024,498.52800369262695,220.48254949338892,2
7327,7327,1024,880.4479837417603,124.87590024880781,2
7328,7328,1024,160.35200655460358,685.8457863734333,2
7329,7329,1024,881.056010723114,124.85785719538255,2
7330,7330,1024,499.4879961013794,220.29916246008483,2
7331,7331,1024,860.1279854774475,127.96562231015322,2
7332,7332,1024,502.51197814941406,219.09297198735516,2
7333,7333,1024,862.0799779891968,127.74554505821044,2
7334,7334,1024,503.7919878959656,218.65555097066712,2
7335,7335,1024,884.9440217018127,124.51291166203072,2
7336,7336,1024,166.27199947834015,662.8717003090933,2
7337,7337,1024,884.223997592926,124.6822678553392,2
7338,7338,1024,505.5999755859375,218.11137863327696,2
7339,7339,1024,864.1440272331238,127.64905239371859,2
7340,7340,1024,505.6319832801819,218.21647452799618,2
7341,7341,1024,864.6720051765442,127.64064850863976,2
7342,7342,1024,508.54402780532837,217.08516910213393,2
7343,7343,1024,889.4879817962646,124.14719862656129,2
7344,7344,1024,157.79200196266174,700.0197649696943,2
7345,7345,1024,889.5679712295532,124.20366601923064,2
7346,7346,1024,509.40799713134766,216.95319074369323,2
7347,7347,1024,867.2800064086914,127.46492576228741,2
7348,7348,1024,509.2319846153259,217.14637008814478,2
7349,7349,1024,866.864025592804,127.59553192020037,2
7350,7350,1024,510.81597805023193,216.59087568541216,2
7351,7351,1024,895.4560160636902,123.5886360275775,2
7352,7352,1024,167.35999286174774,661.4382415960387,2
7353,7353,1024,897.8239893913269,123.32975788168403,2
7354,7354,1024,510.1119875907898,217.12592109646744,2
7355,7355,1024,868.1280016899109,127.61788467177324,2
7356,7356,1024,509.552001953125,217.48278272527426,2
7357,7357,1024,866.5919899940491,127.91362121032438,2
7358,7358,1024,505.3279995918274,219.41997269409418,2
7359,7359,1024,888.6240124702454,124.81003746420107,2
7360,7360,1024,158.63999724388123,699.3150701424319,2
7361,7361,1024,892.2079801559448,124.37625741545617,2
7362,7362,1024,506.0799717903137,219.33221684178991,2
7363,7363,1024,868.7679767608643,127.80144052496756,2
7364,7364,1024,507.52002000808716,218.82872680811747,2
7365,7365,1024,870.415985584259,127.62877364370985,2
7366,7366,1024,508.7040066719055,218.4380158807523,2
7367,7367,1024,894.6239948272705,124.24266252042611,2
7368,7368,1024,166.44799709320068,667.9602415987358,2
7369,7369,1024,896.2240219116211,124.08820005827381,2
7370,7370,1024,509.8879933357239,218.16754395853354,2
7371,7371,1024,872.704029083252,127.50164667497512,2
7372,7372,1024,509.3439817428589,218.51911168391945,2
7373,7373,1024,872.4799752235413,127.60360736471382,2
7374,7374,1024,510.0799798965454,218.32222090070354,2
7375,7375,1024,893.3280110359192,124.69328021051064,2
7376,7376,1024,164.8319959640503,675.9744028841408,2
7377,7377,1024,895.0880169868469,124.51560302101304,2
7378,7378,1024,507.31199979782104,219.75163701317763,2
7379,7379,1024,873.3599781990051,127.682590857845,2
7380,7380,1024,506.9440007209778,220.03039988906656,2
7381,7381,1024,872.3840117454529,127.89473468772745,2
7382,7382,1024,504.92799282073975,221.02865743001428,2
7383,7383,1024,896.56001329422,124.51346637892678,2
7384,7384,1024,167.2160029411316,667.7832021096172,2
7385,7385,1024,896.6559767723083,124.56760194926242,2
7386,7386,1024,506.6559910774231,220.513598527501,2
7387,7387,1024,874.064028263092,127.8565268657435,2
7388,7388,1024,503.56799364089966,221.98601087366816,2
7389,7389,1024,875.328004360199,127.74104432969543,2
7390,7390,1024,500.19198656082153,223.60530317372445,2
7391,7391,1024,889.9520039558411,125.70998412353845,2
7392,7392,1024,161.0720008611679,694.7584140862245,2
7393,7393,1024,888.8959884643555,125.92745271061445,2
7394,7394,1024,499.2159903049469,224.28506598838104,2
7395,7395,1024,874.1120100021362,128.12657636373888,2
7396,7396,1024,500.8000135421753,223.69662168263008,2
7397,7397,1024,871.4079856872559,128.59368868833954,2
7398,7398,1024,501.42401456832886,223.5390889455013,2
7399,7399,1024,893.4879899024963,125.4836919075265,2
7400,7400,1024,167.79200732707977,668.3779626128859,2
7401,7401,1024,892.0480012893677,125.75421085620572,2
7402,7402,1024,498.25599789619446,225.20372954020593,2
7403,7403,1024,873.4400272369385,128.50273187852514,2
7404,7404,1024,496.0159957408905,226.34301178191765,2
7405,7405,1024,872.0800280570984,128.77268093180928,2
7406,7406,1024,496.89599871635437,226.06423963603325,2
7407,7407,1024,890.6559944152832,126.15505184553885,2
7408,7408,1024,165.71199893951416,678.2314798641916,2
7409,7409,1024,887.5200152397156,126.66918780151164,2
7410,7410,1024,490.2400076389313,229.38109303152254,2
7411,7411,1024,868.9280152320862,129.44932173461643,2
7412,7412,1024,487.4880015850067,230.80055169805118,2
7413,7413,1024,865.3600215911865,130.05322467412012,2
7414,7414,1024,484.44798588752747,232.37422858051832,2
7415,7415,1024,875.5840063095093,128.60399000960723,2
7416,7416,1024,167.34400391578674,673.0684581007233,2
7417,7417,1024,872.8960156440735,129.0696104150157,2
7418,7418,1024,477.3919880390167,236.06330557602402,2
7419,7419,1024,861.407995223999,130.86147046811095,2
7420,7420,1024,475.3760099411011,237.1922537991986,2
7421,7421,1024,855.791985988617,131.79125700471351,2
7422,7422,1024,471.45599126815796,239.2933850061767,2
7423,7423,1024,867.8879737854004,130.02450316232083,2
7424,7424,1024,159.2320054769516,708.8845543953076,2
7425,7425,1024,911.5520119667053,123.86294859510878,2
7426,7426,1024,499.7439980506897,225.99157826512715,2
7427,7427,1024,900.9119868278503,125.39332969668482,2
7428,7428,1024,505.74398040771484,223.4307895091583,2
7429,7429,1024,905.7120084762573,124.79596484334678,2
7430,7430,1024,508.35198163986206,222.40423817231465,2
7431,7431,1024,920.4639792442322,122.86202727982378,2
7432,7432,1024,171.4719980955124,659.7025240762065,2
7433,7433,1024,924.5920181274414,122.37933191459133,2
7434,7434,1024,519.4399952888489,217.89119458362535,2
7435,7435,1024,912.7680063247681,124.03135519160449,2
7436,7436,1024,520.255982875824,217.6665186665022,2
7437,7437,1024,915.615975856781,123.71209273189652,2
7438,7438,1024,523.311972618103,216.5118293494218,2
7439,7439,1024,934.2399835586548,121.31112198419895,2
7440,7440,1024,165.42400419712067,685.2945759003287,2
7441,7441,1024,935.2800250053406,121.24138873526408,2
7442,7442,1024,528.7359952926636,214.52129320081082,2
7443,7443,1024,920.7839965820312,123.21631823875038,2
7444,7444,1024,531.4239859580994,213.5509603003654,2
7445,7445,1024,918.5760021209717,123.57888181042472,2
7446,7446,1024,531.3760042190552,213.68501977215965,2
7447,7447,1024,937.8399848937988,121.10551337269071,2
7448,7448,1024,172.43200540542603,658.8573711990537,2
7449,7449,1024,943.343997001648,120.46359250622494,2
7450,7450,1024,534.5119833946228,212.65962884143548,2
7451,7451,1024,918.5439944267273,123.78246217695988,2
7452,7452,1024,533.4720015525818,213.1886176987869,2
7453,7453,1024,918.0639982223511,123.9136751384163,2
7454,7454,1024,531.328022480011,214.16377219645125,2
7455,7455,1024,939.0720129013062,121.20662274700582,2
7456,7456,1024,169.48799788951874,671.7424616828324,2
7457,7457,1024,942.7040219306946,120.80443501106905,2
7458,7458,1024,532.912015914917,213.75643496503005,2
7459,7459,1024,917.9840087890625,124.12408233375058,2
7460,7460,1024,537.7280116081238,211.9556250364364,2
7461,7461,1024,921.0240244865417,123.78073967349142,2
7462,7462,1024,537.8879904747009,212.0062156646414,2
7463,7463,1024,944.9920058250427,120.70595625029911,2
7464,7464,1024,172.5279986858368,661.3230030898543,2
7465,7465,1024,945.6480145454407,120.686880366221,2
7466,7466,1024,538.4160280227661,212.02542559370653,2
7467,7467,1024,922.927975654602,123.72414021907824,2
7468,7468,1024,540.1120185852051,211.47290417863834,2
7469,7469,1024,922.5599765777588,123.83980557211,2
7470,7470,1024,542.4320101737976,210.68123019396313,2
7471,7471,1024,948.1120109558105,120.56681177655473,2
7472,7472,1024,165.1040017604828,692.5419397034102,2
7473,7473,1024,946.9919800758362,120.77404603029579,2
7474,7474,1024,543.071985244751,210.65837965558316,2
7475,7475,1024,925.5359768867493,123.6400127685175,2
7476,7476,1024,543.615996837616,210.56021219734566,2
7477,7477,1024,924.4639873504639,123.84963066018838,2
7478,7478,1024,544.5759892463684,210.3015070320854,2
7479,7479,1024,952.7040123939514,120.24278440913103,2
7480,7480,1024,171.36000096797943,668.6882501909636,2
7481,7481,1024,950.543999671936,120.58048798115406,2
7482,7482,1024,543.4079766273499,210.9790589817223,2
7483,7483,1024,925.1199960708618,123.96051578071817,2
7484,7484,1024,543.0880188941956,211.21623069785971,2
7485,7485,1024,926.2880086898804,123.87039422251081,2
7486,7486,1024,540.6720042228699,212.27346803902694,2
7487,7487,1024,945.2800154685974,121.44653883864292,2
7488,7488,1024,169.16799545288086,678.8024803662381,2
7489,7489,1024,944.0320134162903,121.67206850574156,2
7490,7490,1024,539.3440127372742,213.0236029077175,2
7491,7491,1024,924.0480065345764,124.36982177905898,2
7492,7492,1024,541.7439937591553,212.19316207704114,2
7493,7493,1024,926.2880086898804,124.13532213877207,2
7494,7494,1024,543.2479977607727,211.71868870586962,2
7495,7495,1024,954.6560049057007,120.51089670919119,2
7496,7496,1024,177.8080016374588,647.1989545365698,2
7497,7497,1024,957.7280282974243,120.18846168325048,2
7498,7498,1024,544.7679758071899,211.35340788231483,2
7499,7499,1024,928.2400012016296,124.0727418543809,2
7500,7500,1024,544.4319844245911,211.59667928355572,2
7501,7501,1024,930.8639764785767,123.78900135754903,2
7502,7502,1024,545.0559854507446,211.46717267343155,2
7503,7503,1024,954.7839760780334,120.75210866607308,2
7504,7504,1024,170.30400037765503,677.1591537031863,2
7505,7505,1024,955.3279876708984,120.74769365988497,2
7506,7506,1024,543.1839823722839,212.42230528240907,2
7507,7507,1024,931.1040043830872,123.95515410597932,2
7508,7508,1024,542.3840284347534,212.84898710082072,2
7509,7509,1024,926.4479875564575,124.64449967944141,2
7510,7510,1024,541.0879850387573,213.47249984071703,2
7511,7511,1024,949.5199918746948,121.68060577627861,2
7512,7512,1024,178.38400602340698,647.866013822088,2
7513,7513,1024,956.3040137290955,120.88175355577606,2
7514,7514,1024,543.2320237159729,212.8565260513011,2
7515,7515,1024,928.3519983291626,124.58772212282176,2
7516,7516,1024,540.2560234069824,214.1429975336852,2
7517,7517,1024,932.9280257225037,124.04261495132893,2
7518,7518,1024,538.4479761123657,214.9764298266097,2
7519,7519,1024,953.4400105476379,121.43859922712454,2
7520,7520,1024,169.08800601959229,684.940475237377,2
7521,7521,1024,950.2400159835815,121.9123813135666,2
7522,7522,1024,539.2640233039856,214.87958815060745,2
7523,7523,1024,932.5600266456604,124.28974015636292,2
7524,7524,1024,543.2800054550171,213.4046136133747,2
7525,7525,1024,932.4960112571716,124.36437110723149,2
7526,7526,1024,545.6799864768982,212.578997439392,2
7527,7527,1024,954.7039866447449,121.53603065991626,2
7528,7528,1024,179.3760061264038,647.030604250453,2
7529,7529,1024,954.2080163955688,121.6638304994847,2
7530,7530,1024,540.5920147895813,214.80791432925554,2
7531,7531,1024,931.5680265426636,124.68685572977898,2
7532,7532,1024,537.9679799079895,215.97035788611723,2
7533,7533,1024,934.3839883804321,124.37712088093161,2
7534,7534,1024,538.0480289459229,216.0529195055996,2
7535,7535,1024,953.5679817199707,121.93961104930081,2
7536,7536,1024,170.81600427627563,680.8997476599675,2
7537,7537,1024,951.7599940299988,122.23611461056333,2
7538,7538,1024,534.38401222229,217.76534224529334,2
7539,7539,1024,928.8640022277832,125.3156487158765,2
7540,7540,1024,532.4320197105408,218.67970461900256,2
7541,7541,1024,929.4080138206482,125.30875670981072,2
7542,7542,1024,530.3360223770142,219.66045630817985,2
7543,7543,1024,948.3680129051208,122.8687019873768,2
7544,7544,1024,178.3519983291626,653.5146565214673,2
7545,7545,1024,938.6559724807739,124.20583325312832,2
7546,7546,1024,527.679979801178,221.00033738619328,2
7547,7547,1024,925.279974937439,126.06818173049402,2
7548,7548,1024,523.1840014457703,223.01767307403836,2
7549,7549,1024,920.8639860153198,126.73988669381883,2
7550,7550,1024,520.2879905700684,224.37788708536067,2
7551,7551,1024,936.240017414093,124.72447735199988,2
7552,7552,1024,170.06400227546692,686.8177640721664,2
7553,7553,1024,936.0479712486267,124.81615944976753,2
7554,7554,1024,490.2079999446869,238.398500190096,2
7555,7555,1024,922.7200150489807,126.68609469124264,2
7556,7556,1024,491.90399050712585,237.70236628382503,2
7557,7557,1024,924.9759912490845,126.44403212461842,2
7558,7558,1024,528.2080173492432,221.48215405569826,2
7559,7559,1024,942.3999786376953,124.17191398620359,2
7560,7560,1024,178.92800271511078,654.1769372252368,2
7561,7561,1024,946.6559886932373,123.67907878512364,2
7562,7562,1024,534.2559814453125,219.20674092441183,2
7563,7563,1024,929.4080138206482,126.040970994474,2
7564,7564,1024,535.4080200195312,218.85079084867942,2
7565,7565,1024,931.7119717597961,125.79579993871394,2
7566,7566,1024,538.2239818572998,217.82091664411024,2
7567,7567,1024,952.7040123939514,123.08905173741296,2
7568,7568,1024,169.5999950170517,691.618121452225,2
7569,7569,1024,953.6960124969482,123.02602610323429,2
7570,7570,1024,541.6640043258667,216.66648376619025,2
7571,7571,1024,935.3600144386292,125.50402214750895,2
7572,7572,1024,541.9840216636658,216.6529863215558,2
7573,7573,1024,934.9439740180969,125.626216175523,2
7574,7574,1024,542.7039861679077,216.47988192895153,2
7575,7575,1024,958.9599967002869,122.544757241556,2
7576,7576,1024,179.407998919487,655.1912398329097,2
7577,7577,1024,956.991970539093,122.8616187090537,2
7578,7578,1024,545.0080037117004,215.7924640207906,2
7579,7579,1024,935.696005821228,125.72423184039536,2
7580,7580,1024,543.3599948883057,216.56122700786733,2
7581,7581,1024,934.1599941253662,125.99742835080582,2
7582,7582,1024,541.0879850387573,217.58533548581198,2
7583,7583,1024,954.912006855011,123.32431451967352,2
7584,7584,1024,169.21600699424744,696.1216777323228,2
7585,7585,1024,952.0159959793091,123.76472380466264,2
7586,7586,1024,543.0399775505066,217.0320268861577,2
7587,7587,1024,933.3279728889465,126.3094482715425,2
7588,7588,1024,546.3680028915405,215.82380206735522,2
7589,7589,1024,931.8240284919739,126.58001790197017,2
7590,7590,1024,545.4080104827881,216.31766775035888,2
7591,7591,1024,954.4000029563904,123.65096303692319,2
7592,7592,1024,181.5039962530136,650.3635000270141,2
7593,7593,1024,971.1840152740479,121.57806481059288,2
7594,7594,1024,544.3040132522583,216.98494453919037,2
7595,7595,1024,933.791995048523,126.51306053856375,2
7596,7596,1024,546.8639731407166,216.08297524034109,2
7597,7597,1024,932.3840141296387,126.77084531778084,2
7598,7598,1024,545.9200143814087,216.5706071904484,2
7599,7599,1024,955.4719924926758,123.77270435680148,2
7600,7600,1024,170.3680008649826,694.335082875964,2
7601,7601,1024,955.9839963912964,123.77154020847085,2
7602,7602,1024,547.3440289497375,216.23465522973393,2
7603,7603,1024,931.4720034599304,127.09548627576402,2
7604,7604,1024,546.6079711914062,216.63978099312018,2
7605,7605,1024,930.6079745292664,127.28042574523948,2
7606,7606,1024,547.3920106887817,216.44329660368595,2
7607,7607,1024,957.3280215263367,123.79297888204529,2
7608,7608,1024,179.31200563907623,661.0915284200415,2
7609,7609,1024,954.9599885940552,124.1652149872472,2
7610,7610,1024,545.8880066871643,217.2679731869786,2
7611,7611,1024,931.7119717597961,127.33028768957928,2
7612,7612,1024,544.8799729347229,217.7843488591869,2
7613,7613,1024,931.2160015106201,127.46506795356684,2
7614,7614,1024,542.1919822692871,218.97906957434822,2
7615,7615,1024,948.2719898223877,125.23820810339853,2
7616,7616,1024,170.43200135231018,696.9998412589187,2
7617,7617,1024,946.3040232658386,125.56458828308298,2
7618,7618,1024,542.1440005302429,219.22861128363607,2
7619,7619,1024,931.984007358551,127.56086026083807,2
7620,7620,1024,543.2159900665283,218.91088144411253,2
7621,7621,1024,933.0559968948364,127.48120709137501,2
7622,7622,1024,543.7920093536377,218.79380422198568,2
7623,7623,1024,957.8559994697571,124.24575746028677,2
7624,7624,1024,179.1519969701767,664.468005164445,2
7625,7625,1024,962.943971157074,123.65413104661016,2
7626,7626,1024,545.2640056610107,218.4322324808768,2
7627,7627,1024,934.7040057182312,127.4568970103605,2
7628,7628,1024,544.975996017456,218.6623177953383,2
7629,7629,1024,933.8560104370117,127.63954981905619,2
7630,7630,1024,544.9439883232117,218.78984584611027,2
7631,7631,1024,958.4479928016663,124.42977253193395,2
7632,7632,1024,169.90399360656738,702.1066534094051,2
7633,7633,1024,957.8400254249573,124.57402478985085,2
7634,7634,1024,542.5599813461304,219.9816757437141,2
7635,7635,1024,935.8400106430054,127.56937451089766,2
7636,7636,1024,545.7760095596313,218.80001633701835,2
7637,7637,1024,938.8319849967957,127.22945193692745,2
7638,7638,1024,541.4400100708008,220.6677746189768,2
7639,7639,1024,960.9439969062805,124.36692439180263,2
7640,7640,1024,180.4320067167282,662.526250055374,2
7641,7641,1024,958.1760168075562,124.7915144927024,2
7642,7642,1024,540.3199791908264,221.35686348507073,2
7643,7643,1024,933.4080219268799,128.1699286288883,2
7644,7644,1024,538.1439924240112,222.36826762476124,2
7645,7645,1024,929.5200109481812,128.77340755461464,2
7646,7646,1024,534.0480208396912,224.1910287014055,2
7647,7647,1024,949.3439793586731,126.15037103084977,2
7648,7648,1024,170.19200325012207,703.8604464626283,2
7649,7649,1024,951.520025730133,125.92772028739596,2
7650,7650,1024,531.711995601654,225.4116532849333,2
7651,7651,1024,927.9999732971191,129.1868748897217,2
7652,7652,1024,533.6480140686035,224.7113337455127,2
7653,7653,1024,930.7360053062439,128.874461660622,2
7654,7654,1024,534.8640084266663,224.3176741709104,2
7655,7655,1024,953.7760019302368,125.8270316689915,2
7656,7656,1024,179.56799268722534,668.505329549969,2
7657,7657,1024,957.0080041885376,125.46762474971385,2
7658,7658,1024,532.1760177612305,225.68639371849156,2
7659,7659,1024,932.2720170021057,128.86395096821687,2
7660,7660,1024,529.263973236084,227.04668157414508,2
7661,7661,1024,931.0719966888428,129.09743460813118,2
7662,7662,1024,528.8479924201965,227.34394274956588,2
7663,7663,1024,952.4000287055969,126.27233272498668,2
7664,7664,1024,173.5360026359558,693.1885094780664,2
7665,7665,1024,948.095977306366,126.91178918599982,2
7666,7666,1024,521.9839811325073,230.57403874132922,2
7667,7667,1024,921.9359755516052,130.58103801619285,2
7668,7668,1024,516.864001750946,232.97958910673856,2
7669,7669,1024,917.9040193557739,131.22305860751902,2
7670,7670,1024,512.9920244216919,234.860546488655,2
7671,7671,1024,938.7199878692627,128.38014224193134,2
7672,7672,1024,180.4960072040558,667.850939748053,2
7673,7673,1024,935.6799721717834,128.86441751246892,2
7674,7674,1024,505.2639842033386,238.70152834693792,2
7675,7675,1024,913.0399823188782,132.1286278105914,2
7676,7676,1024,500.67198276519775,241.0163999621908,2
7677,7677,1024,905.7120084762573,133.26708784071965,2
7678,7678,1024,497.72799015045166,242.56833294728952,2
7679,7679,1024,920.9120273590088,131.13576148454527,2
7680,7680,1024,170.83199322223663,707.1038212546969,2
7681,7681,1024,960.8960151672363,125.74452658852056,2
7682,7682,1024,524.5919823646545,230.3864374884566,2
7683,7683,1024,942.6400065422058,128.2465677596798,2
7684,7684,1024,530.4800271987915,227.9479167698917,2
7685,7685,1024,947.983980178833,127.59001768909924,2
7686,7686,1024,534.1759920120239,226.48860004415312,2
7687,7687,1024,976.4000177383423,123.94126824404688,2
7688,7688,1024,186.78399920463562,648.0627089442672,2
7689,7689,1024,978.9599776268005,123.68149809507113,2
7690,7690,1024,543.6000227928162,222.7938331896636,2
7691,7691,1024,961.4880084991455,125.9945334909579,2
7692,7692,1024,549.3760108947754,220.56612423728305,2
7693,7693,1024,963.3600115776062,125.81511013054539,2
7694,7694,1024,551.9999861717224,219.63181442958282,2
7695,7695,1024,990.8319711685181,122.39035348948688,2
7696,7696,1024,178.17600071430206,680.7863880753462,2
7697,7697,1024,994.7199821472168,121.97535287276777,2
7698,7698,1024,560.2080225944519,216.6389000106439,2
7699,7699,1024,975.2320051193237,124.4774394305762,2
7700,7700,1024,562.6400113105774,215.8145840306634,2
7701,7701,1024,974.8160243034363,124.59526538332045,2
7702,7702,1024,562.0800256729126,216.14183220005987,2
7703,7703,1024,1000.175952911377,121.49917789791897,2
7704,7704,1024,183.32800269126892,663.0307851697823,2
7705,7705,1024,1001.6000270843506,121.38944080695472,2
7706,7706,1024,566.1759972572327,214.8011033974408,2
7707,7707,1024,971.2640047073364,125.24585917158014,2
7708,7708,1024,562.720000743866,216.23252152251916,2
7709,7709,1024,968.3200120925903,125.69185513885894,2
7710,7710,1024,561.2959861755371,216.8936172686742,2
7711,7711,1024,996.5440034866333,122.19540590475627,2
7712,7712,1024,178.65599691867828,681.7833569138113,2
7713,7713,1024,996.8479871749878,122.22151950898481,2
7714,7714,1024,563.808023929596,216.15135832692218,2
7715,7715,1024,971.2799787521362,125.50394476020378,2
7716,7716,1024,569.3759918212891,214.14859994003876,2
7717,7717,1024,975.0080108642578,125.08889866852574,2
7718,7718,1024,569.8879957199097,214.06713260891027,2
7719,7719,1024,1003.5200119018555,121.59787814967278,2
7720,7720,1024,184.27200615406036,662.3769163176851,2
7721,7721,1024,1004.6720504760742,121.52139228930157,2
7722,7722,1024,571.4079737663269,213.71905755368476,2
7723,7723,1024,980.2560210227966,124.61275663937927,2
7724,7724,1024,574.4479894638062,212.69817753570254,2
7725,7725,1024,982.0640087127686,124.4477741936527,2
7726,7726,1024,575.6160020828247,212.37652046791078,2
7727,7727,1024,1011.7119550704956,120.86342439581003,2
7728,7728,1024,178.3359944820404,685.8437276627152,2
7729,7729,1024,1010.4960203170776,121.07151013777465,2
7730,7730,1024,577.5520205497742,211.883838764016,2
7731,7731,1024,986.240029335022,124.1134000721231,2
7732,7732,1024,579.1040062904358,211.42535748681132,2
7733,7733,1024,989.6000027656555,123.75600599205085,2
7734,7734,1024,579.7439813613892,211.30123679824462,2
7735,7735,1024,1012.112021446228,121.0659474481007,2
7736,7736,1024,185.2640062570572,661.563937238517,2
7737,7737,1024,1014.7520303726196,120.81343071270578,2
7738,7738,1024,579.6480178833008,211.55488008015288,2
7739,7739,1024,991.1360144615173,123.75603551712373,2
7740,7740,1024,578.495979309082,212.0857692849203,2
7741,7741,1024,983.8399887084961,124.73824127549435,2
7742,7742,1024,574.1919875144958,213.78594919682854,2
7743,7743,1024,1007.1680545806885,121.9120203361882,2
7744,7744,1024,197.9839950799942,620.3411022106928,2
7745,7745,1024,1006.3680410385132,122.0719718734576,2
7746,7746,1024,574.1599798202515,214.0188468142095,2
7747,7747,1024,989.520013332367,124.21455329445186,2
7748,7748,1024,579.5199871063232,212.14888688462722,2
7749,7749,1024,993.6320185661316,123.7643873689395,2
7750,7750,1024,577.8239965438843,212.88143229727888,2
7751,7751,1024,1017.3439979553223,120.94212606088763,2
7752,7752,1024,186.68800592422485,659.2362245379262,2
7753,7753,1024,1020.2720165252686,120.6572839773178,2
7754,7754,1024,580.7520151138306,212.02682997813596,2
7755,7755,1024,990.0640249252319,124.40283466445653,2
7756,7756,1024,579.0560245513916,212.75754418312948,2
7757,7757,1024,991.2160038948059,124.32235543795558,2
7758,7758,1024,579.5199871063232,212.69686260085,2
7759,7759,1024,1017.1840190887451,121.2109702612651,2
7760,7760,1024,179.88799512386322,685.5690659906638,2
7761,7761,1024,1015.6320333480835,121.45878404538487,2
7762,7762,1024,578.8959860801697,213.1457565416807,2
7763,7763,1024,994.8959946632385,124.0541913667837,2
7764,7764,1024,578.000009059906,213.58618593932394,2
7765,7765,1024,992.8960204124451,124.36812945297635,2
7766,7766,1024,576.5759944915771,214.22402158264737,2
7767,7767,1024,1017.8560018539429,121.38086295798895,2
7768,7768,1024,186.76799535751343,661.6768323472212,2
7769,7769,1024,1017.2640085220337,121.51405563595402,2
7770,7770,1024,577.5200128555298,214.09422435189313,2
7771,7771,1024,994.3040013313293,124.38401837104539,2
7772,7772,1024,576.304018497467,214.65642310551357,2
7773,7773,1024,994.3839907646179,124.43804057711392,2
7774,7774,1024,574.9599933624268,215.26895275647604,2
7775,7775,1024,1016.2400007247925,121.82445083021977,2
7776,7776,1024,177.2480010986328,698.6523271373309,2
7777,7777,1024,1017.9200172424316,121.68596637637346,2
7778,7778,1024,574.783980846405,215.5565251654228,2
7779,7779,1024,997.1839785575867,124.28027428525631,2
7780,7780,1024,576.7359733581543,214.93745652487544,2
7781,7781,1024,999.6479749679565,124.03769650208577,2
7782,7782,1024,576.6080021858215,215.09570571660325,2
7783,7783,1024,1022.9439735412598,121.27524623126021,2
7784,7784,1024,186.0000044107437,667.1487126095592,2
7785,7785,1024,1024.2559909820557,121.18215552831902,2
7786,7786,1024,574.2239952087402,216.21081536808316,2
7787,7787,1024,1002.2879838943481,123.90184628322399,2
7788,7788,1024,573.3919739723206,216.63580055272337,2
7789,7789,1024,1001.9040107727051,124.01300890309294,2
7790,7790,1024,572.655975818634,217.025652482427,2
7791,7791,1024,1018.623948097229,122.04007859840162,2
7792,7792,1024,179.61600422859192,692.2816327310679,2
7793,7793,1024,1020.6880569458008,121.85581863686339,2
7794,7794,1024,570.2239871025085,218.1751447534865,2
7795,7795,1024,999.1840124130249,124.54225213179349,2
7796,7796,1024,570.3039765357971,218.25651352474316,2
7797,7797,1024,995.9520101547241,125.01053340176286,2
7798,7798,1024,564.848005771637,220.47777334695766,2
7799,7799,1024,1016.2880420684814,122.57191671217764,2
7800,7800,1024,188.48000466823578,661.079779891361,2
7801,7801,1024,1016.3999795913696,122.62128428820589,2
7802,7802,1024,561.7920160293579,221.90458788130118,2
7803,7803,1024,995.0559735298157,125.31574921324125,2
7804,7804,1024,557.3920011520386,223.7709685646856,2
7805,7805,1024,995.2160120010376,125.35983514689467,2
7806,7806,1024,558.463990688324,223.4559230474107,2
7807,7807,1024,1007.0719718933105,123.94750865454917,2
7808,7808,1024,183.6320012807846,679.9252886270485,2
7809,7809,1024,1007.375955581665,123.97360131142786,2
7810,7810,1024,558.8480234146118,223.53127785391004,2
7811,7811,1024,995.1679706573486,125.55870796913223,2
7812,7812,1024,565.775990486145,220.90721878213157,2
7813,7813,1024,998.5920190811157,125.19226883771533,2
7814,7814,1024,566.5439963340759,220.720730282459,2
7815,7815,1024,1020.19202709198,122.60438180107718,2
7816,7816,1024,186.39999628067017,671.2018647232894,2
7817,7817,1024,1018.7840461730957,122.83667175794928,2
7818,7818,1024,572.2560286521912,218.74135995879598,2
7819,7819,1024,1000.0,125.208086528,2
7820,7820,1024,574.5760202407837,217.969617227528,2
7821,7821,1024,1001.7440319061279,125.054049715306,2
7822,7822,1024,576.0800242424011,217.51176843319064,2
7823,7823,1024,1022.6880311965942,122.55567872966165,2
7824,7824,1024,179.47199940681458,698.5394449405111,2
7825,7825,1024,1030.2560329437256,121.71762745392203,2
7826,7826,1024,578.6240100860596,216.7769934561552,2
7827,7827,1024,1004.4480562210083,124.90882909767323,2
7828,7828,1024,580.1759958267212,216.30762550452283,2
7829,7829,1024,1004.1760206222534,125.00652773028206,2
7830,7830,1024,580.3679823875427,216.34657839576766,2
7831,7831,1024,1028.7679433822632,122.08069053463211,2
7832,7832,1024,186.81600689888,672.45189979892,2
7833,7833,1024,1027.3760557174683,122.30853539237637,2
7834,7834,1024,582.1920037269592,215.88916694731273,2
7835,7835,1024,999.888002872467,125.7351187721325,2
7836,7836,1024,580.0480246543884,216.7977920154591,2
7837,7837,1024,999.6960163116455,125.82347759680148,2
7838,7838,1024,577.9359936714172,217.701152185951,2
7839,7839,1024,1019.0880298614502,123.49221511816778,2
7840,7840,1024,182.25599825382233,690.6853546992107,2
7841,7841,1024,1022.752046585083,123.11259988031243,2
7842,7842,1024,578.9920091629028,217.52594211807923,2
7843,7843,1024,996.9760179519653,126.3600155706751,2
7844,7844,1024,581.7760229110718,216.5954373600258,2
7845,7845,1024,996.3679909706116,126.50161821960586,2
7846,7846,1024,581.8880200386047,216.66419315461374,2
7847,7847,1024,1019.5519924163818,123.68808905284207,2
7848,7848,1024,186.76799535751343,675.3757824007487,2
7849,7849,1024,1018.2399749755859,123.91060216529523,2
7850,7850,1024,581.0400247573853,217.20169802879988,2
7851,7851,1024,993.1039810180664,127.1115996520243,2
7852,7852,1024,581.9839835166931,216.95991465094718,2
7853,7853,1024,996.0319995880127,126.8025116504701,2
7854,7854,1024,584.0960144996643,216.28554900552675,2
7855,7855,1024,1019.5679664611816,123.93847527261549,2
7856,7856,1024,180.00000715255737,702.1992794748854,2
7857,7857,1024,1018.0799961090088,124.18283046046903,2
7858,7858,1024,582.9600095748901,216.9278128772815,2
7859,7859,1024,994.2880272865295,127.21910031764668,2
7860,7860,1024,582.5120210647583,217.2051669744583,2
7861,7861,1024,991.8879866600037,127.59184414981806,2
7862,7862,1024,583.8080048561096,216.83330317336132,2
7863,7863,1024,1019.9040174484253,124.1501364302676,2
7864,7864,1024,187.04000115394592,677.1462308950485,2
7865,7865,1024,1022.3040580749512,123.92168826812183,2
7866,7866,1024,584.2400193214417,216.89349872878424,2
7867,7867,1024,995.7919716835022,127.2857049225997,2
7868,7868,1024,580.2239775657654,218.50580681600647,2
7869,7869,1024,990.4959797859192,128.03135026899258,2
7870,7870,1024,577.2479772567749,219.743985596636,2
7871,7871,1024,1017.5520181655884,124.69043990176895,2
7872,7872,1024,184.40000712871552,688.238858599463,2
7873,7873,1024,1017.3599720001221,124.77736463567564,2
7874,7874,1024,576.7679810523987,220.15047682833213,2
7875,7875,1024,994.5600032806396,127.70270228146461,2
7876,7876,1024,579.5199871063232,219.21635297229568,2
7877,7877,1024,996.6880083084106,127.49478185020891,2
7878,7878,1024,581.7919969558716,218.4711840263433,2
7879,7879,1024,1029.1999578475952,123.52998637299454,2
7880,7880,1024,193.7119960784912,656.4866078220141,2
7881,7881,1024,1029.4239521026611,123.5658151028864,2
7882,7882,1024,584.9760174751282,217.50274977283098,2
7883,7883,1024,1003.0080080032349,126.88450945208162,2
7884,7884,1024,583.791971206665,218.05450599959647,2
7885,7885,1024,1002.3679733276367,127.02996123997302,2
7886,7886,1024,585.3279829025269,217.5926446851755,2
7887,7887,1024,1030.7680368423462,123.5926632943168,2
7888,7888,1024,182.8799992799759,696.7829976689663,2
7889,7889,1024,1029.1839838027954,123.84567522809695,2
7890,7890,1024,585.1359963417053,217.88490470093654,2
7891,7891,1024,1006.2079429626465,126.73783901220318,2
7892,7892,1024,583.5360288619995,218.59309033712802,2
7893,7893,1024,1008.3039999008179,126.53849589464127,2
7894,7894,1024,582.0320248603821,219.26903997870886,2
7895,7895,1024,1030.9120416641235,123.82621799037082,2
7896,7896,1024,193.12000274658203,661.1758355013791,2
7897,7897,1024,1032.2240591049194,123.731492310642,2
7898,7898,1024,582.9600095748901,219.14191247039292,2
7899,7899,1024,1005.8239698410034,127.04342656319821,2
7900,7900,1024,580.1119804382324,220.32932314799731,2
7901,7901,1024,1005.3759813308716,127.16440697017697,2
7902,7902,1024,575.8079886436462,222.0886259206489,2
7903,7903,1024,1029.5360088348389,124.2431275199041,2
7904,7904,1024,182.96000361442566,699.3066453892005,2
7905,7905,1024,1024.9439477920532,124.86294833555607,2
7906,7906,1024,573.9520192146301,223.03241358600488,2
7907,7907,1024,1004.5759677886963,127.45904068743619,2
7908,7908,1024,580.5439949035645,220.61149438514957,2
7909,7909,1024,1006.0640573501587,127.33490531946575,2
7910,7910,1024,579.9679756164551,220.94231783021985,2
7911,7911,1024,1030.527949333191,124.37495779802416,2
7912,7912,1024,197.7120041847229,648.4395130212649,2
7913,7913,1024,1031.7920446395874,124.28539837869563,2
7914,7914,1024,575.6480097770691,222.8255754027096,2
7915,7915,1024,1008.5439682006836,127.21459930884257,2
7916,7916,1024,573.743999004364,223.6780496366009,2
7917,7917,1024,1007.0559978485107,127.46695808996105,2
7918,7918,1024,572.9280114173889,224.10982216482878,2
7919,7919,1024,1023.2000350952148,125.51917955715152,2
7920,7920,1024,183.87199938297272,698.6581297374867,2
7921,7921,1024,1020.8319425582886,125.87391147457457,2
7922,7922,1024,565.4399991035461,227.3071523694298,2
7923,7923,1024,1000.5600452423096,128.4890469125877,2
7924,7924,1024,562.608003616333,228.56671149615124,2
7925,7925,1024,997.9040026664734,128.89608585224832,2
7926,7926,1024,560.8959794044495,229.38011248468467,2
7927,7927,1024,1010.6719732284546,127.33196645486719,2
7928,7928,1024,194.22399997711182,662.7570271808289,2
7929,7929,1024,1009.2799663543701,127.57193272455417,2
7930,7930,1024,552.8320074081421,232.96096006416434,2
7931,7931,1024,989.1359806060791,130.2356410582364,2
7932,7932,1024,551.1199831962585,233.80252917832277,2
7933,7933,1024,989.90398645401,130.20024086748936,2
7934,7934,1024,545.6159710884094,236.28016758899204,2
7935,7935,1024,1005.5520534515381,128.2387444363314,2
7936,7936,1024,184.25600230693817,700.0218988423322,2
7937,7937,1024,1036.7679595947266,124.44032757574064,2
7938,7938,1024,571.5839862823486,225.7730440479018,2
7939,7939,1024,1024.8960256576538,125.94523676211121,2
7940,7940,1024,583.0559730529785,221.44236362752832,2
7941,7941,1024,1026.352047920227,125.82994046701396,2
7942,7942,1024,581.2159776687622,222.2553240709762,2
7943,7943,1024,1045.1680421829224,123.62689322391842,2
7944,7944,1024,206.51200413703918,625.8397184612834,2
7945,7945,1024,1050.5919456481934,123.0505866102366,2
7946,7946,1024,589.4079804420471,219.38708714296772,2
7947,7947,1024,1036.3359451293945,124.80610118743955,2
7948,7948,1024,593.5840010643005,217.95331673365888,2
7949,7949,1024,1040.7040119171143,124.3448255855349,2
7950,7950,1024,597.8879928588867,216.4932588478158,2
7951,7951,1024,1063.87197971344,121.6981814699865,2
7952,7952,1024,192.1280026435852,674.0498668080224,2
7953,7953,1024,1070.2400207519531,121.03493190339437,2
7954,7954,1024,602.9760241508484,214.8825166812691,2
7955,7955,1024,1052.0960092544556,123.18418286924147,2
7956,7956,1024,605.5359840393066,214.08170008866918,2
7957,7957,1024,1056.928038597107,122.68267849541648,2
7958,7958,1024,605.4400205612183,214.22329589605584,2
7959,7959,1024,1076.624035835266,120.49884673747916,2
7960,7960,1024,193.231999874115,671.5479676478939,2
7961,7961,1024,1078.287959098816,120.37337699335767,2
7962,7962,1024,607.695996761322,213.64263382335852,2
7963,7963,1024,1055.791974067688,122.99997622796323,2
7964,7964,1024,607.7280044555664,213.73872070346096,2
7965,7965,1024,1051.5199899673462,123.56172972425829,2
7966,7966,1024,605.2320003509521,214.72799754910636,2
7967,7967,1024,1074.079990386963,121.02719297951633,2
7968,7968,1024,191.80800020694733,677.8941494187501,2
7969,7969,1024,1076.7359733581543,120.78927735865551,2
7970,7970,1024,607.0399880409241,214.30351502845284,2
7971,7971,1024,1052.7360439300537,123.60501107402543,2
7972,7972,1024,612.44797706604,212.51780805207122,2
7973,7973,1024,1053.2159805297852,123.61069277216332,2
7974,7974,1024,612.7039790153503,212.53561411054181,2
7975,7975,1024,1080.3680419921875,120.56454368995664,2
7976,7976,1024,194.2719966173172,670.6409051050355,2
7977,7977,1024,1083.456039428711,120.28122475621194,2
7978,7978,1024,613.0880117416382,212.6156322347594,2
7979,7979,1024,1053.2959699630737,123.78740533163818,2
7980,7980,1024,616.2880063056946,211.61771422712,2
7981,7981,1024,1052.0000457763672,124.00203579052975,2
7982,7982,1024,615.9520149230957,211.83929330646214,2
7983,7983,1024,1084.0959548950195,120.39112892422766,2
7984,7984,1024,192.6559954881668,677.6235328529834,2
7985,7985,1024,1083.3760499954224,120.53150039688597,2
7986,7986,1024,615.7439947128296,212.12330210206196,2
7987,7987,1024,1050.320029258728,124.3871948288035,2
7988,7988,1024,615.3280138969421,212.37303675546082,2
7989,7989,1024,1053.9519786834717,124.02064083723879,2
7990,7990,1024,616.4479851722717,212.09336058331397,2
7991,7991,1024,1080.3040266036987,121.05597190000537,2
7992,7992,1024,193.40799748897552,676.3421821760826,2
7993,7993,1024,1082.7679634094238,120.840963875586,2
7994,7994,1024,614.2879724502563,213.05230054556867,2
7995,7995,1024,1051.2640476226807,124.52457733719201,2
7996,7996,1024,613.0560040473938,213.58727408838374,2
7997,7997,1024,1049.0399599075317,124.85102516356457,2
7998,7998,1024,613.4240031242371,213.5659373040008,2
7999,7999,1024,1074.1280317306519,121.99591685254461,2
8000,8000,1024,202.44799554347992,647.4354050685059,2
8001,8001,1024,1072.9600191116333,122.18979991123001,2
8002,8002,1024,609.3279719352722,215.21668170836986,2
8003,8003,1024,1048.848032951355,125.06132281423042,2
8004,8004,1024,613.5519742965698,213.84187528436013,2
8005,8005,1024,1050.4640340805054,124.93135123362286,2
8006,8006,1024,614.4800186157227,213.6256310233116,2
8007,8007,1024,1084.0799808502197,121.11788675317403,2
8008,8008,1024,199.91999864578247,656.9341534695466,2
8009,8009,1024,1084.0480327606201,121.18197157137271,2
8010,8010,1024,616.208016872406,213.23949251249044,2
8011,8011,1024,1052.7199506759644,124.8505794191565,2
8012,8012,1024,614.7840023040771,213.8401624298872,2
8013,8013,1024,1051.9520044326782,125.00411573712202,2
8014,8014,1024,615.6799793243408,213.6355863842525,2
8015,8015,1024,1078.879952430725,121.94496755972277,2
8016,8016,1024,192.81600415706635,682.4994266596373,2
8017,8017,1024,1079.8879861831665,121.89194579082343,2
8018,8018,1024,615.9359812736511,213.7600197990452,2
8019,8019,1024,1051.4400005340576,125.25235035865863,2
8020,8020,1024,612.7359867095947,214.98358519365433,2
8021,8021,1024,1051.967978477478,125.25194099415349,2
8022,8022,1024,611.4240288734436,215.55235157314945,2
8023,8023,1024,1077.9999494552612,122.28826862062022,2
8024,8024,1024,198.7839937210083,663.331132349941,2
8025,8025,1024,1075.760006904602,122.60400010547724,2
8026,8026,1024,611.5679740905762,215.71658104592186,2
8027,8027,1024,1048.4319925308228,125.8624593031203,2
8028,8028,1024,609.9680066108704,216.39021752202137,2
8029,8029,1024,1047.9520559310913,125.9828573461774,2
8030,8030,1024,607.4720025062561,217.3876041285376,2
8031,8031,1024,1074.3839740753174,122.94466346790476,2
8032,8032,1024,194.43200528621674,679.5315048955378,2
8033,8033,1024,1077.5359869003296,122.64608874192912,2
8034,8034,1024,607.6319813728333,217.5469421299128,2
8035,8035,1024,1051.9360303878784,125.69337391290442,2
8036,8036,1024,610.5440258979797,216.61714241406622,2
8037,8037,1024,1050.6399869918823,125.91108405340194,2
8038,8038,1024,610.3839874267578,216.78180299229683,2
8039,8039,1024,1078.3040523529053,122.74188038077014,2
8040,8040,1024,199.52000677585602,663.5224153170992,2
8041,8041,1024,1074.7519731521606,123.20882770712763,2
8042,8042,1024,606.3519716262817,218.44056731068937,2
8043,8043,1024,1048.5919713974,126.34543689615028,2
8044,8044,1024,604.1120290756226,219.35957330757185,2
8045,8045,1024,1048.8799810409546,126.37356951788789,2
8046,8046,1024,603.7279963493347,219.60827122432002,2
8047,8047,1024,1068.2239532470703,124.14683234623836,2
8048,8048,1024,192.54399836063385,688.9312765986507,2
8049,8049,1024,1067.8080320358276,124.25693127165782,2
8050,8050,1024,599.183976650238,221.49377348498442,2
8051,8051,1024,1042.240023612976,127.36844857273938,2
8052,8052,1024,595.9200263023376,222.81760627496325,2
8053,8053,1024,1043.4240102767944,127.28713880828526,2
8054,8054,1024,593.9040184020996,223.6850397568052,2
8055,8055,1024,1059.2960119247437,125.44221228451138,2
8056,8056,1024,199.69600439071655,665.5788178312639,2
8057,8057,1024,1057.2479963302612,125.74763008628152,2
8058,8058,1024,588.7359976768494,225.87277488846698,2
8059,8059,1024,1032.2400331497192,128.85805318181016,2
8060,8060,1024,584.879994392395,227.47478811993705,2
8061,8061,1024,1031.0560464859009,129.07006273962023,2
8062,8062,1024,582.1120142936707,228.66988696929107,2
8063,8063,1024,1052.5439977645874,126.4978117729756,2
8064,8064,1024,197.84000515937805,673.1577898045111,2
8065,8065,1024,1048.624038696289,127.03368212463945,2
8066,8066,1024,554.5600056648254,240.2690560569059,2
8067,8067,1024,1029.9839973449707,129.39681569378976,2
8068,8068,1024,555.5520057678223,239.95898235981372,2
8069,8069,1024,1036.7679595947266,128.61387284781043,2
8070,8070,1024,592.3839807510376,225.1509148355146,2
8071,8071,1024,1061.6960525512695,125.65635112555685,2
8072,8072,1024,199.16799664497375,669.9967619289079,2
8073,8073,1024,1067.3439502716064,125.05338860826888,2
8074,8074,1024,599.9360084533691,222.53714557354678,2
8075,8075,1024,1049.5840311050415,127.23242355297928,2
8076,8076,1024,604.5759916305542,220.93863980233087,2
8077,8077,1024,1052.4319410324097,126.95099168211729,2
8078,8078,1024,606.3359975814819,220.40644884199023,2
8079,8079,1024,1077.0399570465088,124.11187968788396,2
8080,8080,1024,193.40799748897552,691.318605931078,2
8081,8081,1024,1079.5040130615234,123.88990064863971,2
8082,8082,1024,611.4720106124878,218.7716599129452,2
8083,8083,1024,1062.2080564498901,125.96953286082736,2
8084,8084,1024,614.1600012779236,217.921978652977,2
8085,8085,1024,1063.647985458374,125.86126108470789,2
8086,8086,1024,614.9280071258545,217.7575154429326,2
8087,8087,1024,1092.079997062683,122.64515206967226,2
8088,8088,1024,198.94400238990784,673.4128302567829,2
8089,8089,1024,1090.880036354065,122.84079801833167,2
8090,8090,1024,618.1280016899109,216.8445830532705,2
8091,8091,1024,1067.1199560165405,125.63802853849158,2
8092,8092,1024,617.3120141029358,217.23858795600628,2
8093,8093,1024,1066.2879943847656,125.79822511215217,2
8094,8094,1024,614.4800186157227,218.3476826964264,2
8095,8095,1024,1090.7200574874878,123.041143581005,2
8096,8096,1024,196.25599682331085,683.9872642916137,2
8097,8097,1024,1089.1200304031372,123.28279885027928,2
8098,8098,1024,616.0320043563843,218.0129149820983,2
8099,8099,1024,1064.3999576568604,126.20829555811302,2
8100,8100,1024,622.160017490387,215.97221972251882,2
8101,8101,1024,1063.472032546997,126.38081259749582,2
8102,8102,1024,619.1040277481079,217.1454834189792,2
8103,8103,1024,1090.5760526657104,123.30073716850463,2
8104,8104,1024,203.98400723934174,659.3753352937318,2
8105,8105,1024,1090.0640487670898,123.41955443092105,2
8106,8106,1024,618.511974811554,217.56800968809026,2
8107,8107,1024,1065.2639865875244,126.35518073147666,2
8108,8108,1024,620.8480000495911,216.8563510895515,2
8109,8109,1024,1064.911961555481,126.45932166194748,2
8110,8110,1024,622.655987739563,216.33335815015275,2
8111,8111,1024,1094.9759483337402,123.0478912464057,2
8112,8112,1024,194.4960057735443,692.9073200038504,2
8113,8113,1024,1095.1039791107178,123.09418784275213,2
8114,8114,1024,623.7279772758484,216.17463496970663,2
8115,8115,1024,1069.7280168533325,126.07635088096538,2
8116,8116,1024,624.064028263092,216.16475197818772,2
8117,8117,1024,1072.8479623794556,125.77168042779509,2
8118,8118,1024,625.3600120544434,215.8231062913723,2
8119,8119,1024,1099.951982498169,122.73298823589761,2
8120,8120,1024,198.67199659347534,679.6813517523923,2
8121,8121,1024,1101.3920307159424,122.63291271519543,2
8122,8122,1024,624.288022518158,216.40680833031763,2
8123,8123,1024,1072.5120306015015,125.9971397395072,2
8124,8124,1024,623.2320070266724,216.88026372852076,2
8125,8125,1024,1070.3359842300415,126.31547662789053,2
8126,8126,1024,619.2960143089294,218.36614304535195,2
8127,8127,1024,1093.8559770584106,123.66030906167177,2
8128,8128,1024,199.5999962091446,677.8550150383284,2
8129,8129,1024,1092.8159952163696,123.8389201479477,2
8130,8130,1024,618.8960075378418,218.72245021991543,2
8131,8131,1024,1070.3680515289307,126.49831385997823,2
8132,8132,1024,622.160017490387,217.68203765053514,2
8133,8133,1024,1073.5199451446533,126.188965267661,2
8134,8134,1024,623.2320070266724,217.41451716262873,2
8135,8135,1024,1097.1519947052002,123.53165783234721,2
8136,8136,1024,199.23199713230133,680.4445558911718,2
8137,8137,1024,1103.7919521331787,122.84892515291608,2
8138,8138,1024,624.4159936904907,217.2157463654435,2
8139,8139,1024,1073.3120441436768,126.3997009520554,2
8140,8140,1024,623.0239868164062,217.808083912487,2
8141,8141,1024,1072.3999738693237,126.56938418066358,2
8142,8142,1024,624.5120167732239,217.39589987953778,2
8143,8143,1024,1102.4160385131836,123.18371541033781,2
8144,8144,1024,197.9680061340332,686.1364216399438,2
8145,8145,1024,1099.3280410766602,123.59042444413144,2
8146,8146,1024,621.6639876365662,218.6064914016686,2
8147,8147,1024,1071.2480545043945,126.89232028046814,2
8148,8148,1024,618.287980556488,219.90808113336405,2
8149,8149,1024,1064.9919509887695,127.70040141780765,2
8150,8150,1024,617.35999584198,220.3467683623919,2
8151,8151,1024,1093.2159423828125,124.46458121661146,2
8152,8152,1024,198.2560008764267,686.4864235652136,2
8153,8153,1024,1086.8480205535889,125.2552730994165,2
8154,8154,1024,613.3279800415039,222.01309380795834,2
8155,8155,1024,1056.496024131775,128.9169481843805,2
8156,8156,1024,610.6240153312683,223.10561770829173,2
8157,8157,1024,1057.9359531402588,128.80463769807628,2
8158,8158,1024,607.9840064048767,224.18430227790074,2
8159,8159,1024,1083.1999778747559,125.86215867128047,2
8160,8160,1024,196.99199497699738,692.2479708676666,2
8161,8161,1024,1079.3440341949463,126.37373245847202,2
8162,8162,1024,605.247974395752,225.41862093501223,2
8163,8163,1024,1055.8719635009766,129.24634996416756,2
8164,8164,1024,607.5040102005005,224.6915785180566,2
8165,8165,1024,1057.7759742736816,129.0769313358161,2
8166,8166,1024,607.6160073280334,224.76024502473507,2
8167,8167,1024,1087.664008140564,125.59151691111798,2
8168,8168,1024,198.7839937210083,687.3532631795589,2
8169,8169,1024,1083.7119817733765,126.11126131904278,2
8170,8170,1024,605.7279706001282,225.6817479710604,2
8171,8171,1024,1057.2960376739502,129.32538162993333,2
8172,8172,1024,599.2479920387268,228.23386285650037,2
8173,8173,1024,1052.7839660644531,129.9432390705927,2
8174,8174,1024,599.0239977836609,228.43097731356426,2
8175,8175,1024,1071.1519718170166,127.7774989928144,2
8176,8176,1024,198.43199849128723,689.9220281451286,2
8177,8177,1024,1065.2639865875244,128.54663211760518,2
8178,8178,1024,588.8800024986267,232.5933844770343,2
8179,8179,1024,1032.6240062713623,132.67471135277586,2
8180,8180,1024,587.0239734649658,233.4429280479437,2
8181,8181,1024,1026.4639854431152,133.53620241125955,2
8182,8182,1024,577.6479840278625,237.3480350368312,2
8183,8183,1024,1038.9599800109863,131.99462165092237,2
8184,8184,1024,199.50400292873383,687.5583801544055,2
8185,8185,1024,1026.2559652328491,133.69391014343043,2
8186,8186,1024,561.8559718132019,244.257794689111,2
8187,8187,1024,991.8400049209595,138.4005805683743,2
8188,8188,1024,553.6479949951172,248.00011876356734,2
8189,8189,1024,981.3119769096375,139.9537678532243,2
8190,8190,1024,549.0559935569763,250.1964360867044,2
8191,8191,1024,997.6800084114075,137.72492174799493,2
8192,8192,1024,198.17599654197693,693.5196788218909,2
