m,n,k,us,tflops,iters
1,1,1,10.62175989151001,1.882927142420724e-07,100
2,2,2,7.8623998165130615,2.0350020824934248e-06,100
3,3,3,7.504640221595764,7.195548141615989e-06,100
4,4,4,7.298240065574646,1.7538474872013078e-05,100
5,5,5,7.2992002964019775,3.4250327412337685e-05,100
6,6,6,10.74720025062561,4.019651536453437e-05,100
7,7,7,7.238079905509949,9.477651655624669e-05,100
8,8,8,9.18944001197815,0.00011143225252738446,100
9,9,9,7.147200107574463,0.0002039959673795673,100
10,10,10,10.04639983177185,0.00019907628936636368,100
11,11,11,7.1561598777771,0.0003719872173715172,100
12,12,12,9.959359765052795,0.00034701025784077393,100
13,13,13,7.116159796714783,0.0006174678654670622,100
14,14,14,10.314559936523438,0.0005320634165464699,100
15,15,15,7.348160147666931,0.0009185972902540987,100
16,16,16,9.593600034713745,0.000853902598644705,100
17,17,17,10.647679567337036,0.0009228301751437345,100
18,18,18,7.662720084190369,0.0015221748767862504,100
19,19,19,10.372799634933472,0.001322497347177186,100
20,20,20,7.613760232925415,0.002101458347848756,100
21,21,21,10.47327995300293,0.0017685004204140765,100
22,22,22,7.301759719848633,0.002916557215942114,100
23,23,23,9.871039986610413,0.0024651911078273307,100
24,24,24,9.236479997634888,0.0029933481160658183,100
25,25,25,9.849600195884705,0.003172717610716491,100
26,26,26,7.468479871749878,0.004706714164547093,100
27,27,27,9.853119850158691,0.003995282773239177,100
28,28,28,7.432000041007996,0.005907427308631358,100
29,29,29,9.816640019416809,0.004968909922694488,100
30,30,30,7.4374401569366455,0.0072605626210835526,100
31,31,31,9.88319993019104,0.006028614256602244,100
32,32,32,8.92416000366211,0.007343660352695012,100
33,33,33,9.94592010974884,0.007226480728469777,100
34,34,34,7.493759989738464,0.010489794189784754,100
35,35,35,9.909759759902954,0.008653085652687888,100
36,36,36,7.478079795837402,0.012478069577693084,100
37,37,37,9.887999892234802,0.010245348008099916,100
38,38,38,7.517759799957275,0.014597965739823677,100
39,39,39,9.927679896354675,0.011950224144874216,100
40,40,40,8.967040181159973,0.014274498319850504,100
41,41,41,9.932799935340881,0.01387745659806944,100
42,42,42,7.4217599630355835,0.019965075768819982,100
43,43,43,9.977279901504517,0.015937610407824845,100
44,44,44,7.4380797147750854,0.02290483653483561,100
45,45,45,9.86240029335022,0.01847927427189131,100
46,46,46,7.437120079994202,0.026175723654599345,100
47,47,47,9.93120014667511,0.020908449828142703,100
48,48,48,9.033600091934204,0.024484590611608733,100
49,49,49,9.955520033836365,0.02363492808012841,100
50,50,50,7.455999851226807,0.0335300435874962,100
51,51,51,10.080000162124634,0.026319642433823176,100
52,52,52,7.4614399671554565,0.03768923977648898,100
53,53,53,9.943680167198181,0.029944044357160554,100
54,54,54,7.396159768104553,0.04257993470585993,100
55,55,55,9.982720017433167,0.03333259867239663,100
56,56,56,9.011200070381165,0.03897727242284425,100
57,57,57,10.023360252380371,0.03695227854471657,100
58,58,58,7.45311975479126,0.05235713537933472,100
59,59,59,9.910719990730286,0.041445828394323626,100
60,60,60,7.5091201066970825,0.05753004264969961,100
61,61,61,9.853760004043579,0.046069926587791125,100
62,62,62,7.45311975479126,0.06395388987189966,100
63,63,63,9.919999837875366,0.050412702436808565,100
64,64,64,8.967999815940857,0.05846208862182002,100
65,65,65,10.156160593032837,0.05408047607840974,50
66,66,66,7.575039863586426,0.07590613519593656,50
67,67,67,10.062719583511353,0.05977767690015461,50
68,68,68,7.601280212402344,0.0827313271485424,50
69,69,69,10.101759433746338,0.06503995707966868,50
70,70,70,7.535359859466553,0.09103745710806221,50
71,71,71,9.941120147705078,0.07200617127288705,50
72,72,72,9.692800045013428,0.07701551631450847,50
73,73,73,9.995520114898682,0.07783827065090013,50
74,74,74,7.6819199323654175,0.10550070908516315,50
75,75,75,9.991679787635803,0.08444526024984286,50
76,76,76,7.706239819526672,0.11392741733463535,50
77,77,77,9.960960149765015,0.09166445666601125,50
78,78,78,7.736319899559021,0.12268158663579827,50
79,79,79,9.998720288276672,0.0986204205708364,50
80,80,80,9.192960262298584,0.11138958189556686,50
81,81,81,9.980800151824951,0.10649266429862901,50
82,82,82,7.638400197029114,0.14436740306286902,50
83,83,83,10.116480588912964,0.1130406953237558,50
84,84,84,7.659519910812378,0.15476270233681974,50
85,85,85,9.955199956893921,0.12337773277466355,50
86,86,86,7.564799785614014,0.16816201830208072,50
87,87,87,10.07680058479309,0.13069684062097,50
88,88,88,9.067519903182983,0.15031056061112855,50
89,89,89,10.046720504760742,0.140338133158167,50
90,90,90,7.6499199867248535,0.19059022872528253,50
91,91,91,10.143359899520874,0.14858409983768697,50
92,92,92,7.710080146789551,0.20199219338186591,50
93,93,93,10.031360387802124,0.16036847823313724,50
94,94,94,7.630079984664917,0.2177130519389899,50
95,95,95,10.075520277023315,0.1701897225010202,50
96,96,96,9.068800210952759,0.19511643865116104,50
97,97,97,9.957119822502136,0.18332068233977591,50
98,98,98,7.651839852333069,0.24600410310809834,50
99,99,99,9.97439980506897,0.1945578719447151,50
100,100,100,7.743359804153442,0.2582858152771391,50
101,101,101,10.12671947479248,0.20348169070243022,50
102,102,102,7.7452802658081055,0.274027010922962,50
103,103,103,10.016640424728394,0.21818233532719228,50
104,104,104,9.155840277671814,0.24571507712802418,50
105,105,105,10.067839622497559,0.22996492661904852,50
106,106,106,7.786239981651306,0.3059284077569388,50
107,107,107,10.00704050064087,0.24483622304147687,50
108,108,108,7.748479843139648,0.3251507458241178,50
109,109,109,10.05120038986206,0.25768643540451247,50
110,110,110,7.731840014457703,0.34429062099349556,50
111,111,111,9.992319941520691,0.27373643117993796,50
112,112,112,9.123200178146362,0.30799017287055763,50
113,113,113,10.309120416641235,0.27992630635506793,50
114,114,114,7.69536018371582,0.3850486435021198,50
115,115,115,10.075520277023315,0.30189507999269755,50
116,116,116,7.640960216522217,0.40856016934228767,50
117,117,117,10.015360116958618,0.31983133532823277,50
118,118,118,7.68064022064209,0.42783725127087,50
119,119,119,10.053759813308716,0.3352296118650582,50
120,120,120,9.105920195579529,0.3795333064392236,50
121,121,121,10.129280090332031,0.34979011029438906,50
122,122,122,7.7478402853012085,0.4687365596435772,50
123,123,123,10.065920352935791,0.36973608666737884,50
124,124,124,7.710719704627991,0.4945385315603264,50
125,125,125,9.980800151824951,0.39137643681661705,50
126,126,126,7.660800218582153,0.5222368272045153,50
127,127,127,10.060160160064697,0.40722671754896334,50
128,128,128,9.189119935035706,0.4564424046755793,50
129,129,129,10.038399696350098,0.4276954624113091,50
130,130,130,7.683839797973633,0.5718495069559855,50
131,131,131,10.129920244216919,0.4438516682860194,50
132,132,132,7.645440101623535,0.6016574505662778,50
133,133,133,10.07040023803711,0.4672380331248024,50
134,134,134,7.591680288314819,0.6338791699917861,50
135,135,135,10.032639503479004,0.4904741168357179,50
136,136,136,9.17248010635376,0.5484789219128529,50
137,137,137,10.15104055404663,0.5066186045281734,50
138,138,138,7.470719814300537,0.7035659388454951,50
139,139,139,10.289280414581299,0.5220227055322773,50
140,140,140,7.548800110816956,0.7270029566865921,50
141,141,141,10.176639556884766,0.5509128989644811,50
142,142,142,7.533439993858337,0.760154193126727,50
143,143,143,10.202879905700684,0.5732120787516376,50
144,144,144,9.21280026435852,0.6482250595515134,50
145,145,145,10.104960203170776,0.6033917875388346,50
146,146,146,7.640320062637329,0.8146611593456557,50
147,147,147,10.027519464492798,0.63356107385241,50
148,148,148,7.745919823646545,0.8370321598484767,50
149,149,149,10.054399967193604,0.658010226526391,50
150,150,150,7.6179200410842896,0.8860686333797809,50
151,151,151,10.10815978050232,0.681222116540169,50
152,152,152,9.342719912528992,0.7517742226844485,50
153,153,153,10.024960041046143,0.7145319253813701,50
154,154,154,7.608320116996765,0.960071065317283,50
155,155,155,10.127359628677368,0.7354088600655998,50
156,156,156,7.577599883079529,1.002010150595901,50
157,157,157,10.251519680023193,0.754989137374654,50
158,158,158,7.576320171356201,1.0412210441982808,50
159,159,159,10.22655963897705,0.7861253719539416,50
160,160,160,9.11679983139038,0.8985609151792311,50
161,161,161,10.223360061645508,0.8164206239114475,50
162,162,162,7.598080039024353,1.119105873632236,50
163,163,163,10.206719636917114,0.8486070263625032,50
164,164,164,7.591040134429932,1.1621448238677379,50
165,165,165,10.222079753875732,0.8789062711620494,50
166,166,166,7.5808000564575195,1.206810881683523,50
167,167,167,10.195200443267822,0.9136579561955458,50
168,168,168,9.252480268478394,1.0249429044780398,50
169,169,169,10.084480047225952,0.9572747384884287,50
170,170,170,7.640320062637329,1.2860717770255563,50
171,171,171,10.172159671783447,0.9831168918573083,50
172,172,172,7.685760259628296,1.3241235292567117,50
173,173,173,10.150400400161743,1.0201995578258165,50
174,174,174,7.749760150909424,1.3595321396835243,50
175,175,175,10.165760517120361,1.0543972565503916,50
176,176,176,9.228159785270691,1.18155214622567,50
177,177,177,10.219520330429077,1.0852237327595156,50
178,178,178,7.65504002571106,1.473474202893181,50
179,179,179,10.204160213470459,1.124117787258732,50
180,180,180,7.5040000677108765,1.5543709881066339,50
181,181,181,10.22271990776062,1.1601102355349504,50
182,182,182,7.580159902572632,1.5906176327372628,50
183,183,183,10.265599489212036,1.1939852137111595,50
184,184,184,9.160959720611572,1.3600112193450682,50
185,185,185,10.19711971282959,1.2418457718082516,50
186,186,186,7.559679746627808,1.7024149740921064,50
187,187,187,10.335359573364258,1.2654040633191876,50
188,188,188,7.502719759941101,1.7712702093652937,50
189,189,189,10.204160213470459,1.3232385338457713,50
190,190,190,7.530879974365234,1.8215666756999758,50
191,191,191,10.295039415359497,1.35363658532563,50
192,192,192,9.224960207939148,1.5345080825191326,50
193,193,193,10.149120092391968,1.4166857687276941,50
194,194,194,7.596160173416138,1.922388110127601,50
195,195,195,10.163840055465698,1.4590695956520061,50
196,196,196,7.676159739494324,1.9617976320268755,50
197,197,197,10.136959552764893,1.5084154100061882,50
198,198,198,7.567999958992004,2.0513721041388293,50
199,199,199,10.065280199050903,1.5658975893672775,50
200,200,200,9.107199907302856,1.756851739596708,50
201,201,201,10.195839405059814,1.5929244621036398,50
202,202,202,7.522559762001038,2.191383853574725,50
203,203,203,10.18496036529541,1.6427019251846375,50
204,204,204,7.597439885139465,2.234874939018792,50
205,205,205,10.213760137557983,1.6869644252405167,50
206,206,206,7.535359859466553,2.3202119508646417,50
207,207,207,10.208640098571777,1.7376933488410287,50
208,208,208,9.242240190505981,1.9473443265939057,50
209,209,209,10.23103952407837,1.7846337077507064,50
210,210,210,7.53279983997345,2.458846696245852,50
211,211,211,10.208640098571777,1.8403883199514972,50
212,212,212,7.627519965171814,2.498355440171011,50
213,213,213,10.126080513000488,1.9086549800968453,50
214,214,214,7.607679963111877,2.576434352527949,50
215,215,215,10.139520168304443,1.9603245193134067,50
216,216,216,9.215360283851624,2.1871518181789322,50
217,217,217,10.106240510940552,2.0221788683810016,50
218,218,218,7.710719704627991,2.687228273589498,50
219,219,219,10.149760246276855,2.0696959820017207,50
220,220,220,7.704319953918457,2.7641634988392125,50
221,221,221,10.293760299682617,2.097165794764582,50
222,222,222,7.873280048370361,2.779285871398571,50
223,223,223,10.091520547866821,2.19779902293201,50
224,224,224,9.186559915542603,2.4469277081585648,50
225,225,225,10.21183967590332,2.2308663985154875,50
226,226,226,7.529600262641907,3.066079366064475,50
227,227,227,10.077439546585083,2.321439477940358,50
228,228,228,7.5731199979782104,3.1301107081795116,50
229,229,229,10.160000324249268,2.3639741371538507,50
230,230,230,7.563520073890686,3.2172850421857286,50
231,231,231,10.094079971313477,2.442301038832774,50
232,232,232,9.547520279884338,2.615792925061223,50
233,233,233,10.21056056022644,2.4776968757765196,50
234,234,234,7.531520128250122,3.402474874080157,50
235,235,235,10.142079591751099,2.5592137948819396,50
236,236,236,7.519360184669495,3.496110221398509,50
237,237,237,10.051840543746948,2.6486797004119147,50
238,238,238,7.528319954872131,3.5814822113864264,50
239,239,239,10.170880556106567,2.684510731335534,50
240,240,240,9.182720184326172,3.010872535045977,50
241,241,241,9.980800151824951,2.8048895453418345,50
242,242,242,7.6153600215911865,3.722079575966978,50
243,243,243,9.986559748649597,2.8736436492938,50
244,244,244,7.619839906692505,3.812884306727003,50
245,245,245,9.960960149765015,2.9527525015441265,50
246,246,246,7.603840231895447,3.9156361906591663,50
247,247,247,9.969279766082764,3.023131731395108,50
248,248,248,9.28704023361206,3.2847907656942645,50
249,249,249,10.044159889221191,3.074074720090315,50
250,250,250,7.543039917945862,4.142892035564101,50
251,251,251,10.062079429626465,3.143137779938403,50
252,252,252,7.562239766120911,4.232346102458696,50
253,253,253,10.071040391921997,3.2160087478130785,50
254,254,254,7.559040188789368,4.335752579885279,50
255,255,255,10.099200010299683,3.283700685814612,50
256,256,256,9.198079705238342,3.6479823044902107,50
257,257,257,10.676799714565277,3.179715542821934,20
258,258,258,7.8304000198841095,4.3863690121553125,20
259,259,259,10.385599732398987,3.3457825157270444,20
260,260,260,7.823999971151352,4.492842552353327,20
261,261,261,10.622400045394897,3.347563813077806,20
262,262,262,7.8703999519348145,4.570219584731202,20
263,263,263,10.411199927330017,3.4945918101613573,20
264,264,264,10.758399963378906,3.420535407241202,20
265,265,265,10.993599891662598,3.385537982715434,20
266,266,266,7.88320004940033,4.774988807097876,20
267,267,267,10.435199737548828,3.6480687440048984,20
268,268,268,7.8703999519348145,4.891449511474439,20
269,269,269,10.550399869680405,3.6899281999611344,20
270,270,270,7.846400141716003,5.017077804980601,20
271,271,271,10.380800068378448,3.834484985531353,20
272,272,272,9.716799855232239,4.142032006384067,20
273,273,273,10.380800068378448,3.920009414684402,20
274,274,274,7.844799757003784,5.244448459410199,20
275,275,275,10.521599650382996,3.953177404776654,20
276,276,276,8.088000118732452,5.198955413293184,20
277,277,277,10.367999970912933,4.099909926625613,20
278,278,278,7.8752003610134125,5.4563569217520795,20
279,279,279,10.328000038862228,4.205584608497445,20
280,280,280,9.494400024414062,4.62419951625216,20
281,281,281,10.374400019645691,4.277460085977632,20
282,282,282,7.897599786520004,5.67913508057913,20
283,283,283,10.831999778747559,4.184857360220635,20
284,284,284,8.011200278997421,5.718569802842742,20
285,285,285,10.340800136327744,4.477240579996509,20
286,286,286,7.940799742937088,5.892015101075276,20
287,287,287,10.53600013256073,4.487453056676153,20
288,288,288,9.44959968328476,5.05584845932783,20
289,289,289,10.53759977221489,4.581227133648585,20
290,290,290,8.116800338029861,6.009510887123726,20
291,291,291,10.4543998837471,4.714220093744428,20
292,292,292,8.320000022649765,5.9848769067841285,20
293,293,293,10.332799702882767,4.868720525567201,20
294,294,294,8.275199681520462,6.141769377903601,20
295,295,295,10.385599732398987,4.943840637322521,20
296,296,296,9.563200175762177,5.423777715273657,20
297,297,297,10.681600123643875,4.905271250888749,20
298,298,298,8.203200250864029,6.452016576631209,20
299,299,299,10.444799810647964,5.1185086329273926,20
300,300,300,8.352000266313553,6.465517035218533,20
301,301,301,10.606399923563004,5.142348241916735,20
302,302,302,8.291199803352356,6.644058436238233,20
303,303,303,10.267200320959091,5.418833982076513,20
304,304,304,9.617599844932556,5.842302539713746,20
305,305,305,10.387200117111206,5.462997666379945,20
306,306,306,8.271999657154083,6.927615374166422,20
307,307,307,10.281600058078766,5.628393019871409,20
308,308,308,8.660800009965897,6.747208564192455,20
309,309,309,10.353600233793259,5.699201887996931,20
310,310,310,8.267199993133545,7.207035035983983,20
311,311,311,10.390400141477585,5.790004348325779,20
312,312,312,9.505599737167358,6.390197113233504,20
313,313,313,10.367999970912933,5.915180765051627,20
314,314,314,8.267199993133545,7.489632288008906,20
315,315,315,10.48159971833229,5.963951274600491,20
316,316,316,8.27839970588684,7.623332315679643,20
317,317,317,10.328000038862228,6.168670193674646,20
318,318,318,8.259200304746628,7.787057054789885,20
319,319,319,10.6175996363163,6.1147076762940324,20
320,320,320,9.588800370693207,6.834640149595917,20
321,321,321,10.388799756765366,6.3676578188852355,20
322,322,322,8.337599784135818,8.008599324598174,20
323,323,323,10.380800068378448,6.492421928566032,20
324,324,324,8.510400354862213,7.993096113408562,20
325,325,325,10.611200332641602,6.4701681098983075,20
326,326,326,8.470399677753448,8.180481988587566,20
327,327,327,10.335999727249146,6.765825062440457,20
328,328,328,10.764800012111664,6.556099873717554,20
329,329,329,10.58719977736473,6.727234726624576,20
330,330,330,8.73119980096817,8.23185835147538,20
331,331,331,10.419200360774994,6.961127484701251,20
332,332,332,8.510400354862213,8.599916919088933,20
333,333,333,10.40159985423088,7.10006874278676,20
334,334,334,8.406399935483932,8.864604179186026,20
335,335,335,10.702399909496307,7.025597121752362,20
336,336,336,9.52960029244423,7.961101166032353,20
337,337,337,10.503999888896942,7.287272163903107,20
338,338,338,8.324799686670303,9.276973249417551,20
339,339,339,10.470400005578995,7.44159133925002,20
340,340,340,8.569599688053131,9.172890550487127,20
341,341,341,10.459200292825699,7.582189821376393,20
342,342,342,8.339200168848038,9.593650995315002,20
343,343,343,10.50880029797554,7.6799645736486,20
344,344,344,9.444800019264221,8.620105013757877,20
345,345,345,10.425599664449692,7.877460543593109,20
346,346,346,8.347199857234955,9.92470210572414,20
347,347,347,10.571199655532837,7.9048593085897965,20
348,348,348,8.656000345945358,9.737567078481272,20
349,349,349,10.601600259542465,8.019270291150283,20
350,350,350,8.404800295829773,10.202502972324845,20
351,351,351,10.90719997882843,7.92935878757857,20
352,352,352,9.497600048780441,9.184258712936721,20
353,353,353,10.382399708032608,8.473373832057025,20
354,354,354,8.499199897050858,10.43906827403675,20
355,355,355,10.436800122261047,8.573293437818121,20
356,356,356,8.745600283145905,10.317877455924723,20
357,357,357,10.520000010728836,8.650055694600283,20
358,358,358,8.507200330495834,10.786794766199133,20
359,359,359,10.59039980173111,8.737777584645478,20
360,360,360,9.52640026807785,9.795095458321283,20
361,361,361,10.699199885129929,8.794280227512301,20
362,362,362,8.516799658536911,11.13984827679962,20
363,363,363,10.611200332641602,9.015407399832295,20
364,364,364,8.752000331878662,11.021147662513286,20
365,365,365,10.784000158309937,9.018383584226656,20
366,366,366,8.540800213813782,11.480867078638111,20
367,367,367,10.684800148010254,9.252557336639587,20
368,368,368,9.775999933481216,10.195587630748578,20
369,369,369,10.50880029797554,9.562158871679976,20
370,370,370,8.521600067615509,11.88814297739593,20
371,371,371,10.644800215959549,9.594320224712058,20
372,372,372,8.905600011348724,11.561006093783389,20
373,373,373,10.555200278759003,9.833089970719422,20
374,374,374,8.473599702119827,12.347438122882483,20
375,375,375,10.681600123643875,9.873871777557317,20
376,376,376,9.42239984869957,11.283192573776521,20
377,377,377,10.630399733781815,10.081019405078896,20
378,378,378,8.49120020866394,12.721441179750089,20
379,379,379,10.851199924945831,10.033902126316555,20
380,380,380,8.832000195980072,12.42572436195716,20
381,381,381,10.636799782514572,10.399056507750759,20
382,382,382,8.516799658536911,13.09012075777206,20
383,383,383,10.576000064611435,10.624411243716107,20
384,384,384,9.489600360393524,11.933717300957424,20
385,385,385,11.4096000790596,10.00326472524417,20
386,386,386,9.785600006580353,11.754507840362493,20
387,387,387,11.46399974822998,10.111759293949566,20
388,388,388,10.05920022726059,11.613462438436224,20
389,389,389,11.481600254774094,10.253600141761455,20
390,390,390,9.868799895048141,12.0215225013863,20
391,391,391,11.620800197124481,10.287840765869365,20
392,392,392,10.85600033402443,11.097326113966654,20
393,393,393,11.654400080442429,10.416401802072981,20
394,394,394,9.89760011434555,12.359154399731825,20
395,395,395,11.5167997777462,10.70260422849181,20
396,396,396,10.172799974679947,12.208858161875684,20
397,397,397,11.502400040626526,10.879603000938893,20
398,398,398,9.915199875831604,12.716796996432175,20
399,399,399,11.59679964184761,10.954953256376129,20
400,400,400,9.625600278377533,13.297871955843918,20
401,401,401,11.574400216341019,11.142037564756727,20
402,402,402,9.969600290060043,13.032580265985517,20
403,403,403,11.51840016245842,11.36456905071278,20
404,404,404,10.068800300359726,13.097739955701416,20
405,405,405,11.59840002655983,11.455049808228361,20
406,406,406,9.830400347709656,13.615603359550297,20
407,407,407,11.654400080442429,11.569732038483549,20
408,408,408,9.734400361776352,13.954082321636978,20
409,409,409,11.57120019197464,11.825554456736851,20
410,410,410,9.84480008482933,14.001503211061868,20
411,411,411,11.595200002193451,11.975046741214756,20
412,412,412,10.099200159311295,13.84951815922205,20
413,413,413,11.566399782896042,12.180972181883496,20
414,414,414,9.89919975399971,14.336097010534592,20
415,415,415,11.535999923944473,12.391361905550585,20
416,416,416,9.540800005197525,15.091249362900685,20
417,417,417,11.505600064992905,12.604594734806597,20
418,418,418,9.801600128412247,14.902593666985439,20
419,419,419,11.655999720096588,12.621836095821465,20
420,420,420,10.05920022726059,14.730395722558612,20
421,421,421,11.59840002655983,12.867026629384567,20
422,422,422,9.916800260543823,15.15639037301308,20
423,423,423,11.81119978427887,12.816135258459022,20
424,424,424,9.494400024414062,16.056838516176626,20
425,425,425,11.81119978427887,12.998785288887893,20
426,426,426,9.972800314426422,15.503925389575267,20
427,427,427,11.582399904727936,13.44358399647724,20
428,428,428,10.155200213193893,15.440907191201838,20
429,429,429,11.713600158691406,13.480669978549168,20
430,430,430,9.956800192594528,15.970391784929891,20
431,431,431,11.59679964184761,13.807773432782067,20
432,432,432,9.510400146245956,16.95440081600011,20
433,433,433,11.608000099658966,13.987377033600316,20
434,434,434,9.547200053930283,17.12470746150282,20
435,435,435,11.70559972524643,14.063845839947705,20
436,436,436,9.116800129413605,18.182225084127406,20
437,437,437,11.814399808645248,14.127413047073707,20
438,438,438,9.107200056314468,18.45301991400518,20
439,439,439,11.734399944543839,14.41991399642701,20
440,440,440,9.601599723100662,17.74370989347833,20
441,441,441,11.715199798345566,14.641853741514847,20
442,442,442,9.121599793434143,18.933277046896226,20
443,443,443,11.75680011510849,14.789450556070417,20
444,444,444,9.196799993515015,19.03453028482066,20
445,445,445,11.667200177907944,15.105787790777596,20
446,446,446,9.108799695968628,19.479303302555696,20
447,447,447,11.763200163841248,15.185429433487512,20
448,448,448,10.809600353240967,16.636210231961314,20
449,449,449,13.016000390052795,13.908857757745173,20
450,450,450,9.380800276994705,19.42797998236317,20
451,451,451,13.21759968996048,13.880561244365282,20
452,452,452,9.443199634552002,19.558075985625607,20
453,453,453,13.143999874591827,14.144807956016017,20
454,454,454,9.356799721717834,20.00185251006315,20
455,455,455,13.383999466896057,14.075968133887786,20
456,456,456,11.236800253391266,16.87647975612696,20
457,457,457,13.209599256515503,14.450702272882838,20
458,458,458,9.435199946165085,20.36457362815045,20
459,459,459,12.44480013847351,15.541041708020812,20
460,460,460,9.42080020904541,20.664062041469162,20
461,461,461,12.425599992275238,15.769408489072152,20
462,462,462,9.520000219345093,20.71662305209143,20
463,463,463,12.55200058221817,15.814665773774239,20
464,464,464,9.904000163078308,20.173130524050887,20
465,465,465,12.567999958992004,16.000099511149905,20
466,466,466,9.560000151395798,21.170438158460733,20
467,467,467,12.439999729394913,16.37420662628164,20
468,468,468,9.433600306510925,21.7315189682679,20
469,469,469,12.545600533485413,16.445878174528435,20
470,470,470,9.387200325727463,22.120120248302943,20
471,471,471,12.68479973077774,16.474380868068085,20
472,472,472,9.515199810266495,22.10233102757196,20
473,473,473,12.601600587368011,16.795297750680817,20
474,474,474,9.36800017952919,22.736213057022425,20
475,475,475,12.521600723266602,17.117919245078962,20
476,476,476,9.489600360393524,22.73018291689737,20
477,477,477,12.518399953842163,17.339489615314523,20
478,478,478,9.516800194978714,22.952116207635537,20
479,479,479,12.454400211572647,17.648740546795448,20
480,480,480,9.431999921798706,23.45038187381788,20
481,481,481,12.569600343704224,17.70694977676669,20
482,482,482,9.464000165462494,23.664447599790947,20
483,483,483,12.547199428081512,17.960754931147015,20
484,484,484,9.839999675750732,23.044696694331915,20
485,485,485,12.65919953584671,18.023908174754823,20
486,486,486,9.455999732017517,24.279031144919106,20
487,487,487,13.11040073633194,17.61979749099801,20
488,488,488,10.95840036869049,21.21007959009028,20
489,489,489,13.195200264453888,17.723136694634988,20
490,490,490,9.494400024414062,24.78281928241392,20
491,491,491,12.852799892425537,18.419452880420046,20
492,492,492,9.728000313043594,24.48509131734159,20
493,493,493,12.664000689983368,18.92342869102566,20
494,494,494,9.534399956464767,25.28817430576927,20
495,495,495,12.998400628566742,18.661892099778076,20
496,496,496,9.486400336027145,25.72607768545914,20
497,497,497,13.089600205421448,18.75740604348693,20
498,498,498,9.359999746084213,26.390169946675293,20
499,499,499,12.860800325870514,19.322514283976297,20
500,500,500,9.68799963593483,25.805120705485724,20
501,501,501,12.63200044631958,19.909989955175874,20
502,502,502,9.404800087213516,26.902434252056835,20
503,503,503,13.342399895191193,19.076557141098395,20
504,504,504,9.511999785900116,26.91843290193791,20
505,505,505,13.299199938774109,19.367725215487113,20
506,506,506,9.572800248861313,27.06715122681276,20
507,507,507,12.676799297332764,20.561001234344783,20
508,508,508,9.759999811649323,26.864039862690586,20
509,509,509,12.60640025138855,20.92147264409993,20
510,510,510,9.457600116729736,28.05172525011943,20
511,511,511,13.13440054655075,20.318069412774392,20
512,512,512,9.467200189828873,28.354260036498946,20
513,513,513,16.259199380874634,16.60668447904077,20
514,514,514,12.716799974441528,21.357062196924847,20
515,515,515,15.812799334526062,17.275989166796556,20
516,516,516,12.865599989891052,21.357433171861487,20
517,517,517,15.820799767971039,17.469206996698144,20
518,518,518,13.382400572299957,20.772331727641937,20
519,519,519,16.539199650287628,16.905093590495333,20
520,520,520,9.646400064229965,29.152429727933786,20
521,521,521,16.6703999042511,16.966690878715692,20
522,522,522,14.01440054178238,20.298641754377893,20
523,523,523,15.84320068359375,18.058935168086293,20
524,524,524,14.107200503349304,20.397785367244314,20
525,525,525,16.00639969110489,18.08065871057996,20
526,526,526,14.428800344467163,20.172373659020824,20
527,527,527,16.64000004529953,17.591728678071092,20
528,528,528,9.489600360393524,31.023003374168617,20
529,529,529,16.947199404239655,17.470248088656597,20
530,530,530,14.921599626541138,19.954563012827606,20
531,531,531,16.728000342845917,17.900680049188484,20
532,532,532,15.062400698661804,19.992665314417913,20
533,533,533,16.37600064277649,18.492846978091887,20
534,534,534,15.166400372982025,20.08034869912378,20
535,535,535,16.886399686336517,18.136533286477178,20
536,536,536,10.841599851846695,28.40736756647039,20
537,537,537,17.057600617408752,18.156616100151624,20
538,538,538,15.41759967803955,20.200404116317145,20
539,539,539,16.516800224781036,18.961398923389343,20
540,540,540,15.769599378108978,19.970577086262338,20
541,541,541,16.42560064792633,19.279711517884717,20
542,542,542,15.76640009880066,20.197392810310806,20
543,543,543,16.21280014514923,19.750198061610206,20
544,544,544,11.104000359773636,28.996610011507947,20
545,545,545,16.547200083732605,19.565681708187157,20
546,546,546,16.356800496578217,19.90258865528759,20
547,547,547,16.53759926557541,19.793359407455124,20
548,548,548,17.236800491809845,19.09479570506077,20
549,549,549,16.553600132465363,19.991922926237354,20
550,550,550,17.228800058364868,19.313591130709323,20
551,551,551,16.977599263191223,19.70645535999725,20
552,552,552,9.68799963593483,34.72267017354613,20
553,553,553,17.081600427627563,19.800530719180127,20
554,554,554,17.364799976348877,19.583463585136077,20
555,555,555,16.66399985551834,20.517748017549106,20
556,556,556,17.547200620174408,19.590545491613767,20
557,557,557,16.648000478744507,20.760294093051613,20
558,558,558,17.608000338077545,19.73433764926531,20
559,559,559,16.993600130081177,20.55796036895045,20
560,560,560,9.50239971280098,36.962452708324236,20
561,561,561,17.231999337673187,20.491932194310362,20
562,562,562,17.852799594402313,19.885321297804285,20
563,563,563,16.892799735069275,21.127764467547944,20
564,564,564,17.94240027666092,19.998009322461453,20
565,565,565,16.654400527477264,21.65939562969313,20
566,566,566,18.07360053062439,20.064789602134233,20
567,567,567,17.372800409793854,20.985017809476233,20
568,568,568,9.681600332260132,37.85540111367537,20
569,569,569,17.443199455738068,21.1222728338865,20
570,570,570,18.195199966430664,20.356247839174383,20
571,571,571,16.993600130081177,21.910532150330255,20
572,572,572,18.31039935350418,20.441853220878446,20
573,573,573,16.87680035829544,22.29480861371064,20
574,574,574,18.222400546073914,20.756784872753386,20
575,575,575,17.475199699401855,21.75761974342497,20
576,576,576,9.468799829483032,40.36477260929354,20
577,577,577,16.98080003261566,22.62555740966577,20
578,578,578,19.223999977111816,20.089528946099296,20
579,579,579,16.82880073785782,23.068136823718557,20
580,580,580,19.339199364185333,20.177877721384057,20
581,581,581,16.85120016336441,23.277029422080435,20
582,582,582,19.366399943828583,20.35870048865959,20
583,583,583,17.099200189113617,23.17714101343262,20
584,584,584,11.035200208425522,36.09843052016871,20
585,585,585,17.215999960899353,23.257623774941226,20
586,586,586,19.569599628448486,20.565577203477403,20
587,587,587,17.044800519943237,23.732985641380047,20
588,588,588,19.443200528621674,20.911934915317335,20
589,589,589,17.01119989156723,24.023757324877877,20
590,590,590,19.87839937210083,20.663534941173157,20
591,591,591,17.24960058927536,23.933895736500848,20
592,592,592,9.47360023856163,43.80060014681404,20
593,593,593,17.38079935312271,23.995197546830312,20
594,594,594,20.110400021076202,20.84340279460877,20
595,595,595,17.192000150680542,24.50498757024053,20
596,596,596,19.95999962091446,21.213300603289355,20
597,597,597,17.292800545692444,24.60864247381857,20
598,598,598,19.85439956188202,21.541542098362928,20
599,599,599,17.448000609874725,24.635693659749723,20
600,600,600,9.556800127029419,45.20341476831538,20
601,601,601,17.452800273895264,24.876443618586126,20
602,602,602,19.98720020055771,21.83069222410775,20
603,603,603,17.372800409793854,25.241322277137897,20
604,604,604,20.231999456882477,21.782213317037453,20
605,605,605,17.259199917316437,25.66111129842357,20
606,606,606,19.916799664497375,22.34746743942973,20
607,607,607,17.351999878883362,25.777840544151996,20
608,608,608,9.808000177145004,45.831098682835425,20
609,609,609,17.377600073814392,25.995134890962213,20
610,610,610,20.41279971599579,22.23908558923783,20
611,611,611,17.427200078964233,26.177369854762905,20
612,612,612,20.503999292850494,22.358655472635203,20
613,613,613,17.41439998149872,26.45470383644834,20
614,614,614,20.348800718784332,22.750779979512103,20
615,615,615,16.48000031709671,28.229171180134873,20
616,616,616,10.065600275993347,46.444303288594945,20
617,617,617,16.32319986820221,28.779297551524692,20
618,618,618,20.153599977493286,23.423014475189305,20
619,619,619,16.260799765586853,29.17158595138021,20
620,620,620,20.19360065460205,23.60430951135858,20
621,621,621,16.153599321842194,29.650736808381946,20
622,622,622,20.40479928255081,23.58678903602695,20
623,623,623,16.29280000925064,29.682358693743197,20
624,624,624,9.672000259160995,50.242063169894216,20
625,625,625,16.32000058889389,29.919193160586396,20
626,626,626,19.53440010547638,25.116141235504568,20
627,627,627,16.236799955368042,30.362125994969524,20
628,628,628,19.44960057735443,25.468199309796724,20
629,629,629,16.21280014514923,30.69897695302891,20
630,630,630,19.337600469589233,25.86122310192827,20
631,631,631,16.388800740242004,30.659911604525387,20
632,632,632,9.841600060462952,51.29978183407818,20
633,633,633,16.353599727153778,31.018997802527664,20
634,634,634,19.223999977111816,26.512703319123368,20
635,635,635,16.254399716854095,31.50505456495024,20
636,636,636,19.13439929485321,26.88973424623765,20
637,637,637,16.19359999895096,31.923087271112582,20
638,638,638,19.089600443840027,27.207910690849477,20
639,639,639,16.37600064277649,31.865792471752428,20
640,640,640,11.17120012640953,46.93211061187105,20
641,641,641,17.769600450992584,29.643291274485385,20
642,642,642,14.446400105953217,36.63324926061783,20
643,643,643,17.688000202178955,30.059668019141096,20
644,644,644,14.451199769973755,36.96440271415403,20
645,645,645,17.737600207328796,30.256192705158536,20
646,646,646,14.441600441932678,37.334662052722194,20
647,647,647,18.009600043296814,30.077294592758808,20
648,648,648,11.336000263690948,48.00596077463503,20
649,649,649,18.12320053577423,30.166796252174446,20
650,650,650,14.460800588130951,37.98199115274504,20
651,651,651,17.468799650669098,31.587110335818934,20
652,652,652,14.484800398349762,38.270159115423844,20
653,653,653,17.560000717639923,31.71356100461746,20
654,654,654,14.4896000623703,38.61062593804134,20
655,655,655,17.657600343227386,31.828942725819772,20
656,656,656,11.079999804496765,50.95675468973018,20
657,657,657,17.776000499725342,31.90744656025205,20
658,658,658,14.644800126552582,38.90668490360118,20
659,659,659,17.51679927110672,32.676195527576915,20
660,660,660,14.640000462532043,39.275408595209356,20
661,661,661,17.62080043554306,32.779984320967564,20
662,662,662,14.62080031633377,39.68558789164125,20
663,663,663,17.67999976873398,32.96767543123887,20
664,664,664,9.995199739933014,58.57910829543103,20
665,665,665,17.686399817466736,33.25488827970211,20
666,666,666,14.657600224018097,40.30786642904081,20
667,667,667,17.478400468826294,33.95516237647193,20
668,668,668,14.633600413799286,40.738796136447306,20
669,669,669,17.478400468826294,34.26152290468791,20
670,670,670,14.638400077819824,41.09233227690198,20
671,671,671,17.423999309539795,34.677654151947905,20
672,672,672,9.788800030946732,62.00237966668325,20
673,673,673,18.848000466823578,32.34520473792953,20
674,674,674,14.902399480342865,41.091640900362655,20
675,675,675,18.955199420452118,32.449869629771946,20
676,676,676,14.897599816322327,41.47188537868244,20
677,677,677,18.835200369358063,32.94774962997383,20
678,678,678,14.894400537014008,41.85005649948528,20
679,679,679,19.167999923229218,32.663485001439966,20
680,680,680,10.972800105810165,57.31116888450494,20
681,681,681,19.3231999874115,32.6882960592188,20
682,682,682,14.988799393177032,42.32688151719443,20
683,683,683,18.931199610233307,33.65998917762966,20
684,684,684,14.959999918937683,42.782554242516916,20
685,685,685,18.97599995136261,33.876383413135486,20
686,686,686,15.004800260066986,43.03007709594913,20
687,687,687,19.254399836063385,33.67985559255867,20
688,688,688,9.8191998898983,66.33140696830706,20
689,689,689,19.3231999874115,33.85389264853491,20
690,690,690,15.052799880504608,43.647560933227204,20
691,691,691,19.02720034122467,34.68081116328475,20
692,692,692,15.025599300861359,44.10790962341231,20
693,693,693,18.822400271892548,35.36345547777861,20
694,694,694,15.10079950094223,44.2698923297596,20
695,695,695,19.672000408172607,34.129968283300215,20
696,696,696,9.638399630784988,69.96048076760248,20
697,697,697,19.672000408172607,34.42546421047522,20
698,698,698,15.0736004114151,45.12105704254563,20
699,699,699,19.038400053977966,35.87823535924058,20
700,700,700,15.057599544525146,45.55839049720416,20
701,701,701,18.99999976158142,36.26022161290055,20
702,702,702,15.089599788188934,45.85256240802143,20
703,703,703,19.45440024137497,35.71725909710644,20
704,704,704,9.692800045013428,71.99440045799824,20
705,705,705,19.02720034122467,36.83175861041537,20
706,706,706,17.044800519943237,41.290693380455224,20
707,707,707,18.62879991531372,37.94052699116648,20
708,708,708,17.105600237846375,41.49458739422545,20
709,709,709,18.55359971523285,38.41851009724958,20
710,710,710,16.98720008134842,42.13890438518806,20
711,711,711,19.302399456501007,37.241528630674594,20
712,712,712,9.731200337409973,74.18285832887658,20
713,713,713,19.29599940776825,37.569144706138076,20
714,714,714,16.991999745368958,42.84302606574649,20
715,715,715,18.572799861431122,39.36141860431748,20
716,716,716,16.963200271129608,43.27741111737245,20
717,717,717,18.70719939470291,39.40748213806632,20
718,718,718,16.915200650691986,43.764923590765406,20
719,719,719,19.047999382019043,39.02719141736987,20
720,720,720,9.839999675750732,75.86341713400991,20
721,721,721,20.027199387550354,37.42963294538256,20
722,722,722,16.918399930000305,44.49203820186478,20
723,723,723,19.7952002286911,38.18431363500178,20
724,724,724,16.888000071048737,44.94356020883567,20
725,725,725,19.860799610614777,38.37490256901132,20
726,726,726,16.888000071048737,45.31705049622696,20
727,727,727,20.454399287700653,37.570458813820665,20
728,728,728,11.048000305891037,69.84582572726177,20
729,729,729,20.24639993906021,38.27055576952937,20
730,730,730,16.868799924850464,46.12266453251546,20
731,731,731,19.857600331306458,39.34190279619761,20
732,732,732,16.8832004070282,46.463130039814494,20
733,733,733,19.670400023460388,40.043195515117695,20
734,734,734,16.732800006866455,47.266076668307136,20
735,735,735,19.71679925918579,40.27685931985259,20
736,736,736,9.755200147628784,81.73861119536538,20
737,737,737,19.9535995721817,40.12464533548119,20
738,738,738,16.71839952468872,48.08441997171184,20
739,739,739,19.844800233840942,40.67397144283441,20
740,740,740,16.820800304412842,48.18129847171324,20
741,741,741,19.937600195407867,40.81424213669529,20
742,742,742,16.835199296474457,48.53147038010413,20
743,743,743,20.30719965696335,40.39674735352806,20
744,744,744,9.915199875831604,83.07059648970699,20
745,745,745,20.343999564647675,40.650180283973185,20
746,746,746,16.84959977865219,49.27843289500482,20
747,747,747,19.947199523448944,41.79360842207369,20
748,748,748,16.791999340057373,49.84623730917441,20
749,749,749,19.894400238990784,42.242012219747686,20
750,750,750,16.82399958372116,50.15157042778397,20
751,751,751,20.257599651813507,41.81786176844318,20
752,752,752,9.612800180912018,88.47765479291455,20
753,753,753,20.419199764728546,41.81924677944655,20
754,754,754,16.857600212097168,50.85671253401643,20
755,755,755,20.028799772262573,42.975003983614435,20
756,756,756,16.753600537776947,51.58069932797064,20
757,757,757,19.832000136375427,43.74728620582619,20
758,758,758,16.26559942960739,53.55099440199509,20
759,759,759,20.614400506019592,42.42136256859086,20
760,760,760,9.537599980831146,92.05166936803022,20
761,761,761,20.843200385570526,42.2882352851243,20
762,762,762,16.020800173282623,55.234535505643585,20
763,763,763,20.070399343967438,44.2636879702657,20
764,764,764,15.95200002193451,55.910700023421896,20
765,765,765,20.080000162124634,44.59134675152611,20
766,766,766,15.828800201416016,56.78953430213777,20
767,767,767,20.32639980316162,44.39720436176961,20
768,768,768,10.85280030965805,83.47796312015119,20
769,769,769,21.60799950361252,42.09150494695003,20
770,770,770,16.708800196647644,54.64581473559019,20
771,771,771,21.22720032930374,43.18176715629394,20
772,772,772,16.896000504493713,54.46255140411844,20
773,773,773,21.142399311065674,43.69323558828562,20
774,774,774,16.872000694274902,54.96500769554141,20
775,775,775,21.806399524211884,42.69245589884452,20
776,776,776,11.032000184059143,84.71511388754612,20
777,777,777,22.0320001244545,42.58328162220039,20
778,778,778,17.956799268722534,52.44931960900637,20
779,779,779,21.167999505996704,44.66450775058646,20
780,780,780,17.235200107097626,55.06776794596947,20
781,781,781,21.382400393486023,44.5580975225892,20
782,782,782,17.33119934797287,55.1850750082029,20
783,783,783,21.913599967956543,43.81285482092926,20
784,784,784,9.668800234794617,99.67944156418623,20
785,785,785,22.144000232219696,43.69008489226435,20
786,786,786,18.44480037689209,52.653067105930965,20
787,787,787,21.478399634361267,45.38917342986628,20
788,788,788,18.492799997329712,52.918311134133674,20
789,789,789,21.512000262737274,45.664658144393464,20
790,790,790,17.759999632835388,55.52241105776264,20
791,791,791,22.152000665664673,44.68342868616017,20
792,792,792,9.601599723100662,103.4813160987656,20
793,793,793,22.148799896240234,45.02973157337077,20
794,794,794,18.561600148677826,53.93567149281105,20
795,795,795,21.70879989862442,46.29089377085635,20
796,796,796,18.598400056362152,54.23674450184427,20
797,797,797,21.542400121688843,47.001408398342484,20
798,798,798,18.457600474357605,55.06345125478031,20
799,799,799,21.593600511550903,47.24384881781484,20
800,800,800,9.625600278377533,106.38297564675135,20
801,801,801,23.03680032491684,44.617515779232264,20
802,802,802,18.515199422836304,55.72174473732762,20
803,803,803,23.030400276184082,44.96505668947857,20
804,804,804,18.755200505256653,55.421264502539955,20
805,805,805,23.08640033006668,45.191984678582706,20
806,806,806,18.769599497318268,55.793051532592486,20
807,807,807,23.718400299549103,44.31647466629452,20
808,808,808,10.940799862146378,96.43063005386367,20
809,809,809,23.868800699710846,44.36545728972585,20
810,810,810,18.932799994945526,56.13971521823274,20
811,811,811,23.110400140285492,46.16205065789143,20
812,812,812,18.929600715637207,56.566151187513604,20
813,813,813,23.06399941444397,46.59797178658183,20
814,814,814,19.00320053100586,56.76445324249299,20
815,815,815,23.59520047903061,45.885888995187784,20
816,816,816,10.937599837779999,99.3524180914414,20
817,817,817,23.793600499629974,45.83909131436253,20
818,818,818,19.16320025920868,57.12442855018225,20
819,819,819,23.231999576091766,47.292808972443666,20
820,820,820,19.24480050802231,57.30046406770068,20
821,821,821,22.801600396633148,48.53937016471111,20
822,822,822,19.195200502872467,57.86990846142872,20
823,823,823,23.948800563812256,46.55279211288103,20
824,824,824,9.667199850082397,115.74731725345089,20
825,825,825,23.80959987640381,47.167161809928835,20
826,826,826,19.32480037212372,58.32505020987878,20
827,827,827,22.95680046081543,49.27596804837232,20
828,828,828,19.380800426006317,58.57999045676928,20
829,829,829,22.912000119686127,49.73138844482554,20
830,830,830,19.29280012845993,59.27465128885297,20
831,831,831,23.364800214767456,49.12142930606364,20
832,832,832,10.979200154542923,104.9129918196626,20
833,833,833,23.45760017633438,49.28121654858243,20
834,834,834,20.081600546836853,57.77365231890077,20
835,835,835,23.041599988937378,50.53319867366111,20
836,836,836,20.254400372505188,57.69383889469674,20
837,837,837,23.13760071992874,50.68600328079358,20
838,838,838,20.137600600719452,58.44593739524018,20
839,839,839,23.99200052022934,49.23221958936125,20
840,840,840,10.999999940395355,107.76436422029606,20
841,841,841,24.348799884319305,48.8585329729592,20
842,842,842,20.188799500465393,59.13652151394531,20
843,843,843,23.131200671195984,51.79818510208145,20
844,844,844,20.203199982643127,59.51647110522194,20
845,845,845,23.401600122451782,51.564946144100425,20
846,846,846,20.212799310684204,59.912110805942994,20
847,847,847,23.824000358581543,51.01119995417751,20
848,848,848,11.132799834012985,109.55019421743944,20
849,849,849,24.086399376392365,50.81374259697746,20
850,850,850,20.21919935941696,60.74671791729233,20
851,851,851,23.420800268650055,52.62800962654916,20
852,852,852,20.244799554347992,61.09916834095507,20
853,853,853,23.398399353027344,53.05067817980452,20
854,854,854,20.207999646663666,61.642505432528544,20
855,855,855,23.815999925136566,52.48793894564273,20
856,856,856,9.619200229644775,130.41042935503225,20
857,857,857,24.027200043201447,52.392521131741,20
858,858,858,20.180800557136536,62.59699264275591,20
859,859,859,23.423999547958374,54.118834633878336,20
860,860,860,20.22719979286194,62.89115710662635,20
861,861,861,23.24959933757782,54.90652735407498,20
862,862,862,20.027199387550354,63.96340452855938,20
863,863,863,23.06559979915619,55.73110195239868,20
864,864,864,9.563200175762177,134.8863418408151,20
865,865,865,23.257599771022797,55.65618390306813,20
866,866,866,20.32800018787384,63.898257575520915,20
867,867,867,23.452800512313843,55.57667730621926,20
868,868,868,20.201599597930908,64.74457914382,20
869,869,869,23.524799942970276,55.7909024170977,20
870,870,870,20.153599977493286,65.34842417586825,20
871,871,871,24.035200476646423,54.98404822061186,20
872,872,872,11.06880009174347,119.80609325388241,20
873,873,873,24.209600687026978,54.9648567608577,20
874,874,874,20.051200687885284,66.59228386291832,20
875,875,875,23.705600202083588,56.52013611037932,20
876,876,876,20.025600492954254,67.136201607189,20
877,877,877,23.686400055885315,56.95471928267139,20
878,878,878,19.918400049209595,67.96089548636797,20
879,879,879,24.12800043821335,56.29570844373629,20
880,880,880,10.971199721097946,124.22925793420914,20
881,881,881,24.49280023574829,55.83664051625814,20
882,882,882,19.79999989271164,69.3059567391779,20
883,883,883,24.01760071516037,57.33007182232216,20
884,884,884,19.791999459266663,69.80670198801592,20
885,885,885,23.681600391864777,58.5394663815133,20
886,886,886,19.569599628448486,71.08029486601623,20
887,887,887,24.782399833202362,56.31933208220073,20
888,888,888,9.988799691200256,140.2024454683725,20
889,889,889,24.65279996395111,56.9992349775587,20
890,890,890,19.460800290107727,72.45015513142575,20
891,891,891,23.77759963274002,59.497004064786545,20
892,892,892,19.43040043115616,73.05379943297125,20
893,893,893,23.769600689411163,59.91871435326508,20
894,894,894,19.26880031824112,74.16310016182908,20
895,895,895,24.216000735759735,59.21022078111594,20
896,896,896,10.939200222492218,131.5129298979264,20
897,897,897,27.462399005889893,52.56163329687322,20
898,898,898,20.177599787712097,71.77769403881217,20
899,899,899,26.85920000076294,54.102333575040326,20
900,900,900,20.283199846744537,71.88214931649503,20
901,901,901,26.77760124206543,54.63018844652738,20
902,902,902,20.33279985189438,72.18590782829412,20
903,903,903,27.908799052238464,52.76574786480774,20
904,904,904,11.382400244474411,129.80799271377455,20
905,905,905,28.060799837112427,52.82940110778214,20
906,906,906,20.59040069580078,72.23535151034395,20
907,907,907,26.691201329231262,55.90925891993111,20
908,908,908,20.710399746894836,72.29346812702073,20
909,909,909,26.969599723815918,55.69896748128145,20
910,910,910,20.798400044441223,72.464324023944,20
911,911,911,27.54879891872406,54.88863839258931,20
912,912,912,10.88000014424324,139.43943344547833,20
913,913,913,27.422401309013367,55.505605685221575,20
914,914,914,21.003200113773346,72.70815303038347,20
915,915,915,26.46079957485199,57.901566642608536,20
916,916,916,21.119999885559082,72.78175190952702,20
917,917,917,26.507198810577393,58.18006033080367,20
918,918,918,21.12320065498352,73.24842902701702,20
919,919,919,27.17919945716858,57.113643852765364,20
920,920,920,9.990400075912476,155.88725057717537,20
921,921,921,27.371200919151306,57.084083618222444,20
922,922,922,21.17599993944168,74.02507085770844,20
923,923,923,26.43679976463318,59.487568389570605,20
924,924,924,21.20320051908493,74.41225896910456,20
925,925,925,26.134398579597473,60.56792335124707,20
926,926,926,21.078400313854218,75.33994650230758,20
927,927,927,25.921601057052612,61.462097286870005,20
928,928,928,9.60640013217926,166.38464794380835,20
929,929,929,26.516801118850708,60.47223308772549,20
930,930,930,21.054400503635406,76.40749494255265,20
931,931,931,26.529601216316223,60.83427220939207,20
932,932,932,21.36159986257553,75.79559332709952,20
933,933,933,26.46079957485199,61.38637154199019,20
934,934,934,21.158400177955627,77.01721275211517,20
935,935,935,27.267199754714966,59.9548455545867,20
936,936,936,9.868799895048141,166.18552705916423,20
937,937,937,27.30720043182373,60.25201704977988,20
938,938,938,21.278400719165802,77.57102452315831,20
939,939,939,26.491200923919678,62.506491976543984,20
940,940,940,21.33760005235672,77.85167947304014,20
941,941,941,26.374399662017822,63.18533363244346,20
942,942,942,21.324799954891205,78.39669209260488,20
943,943,943,27.340799570083618,61.341425282789224,20
944,944,944,9.644799679517746,174.44268661929593,20
945,945,945,27.340799570083618,61.732549030746505,20
946,946,946,21.321600675582886,79.4115365803188,20
947,947,947,26.464000344276428,64.18365416804266,20
948,948,948,21.36480063199997,79.75467748797303,20
949,949,949,26.13759934902191,65.39776951872074,20
950,950,950,21.34079933166504,80.35078599214835,20
951,951,951,27.803200483322144,61.86952120968416,20
952,952,952,9.902399778366089,174.26107353996642,20
953,953,953,27.832001447677612,62.19625840614649,20
954,954,954,21.352000534534454,81.3273362929813,20
955,955,955,26.32479965686798,66.17211802960603,20
956,956,956,21.369600296020508,81.77249961598079,20
957,957,957,26.204800605773926,66.89365862275484,20
958,958,958,21.26079946756363,82.70788813387492,20
959,959,959,27.158400416374207,64.95037008646833,20
960,960,960,10.947199910879135,161.6369495766246,20
961,961,961,27.320000529289246,64.97098563731903,20
962,962,962,22.05439954996109,80.73465124119153,20
963,963,963,26.508799195289612,67.37810644841949,20
964,964,964,22.21280038356781,80.6599193735797,20
965,965,965,26.59200131893158,67.58664864838428,20
966,966,966,22.124800086021423,81.48581614254023,20
967,967,967,28.119999170303345,64.31231078804088,20
968,968,968,11.2015999853611,161.94815618936073,20
969,969,969,28.308799862861633,64.28059214150142,20
970,970,970,22.26240038871765,81.99232643956336,20
971,971,971,26.705598831176758,68.56229787524741,20
972,972,972,22.064000368118286,83.24238874895553,20
973,973,973,26.980799436569214,68.28317442302833,20
974,974,974,22.1328005194664,83.49692784582844,20
975,975,975,28.020799160003662,66.1550992680452,20
976,976,976,9.636799991130829,192.95080874474036,20
977,977,977,28.259199857711792,66.00150306417859,20
978,978,978,22.111999988555908,84.60938426954945,20
979,979,979,27.36639976501465,68.57414545259587,20
980,980,980,22.177599370479584,84.8777168599062,20
981,981,981,27.463999390602112,68.75008461608492,20
982,982,982,22.059200704097748,85.85679786884485,20
983,983,983,28.303998708724976,67.11857902305486,20
984,984,984,9.654399752616882,197.3740322368043,20
985,985,985,28.334400057792664,67.45663384795519,20
986,986,986,21.953600645065308,87.32829493420427,20
987,987,987,27.49119997024536,69.9500061140051,20
988,988,988,21.97279930114746,87.78401502530774,20
989,989,989,27.239999175071716,71.02508798056549,20
990,990,990,21.731199324131012,89.30008744823847,20
991,991,991,27.273601293563843,71.36881268625648,20
992,992,992,9.948799759149551,196.24306682868593,20
993,993,993,27.286401391029358,71.76810477631564,20
994,994,994,21.62880003452301,90.8148193549711,20
995,995,995,27.52639949321747,71.57310023366648,20
996,996,996,21.79200053215027,90.67987443762301,20
997,997,997,27.486398816108704,72.11035389759374,20
998,998,998,21.81279957294464,91.14024897866996,20
999,999,999,28.510400652885437,69.93959931594978,20
1000,1000,1000,9.667199850082397,206.88514058007743,20
1001,1001,1001,28.53280007839203,70.30526259212652,20
1002,1002,1002,21.782399713993073,92.36925418770414,20
1003,1003,1003,27.36639976501465,73.74203663354692,20
1004,1004,1004,21.588799357414246,93.75677148552795,20
1005,1005,1005,27.001601457595825,75.18629045718687,20
1006,1006,1006,21.44480049610138,94.9515213429092,20
1007,1007,1007,27.939200401306152,73.09782157919321,20
1008,1008,1008,9.889599680900574,207.12517089604466,20
1009,1009,1009,27.78880000114441,73.93221218315982,20
1010,1010,1010,21.119999885559082,97.56638310443118,20
1011,1011,1011,26.465600728988647,78.09112980897667,20
1012,1012,1012,20.99519968032837,98.73054257932068,20
1013,1013,1013,25.721600651741028,80.82772227704565,20
1014,1014,1014,20.747199654579163,100.50423781118697,20
1015,1015,1015,27.673599123954773,75.57227163089472,20
1016,1016,1016,9.622400254011154,217.98554795365393,20
1017,1017,1017,27.62399911880493,76.15638188200943,20
1018,1018,1018,20.428800582885742,103.28338442774846,20
1019,1019,1019,25.63999891281128,82.5343138740396,20
1020,1020,1020,20.268799364566803,104.71345449846095,20
1021,1021,1021,25.80159902572632,82.50126357973187,20
1022,1022,1022,19.995200634002686,106.7718866681172,20
1023,1023,1023,26.3264000415802,81.33274320143158,20
1024,1024,1024,11.340799927711487,189.3590982724753,20
1025,1025,1025,34.803199768066406,61.88457568134861,5
1026,1026,1026,33.24800133705139,64.96905272897732,5
1027,1027,1027,33.31199884414673,65.03402501110082,5
1028,1028,1028,32.915198802948,66.0104748875283,5
1029,1029,1029,33.19680094718933,65.64170991857266,5
1030,1030,1030,33.344000577926636,65.5426452171653,5
1031,1031,1031,35.54559946060181,61.66236089025269,5
1032,1032,1032,16.90880060195923,130.003871223444,5
1033,1033,1033,36.108800768852234,61.0545303930922,5
1034,1034,1034,33.958399295806885,65.1095061560517,5
1035,1035,1035,33.56800079345703,66.05802244952925,5
1036,1036,1036,34.278398752212524,64.87669765660972,5
1037,1037,1037,34.62400138378143,64.41529623565472,5
1038,1038,1038,34.25920009613037,65.2897247374041,5
1039,1039,1039,36.05760037899017,62.21280990476228,5
1040,1040,1040,11.923199892044067,188.684918509264,5
1041,1041,1041,36.63359880447388,61.5889215264447,5
1042,1042,1042,34.75840091705322,65.09885714822556,5
1043,1043,1043,34.835198521614075,65.14253141379415,5
1044,1044,1044,34.777599573135376,65.43828199568941,5
1045,1045,1045,35.11039912700653,65.00445186464586,5
1046,1046,1046,34.835198521614075,65.70626174499394,5
1047,1047,1047,36.851200461387634,62.29001002030218,5
1048,1048,1048,12.23680004477501,188.12476918611992,5
1049,1049,1049,36.959999799728394,62.46323892071465,5
1050,1050,1050,35.01439988613129,66.12279540786984,5
1051,1051,1051,35.737600922584534,64.96998237317837,5
1052,1052,1052,35.80160140991211,65.03913580120818,5
1053,1053,1053,35.64159870147705,65.5175928991992,5
1054,1054,1054,34.81599986553192,67.26249244728453,5
1055,1055,1055,35.66719889640808,65.84432819692235,5
1056,1056,1056,11.590400338172913,203.1998173732853,5
1057,1057,1057,37.356799840927124,63.22448379029522,5
1058,1058,1058,35.06560027599335,67.54694644772918,5
1059,1059,1059,37.61279881000519,63.151289804260976,5
1060,1060,1060,35.392001271247864,67.30424713041421,5
1061,1061,1061,37.59999871253967,63.531384143461075,5
1062,1062,1062,35.308799147605896,67.84542985972462,5
1063,1063,1063,38.91200125217438,61.737099524423975,5
1064,1064,1064,17.91359931230545,134.48443531641954,5
1065,1065,1065,39.43040072917938,61.26996442651369,5
1066,1066,1066,35.59040129184723,68.07203358381282,5
1067,1067,1067,37.61279881000519,64.59331937174885,5
1068,1068,1068,35.51360070705414,68.60393808268668,5
1069,1069,1069,37.28640079498291,65.52584765244355,5
1070,1070,1070,35.74399948120117,68.54537924018751,5
1071,1071,1071,38.64960074424744,63.57017342192575,5
1072,1072,1072,16.927999258041382,145.54883057604025,5
1073,1073,1073,39.49440121650696,62.55955168064005,5
1074,1074,1074,35.84640026092529,69.11897512623615,5
1075,1075,1075,37.74079978466034,65.83309744829143,5
1076,1076,1076,35.64159870147705,69.90522431017514,5
1077,1077,1077,37.049600481987,67.43627551975167,5
1078,1078,1078,35.75679957866669,70.06927727096722,5
1079,1079,1079,39.89120125770569,62.982111312445866,5
1080,1080,1080,17.17119961977005,146.7238198721575,5
1081,1081,1081,39.8144006729126,63.455152891924236,5
1082,1082,1082,36.01920008659363,70.33600773779958,5
1083,1083,1083,37.03039884567261,68.60519068637798,5
1084,1084,1084,35.54559946060181,71.66910803751203,5
1085,1085,1085,36.6784006357193,69.64802733280091,5
1086,1086,1086,35.43680012226105,72.2877941338388,5
1087,1087,1087,38.047999143600464,67.51290642919528,5
1088,1088,1088,12.787200510501862,201.43790987593624,5
1089,1089,1089,37.94560134410858,68.06944274190626,5
1090,1090,1090,35.468798875808716,73.02356104780684,5
1091,1091,1091,36.3647997379303,71.42052646287499,5
1092,1092,1092,35.60959994792938,73.13593468638327,5
1093,1093,1093,36.46079897880554,71.624944793943,5
1094,1094,1094,35.59679985046387,73.56496030543812,5
1095,1095,1095,38.95680010318756,67.40452868420125,5
1096,1096,1096,12.23680004477501,215.17598247625963,5
1097,1097,1097,38.80319893360138,68.04282684316698,5
1098,1098,1098,35.75040102005005,74.05529192568184,5
1099,1099,1099,36.21760010719299,73.2999036419521,5
1100,1100,1100,35.654398798942566,74.66119440159932,5
1101,1101,1101,36.985599994659424,72.17042855558465,5
1102,1102,1102,35.9360009431839,74.4809201288623,5
1103,1103,1103,38.63680064678192,69.46329429643234,5
1104,1104,1104,11.615999788045883,231.67577282236863,5
1105,1105,1105,39.078399538993835,69.05260404299244,5
1106,1106,1106,35.71839928627014,75.75361959291627,5
1107,1107,1107,37.22879886627197,72.87756168942684,5
1108,1108,1108,35.51360070705414,76.60455064641252,5
1109,1109,1109,37.273600697517395,73.18520365492058,5
1110,1110,1110,35.7120007276535,76.59223634261288,5
1111,1111,1111,38.975998759269714,70.36795333814786,5
1112,1112,1112,11.635199934244156,236.35810914654903,5
1113,1113,1113,39.155200123786926,70.42486784085695,5
1114,1114,1114,35.73119938373566,77.38164785082925,5
1115,1115,1115,37.82399892807007,73.29716128832015,5
1116,1116,1116,35.42400002479553,78.47385360360771,5
1117,1117,1117,37.727999687194824,73.87980410066754,5
1118,1118,1118,35.27039885520935,79.2401037332531,5
1119,1119,1119,37.31200098991394,75.10549538089684,5
1120,1120,1120,11.667200177907944,240.83378678292618,5
1121,1121,1121,37.6255989074707,74.87958208794379,5
1122,1122,1122,35.417601466178894,79.76078500678815,5
1123,1123,1123,37.83679902553558,74.86087108183712,5
1124,1124,1124,35.44960021972656,80.11569186666294,5
1125,1125,1125,38.18239867687225,74.58033933643031,5
1126,1126,1126,35.50719916820526,80.41346033726944,5
1127,1127,1127,39.78880047798157,71.951673124307,5
1128,1128,1128,17.766399681568146,161.56893661342176,5
1129,1129,1129,39.89759981632233,72.13815846692958,5
1130,1130,1130,35.74399948120117,80.73506160153467,5
1131,1131,1131,38.75199854373932,74.66614086326811,5
1132,1132,1132,35.64159870147705,81.39769375383747,5
1133,1133,1133,38.56000006198883,75.4367030426288,5
1134,1134,1134,35.47520041465759,82.21372039930591,5
1135,1135,1135,39.904001355171204,73.28264461431111,5
1136,1136,1136,17.203199863433838,170.43381087678407,5
1137,1137,1137,40.42879939079285,72.71442017319696,5
1138,1138,1138,35.3983998298645,83.26704478639375,5
1139,1139,1139,39.263999462127686,75.26735122463897,5
1140,1140,1140,35.097599029541016,84.42423647002242,5
1141,1141,1141,38.71360123157501,76.74027596215784,5
1142,1142,1142,34.98240113258362,85.14883139984188,5
1143,1143,1143,40.69119989871979,73.39528992591742,5
1144,1144,1144,13.267199695110321,225.69856765656385,5
1145,1145,1145,40.26879966259003,74.55517112890522,5
1146,1146,1146,34.86720025539398,86.33100019363707,5
1147,1147,1147,38.79680037498474,77.7901016792596,5
1148,1148,1148,34.81599986553192,86.91140842390884,5
1149,1149,1149,38.50240111351013,78.79565456335814,5
1150,1150,1150,34.5088005065918,88.14418221864801,5
1151,1151,1151,39.14240002632141,77.91274678990627,5
1152,1152,1152,16.678400337696075,183.32978907390697,5
1153,1153,1153,49.31840002536774,62.1597041352345,5
1154,1154,1154,36.6784006357193,83.7986519239547,5
1155,1155,1155,48.56320023536682,63.455409344209244,5
1156,1156,1156,36.56319975852966,84.50050467148296,5
1157,1157,1157,48.58880043029785,63.75201195682227,5
1158,1158,1158,36.80639863014221,84.37860642678153,5
1159,1159,1159,49.61920082569122,62.752428620088,5
1160,1160,1160,20.768000185489655,150.31741005959532,5
1161,1161,1161,50.23360252380371,62.30635281466977,5
1162,1162,1162,37.41439878940582,83.87057276164332,5
1163,1163,1163,48.607999086380005,64.72341081987744,5
1164,1164,1164,37.17760145664215,84.84134974867969,5
1165,1165,1165,49.375998973846436,64.04598014665041,5
1166,1166,1166,37.52320110797882,84.49397968143602,5
1167,1167,1167,49.66399967670441,64.00307962894479,5
1168,1168,1168,13.53600025177002,235.43345188570595,5
1169,1169,1169,50.02880096435547,63.86360569137742,5
1170,1170,1170,38.16959857940674,83.92087208714331,5
1171,1171,1171,49.3696004152298,65.04906653061174,5
1172,1172,1172,37.84320056438446,85.07950828636183,5
1173,1173,1173,49.17120039463043,65.64674866779325,5
1174,1174,1174,38.03519904613495,85.08413598873632,5
1175,1175,1175,50.29119849205017,64.5136494512628,5
1176,1176,1176,14.681600034236908,221.55347812327634,5
1177,1177,1177,50.380802154541016,64.72831567859559,5
1178,1178,1178,38.310399651527405,85.33932127407739,5
1179,1179,1179,49.54879879951477,66.15128433814017,5
1180,1180,1180,38.24639916419983,85.91825823634369,5
1181,1181,1181,49.52960014343262,66.51427575550142,5
1182,1182,1182,38.022398948669434,86.86461736564308,5
1183,1183,1183,49.60640072822571,66.74926875144067,5
1184,1184,1184,12.467200309038162,266.2662767673222,5
1185,1185,1185,50.1695990562439,66.33525706013809,5
1186,1186,1186,38.259199261665344,87.20636543334628,5
1187,1187,1187,50.17600059509277,66.6631928876199,5
1188,1188,1188,38.37440013885498,87.38516646165502,5
1189,1189,1189,50.28480291366577,66.85575647521061,5
1190,1190,1190,38.35520148277283,87.87121093637776,5
1191,1191,1191,51.84640288352966,65.16983925751519,5
1192,1192,1192,14.265599846839905,237.44811380997479,5
1193,1193,1193,51.99360251426697,65.31326835966364,5
1194,1194,1194,38.38079869747162,88.70109230489437,5
1195,1195,1195,50.7968008518219,67.18887199128778,5
1196,1196,1196,38.40000033378601,89.10299589215278,5
1197,1197,1197,50.47680139541626,67.9548753323242,5
1198,1198,1198,38.50240111351013,89.31258011317574,5
1199,1199,1199,51.923197507858276,66.39358443744266,5
1200,1200,1200,12.68479973077774,272.45207440008227,5
1201,1201,1201,51.660799980163574,67.06530296337525,5
1202,1202,1202,38.790398836135864,89.54042547158292,5
1203,1203,1203,50.304001569747925,69.21884433333061,5
1204,1204,1204,38.64960074424744,90.31594792139084,5
1205,1205,1205,49.77920055389404,70.29804036750961,5
1206,1206,1206,38.732799887657166,90.57180586415373,5
1207,1207,1207,51.814401149749756,67.87366847753262,5
1208,1208,1208,14.22719955444336,247.8057477515953,5
1209,1209,1209,52.34559774398804,67.5194249435412,5
1210,1210,1210,38.9631986618042,90.93509059032515,5
1211,1211,1211,50.16319751739502,70.80716616536074,5
1212,1212,1212,38.89920115470886,91.53710488393834,5
1213,1213,1213,49.75999891757965,71.73515417298212,5
1214,1214,1214,38.64319920539856,92.60042547150422,5
1215,1215,1215,50.489598512649536,71.04882699951091,5
1216,1216,1216,17.107200622558594,210.20922542160264,5
1217,1217,1217,52.43520140647888,68.75096365234083,5
1218,1218,1218,38.5343998670578,93.78281422489239,5
1219,1219,1219,50.66239833831787,71.5081211475131,5
1220,1220,1220,38.64319920539856,93.98021061083998,5
1221,1221,1221,50.547200441360474,72.02443835091282,5
1222,1222,1222,38.259199261665344,95.39107368764992,5
1223,1223,1223,52.31360197067261,69.93502638283275,5
1224,1224,1224,14.336000382900238,255.8269217385471,5
1225,1225,1225,52.537602186203,69.9790454267344,5
1226,1226,1226,38.841599225997925,94.88647289098098,5
1227,1227,1227,50.02880096435547,73.84882497248549,5
1228,1228,1228,38.58560025691986,95.98421896613628,5
1229,1229,1229,50.624001026153564,73.33801957063704,5
1230,1230,1230,38.30400109291077,97.16306113746461,5
1231,1231,1231,51.89120173454285,71.89694316746716,5
1232,1232,1232,12.134400010108948,308.2079322326891,5
1233,1233,1233,52.748799324035645,71.07332720446789,5
1234,1234,1234,38.18239867687225,98.42655093003323,5
1235,1235,1235,50.47680139541626,74.63439928549246,5
1236,1236,1236,38.1056010723114,99.10523402671335,5
1237,1237,1237,50.82240104675293,74.4875887016335,5
1238,1238,1238,38.067200779914856,99.687564786803,5
1239,1239,1239,52.031999826431274,73.1094297872369,5
1240,1240,1240,14.380800724029541,265.162425457177,5
1241,1241,1241,51.84640288352966,73.7270250086011,5
1242,1242,1242,37.887999415397644,101.13305096924145,5
1243,1243,1243,50.79039931297302,75.62436732051688,5
1244,1244,1244,37.644800543785095,102.27892065789293,5
1245,1245,1245,50.41919946670532,76.54945518420398,5
1246,1246,1246,37.376001477241516,103.51213931634125,5
1247,1247,1247,51.77599787712097,74.90328733410496,5
1248,1248,1248,11.929599940776825,325.8726196435095,5
1249,1249,1249,51.27040147781372,76.00647519185706,5
1250,1250,1250,37.92639970779419,102.99553952117509,5
1251,1251,1251,51.35999917984009,76.2389518015602,5
1252,1252,1252,37.9584014415741,103.40345923264026,5
1253,1253,1253,51.289600133895874,76.71033784098145,5
1254,1254,1254,37.939199805259705,103.95238034127546,5
1255,1255,1255,52.60159969329834,75.15575140395718,5
1256,1256,1256,18.067200481891632,219.3350561406456,5
1257,1257,1257,53.10080051422119,74.80571192022188,5
1258,1258,1258,37.753599882125854,105.46626113620277,5
1259,1259,1259,51.417601108551025,77.62388505005995,5
1260,1260,1260,37.70880103111267,106.09597469564389,5
1261,1261,1261,51.52000188827515,77.83938305547026,5
1262,1262,1262,37.350401282310486,107.6249067745313,5
1263,1263,1263,52.454400062561035,76.81713810841875,5
1264,1264,1264,17.075200378894806,236.54044452633377,5
1265,1265,1265,53.10080051422119,76.24309258606624,5
1266,1266,1266,37.222400307655334,109.02516115182867,5
1267,1267,1267,51.340800523757935,79.23137708220243,5
1268,1268,1268,36.7935985326767,110.81932256174375,5
1269,1269,1269,50.892800092697144,80.30794553562947,5
1270,1270,1270,36.48639917373657,112.28200350745794,5
1271,1271,1271,52.60800123214722,78.0575373673514,5
1272,1272,1272,14.022399485111237,293.54115181003544,5
1273,1273,1273,52.505600452423096,78.57955719863773,5
1274,1274,1274,36.3072007894516,113.90571451604508,5
1275,1275,1275,50.918400287628174,81.41150795358371,5
1276,1276,1276,36.17919981479645,114.84790081787988,5
1277,1277,1277,50.77120065689087,82.03236898307871,5
1278,1278,1278,35.7120007276535,116.89834842457739,5
1279,1279,1279,50.98879933357239,82.06667606791099,5
1280,1280,1280,17.3567995429039,241.65192376809964,5
1281,1281,1281,52.68480181694031,79.7980050605068,5
1282,1282,1282,38.08639943599701,110.64305364652509,5
1283,1283,1283,51.686400175094604,81.72100126321612,5
1284,1284,1284,38.201600313186646,110.82647253755417,5
1285,1285,1285,52.12159752845764,81.41823066115788,5
1286,1286,1286,38.393598794937134,110.78834611776239,5
1287,1287,1287,53.305602073669434,79.98209644284225,5
1288,1288,1288,18.79040002822876,227.42675715152552,5
1289,1289,1289,54.553598165512085,78.51729825417635,5
1290,1290,1290,39.06559944152832,109.90175656785047,5
1291,1291,1291,52.38400101661682,82.1504707254973,5
1292,1292,1292,39.340800046920776,109.64134361414976,5
1293,1293,1293,53.08799743652344,81.43839893696178,5
1294,1294,1294,39.48799967765808,109.740690928232,5
1295,1295,1295,54.67519760131836,79.44177507454069,5
1296,1296,1296,12.729600071907043,342.00325598664193,5
1297,1297,1297,54.598402976989746,79.92267004291391,5
1298,1298,1298,40.14720022678375,108.94286922359537,5
1299,1299,1299,53.53599786758423,81.88635633248204,5
1300,1300,1300,39.955198764801025,109.9731733501209,5
1301,1301,1301,53.619199991226196,82.1375142247676,5
1302,1302,1302,40.089601278305054,110.11112795449165,5
1303,1303,1303,55.136001110076904,80.24684715829636,5
1304,1304,1304,20.416000485420227,217.21614530558824,5
1305,1305,1305,55.78879714012146,79.67361688827985,5
1306,1306,1306,40.91520011425018,108.88670273051763,5
1307,1307,1307,53.89440059661865,82.85392984369062,5
1308,1308,1308,40.33919870853424,110.94965609847696,5
1309,1309,1309,53.60640287399292,83.68204202293764,5
1310,1310,1310,40.3328001499176,111.47706043933539,5
1311,1311,1311,54.233598709106445,83.0939965125956,5
1312,1312,1312,14.348800480365753,314.78635877476955,5
1313,1313,1313,54.32959794998169,83.3273715400562,5
1314,1314,1314,40.780800580978394,111.26545392334569,5
1315,1315,1315,53.90080213546753,84.37465807224861,5
1316,1316,1316,41.03679955005646,111.07700995151629,5
1317,1317,1317,54.201602935791016,84.28983237658422,5
1318,1318,1318,40.672001242637634,112.58503943985035,5
1319,1319,1319,55.852800607681274,82.17116184087679,5
1320,1320,1320,15.833599865436554,290.5173832288943,5
1321,1321,1321,56.65280222892761,81.37988132290259,5
1322,1322,1322,41.312000155448914,111.85312932350293,5
1323,1323,1323,54.48960065841675,84.99549415003126,5
1324,1324,1324,41.017600893974304,113.16801438481781,5
1325,1325,1325,54.079997539520264,86.02822599243171,5
1326,1326,1326,40.99839925765991,113.73487834720281,5
1327,1327,1327,55.94879984855652,83.53182871929963,5
1328,1328,1328,14.323200285434723,327.0274108198602,5
1329,1329,1329,56.78719878196716,82.67124772301318,5
1330,1330,1330,41.523200273513794,113.31674748107821,5
1331,1331,1331,54.34880256652832,86.7709159963051,5
1332,1332,1332,41.152000427246094,114.85547936742917,5
1333,1333,1333,54.22080159187317,87.36842567650325,5
1334,1334,1334,41.16480052471161,115.33774845209851,5
1335,1335,1335,56.838399171829224,83.72052730785691,5
1336,1336,1336,16.03199988603592,297.4826687813335,5
1337,1337,1337,56.56319856643677,84.50652769195256,5
1338,1338,1338,40.97920060157776,116.9054757943607,5
1339,1339,1339,54.21440005302429,88.56396885890018,5
1340,1340,1340,41.00480079650879,117.35718517158897,5
1341,1341,1341,54.182398319244385,89.013956406706,5
1342,1342,1342,40.66559970378876,118.86674268201295,5
1343,1343,1343,55.219197273254395,87.73400290529938,5
1344,1344,1344,18.412800133228302,263.6986842233594,5
1345,1345,1345,57.16480016708374,85.1271627955776,5
1346,1346,1346,40.71680009365082,119.78199320138906,5
1347,1347,1347,54.944002628326416,88.96362864324668,5
1348,1348,1348,40.83839952945709,119.95848124426062,5
1349,1349,1349,54.91200089454651,89.41256952972572,5
1350,1350,1350,40.68480134010315,120.94811423226983,5
1351,1351,1351,56.97280168533325,86.56223594616705,5
1352,1352,1352,21.60640060901642,228.7587139311587,5
1353,1353,1353,58.079999685287476,85.28973796215134,5
1354,1354,1354,41.63199961185455,119.25009065830083,5
1355,1355,1355,55.33440113067627,89.91924821323518,5
1356,1356,1356,41.04959964752197,121.47870076245744,5
1357,1357,1357,55.32799959182739,90.32845255331117,5
1358,1358,1358,41.19040071964264,121.59991979906756,5
1359,1359,1359,56.90879821777344,88.20819829634424,5
1360,1360,1360,15.302400290966034,328.76620035682,5
1361,1361,1361,57.17120170593262,88.19156518581265,5
1362,1362,1362,41.34399890899658,122.22184571750317,5
1363,1363,1363,55.11680245399475,91.88265771090558,5
1364,1364,1364,40.646401047706604,124.8679577324195,5
1365,1365,1365,55.86559772491455,91.05074423524,5
1366,1366,1366,40.78719913959503,124.98509089954185,5
1367,1367,1367,56.81279897689819,89.926844267565,5
1368,1368,1368,16.441600024700165,311.41835686964254,5
1369,1369,1369,57.02400207519531,89.98759524512775,5
1370,1370,1370,40.646401047706604,126.52303444932348,5
1371,1371,1371,55.635201930999756,92.63875106253946,5
1372,1372,1372,40.79999923706055,126.59955373989692,5
1373,1373,1373,55.40480017662048,93.43169215479615,5
1374,1374,1374,40.30719995498657,128.7085993021995,5
1375,1375,1375,56.78719878196716,91.5561757142178,5
1376,1376,1376,19.916799664497375,261.6168681602038,5
1377,1377,1377,56.63999915122986,92.19525678412043,5
1378,1378,1378,40.723198652267456,128.50965732547166,5
1379,1379,1379,56.358402967453,93.06022885405093,5
1380,1380,1380,40.81279933452606,128.7866572669399,5
1381,1381,1381,56.69119954109192,92.91704399695865,5
1382,1382,1382,40.54400026798248,130.204960070722,5
1383,1383,1383,57.99040198326111,91.23057597578129,5
1384,1384,1384,16.29440039396286,325.3867635389889,5
1385,1385,1385,58.668798208236694,90.56744662027224,5
1386,1386,1386,40.73599874973297,130.71978288085808,5
1387,1387,1387,57.523202896118164,92.77187182426738,5
1388,1388,1388,40.62719941139221,131.6380705902251,5
1389,1389,1389,57.235199213027954,93.64261523842181,5
1390,1390,1390,40.72960019111633,131.87553952890357,5
1391,1391,1391,59.0719997882843,91.12335728081402,5
1392,1392,1392,14.78399932384491,364.8847959090038,5
1393,1393,1393,58.45760107040405,92.478836199404,5
1394,1394,1394,40.326398611068726,134.3472800596914,5
1395,1395,1395,58.09919834136963,93.45068271164045,5
1396,1396,1396,39.9616003036499,136.15806751120115,5
1397,1397,1397,56.66559934616089,96.22761620661177,5
1398,1398,1398,39.83359932899475,137.18352536679754,5
1399,1399,1399,58.771198987960815,93.17911651116394,5
1400,1400,1400,16.422399878501892,334.1777109680655,5
1401,1401,1401,59.622400999069214,92.24332314436414,5
1402,1402,1402,39.78239893913269,138.54251535792775,5
1403,1403,1403,57.606399059295654,95.88093934346908,5
1404,1404,1404,39.80799913406372,139.04679080601036,5
1405,1405,1405,57.440000772476196,96.57051141019463,5
1406,1406,1406,39.43679928779602,140.95623712850926,5
1407,1407,1407,57.88800120353699,96.23293549924169,5
1408,1408,1408,18.828800320625305,296.49359114423925,5
1409,1409,1409,76.40320062637329,73.22365833020942,5
1410,1410,1410,58.04799795150757,96.5828658670285,5
1411,1411,1411,74.41920042037964,75.49636424824327,5
1412,1412,1412,58.534401655197144,96.1884446887499,5
1413,1413,1413,74.97599720954895,75.25480425729364,5
1414,1414,1414,58.99519920349121,95.84325444002215,5
1415,1415,1415,78.32319736480713,72.34506430589146,5
1416,1416,1416,19.92959976196289,284.9188473336775,5
1417,1417,1417,79.36000227928162,71.70309050615505,5
1418,1418,1418,60.255998373031616,94.63644148251625,5
1419,1419,1419,75.31520128250122,75.8742726659579,5
1420,1420,1420,60.19200086593628,95.13848879612127,5
1421,1421,1421,76.77440047264099,74.74734920326749,5
1422,1422,1422,60.39680242538452,95.21707549178069,5
1423,1423,1423,78.36800217628479,73.53700201565104,5
1424,1424,1424,14.694400131702423,393.0140731325603,5
1425,1425,1425,78.22080254554749,73.98647241736113,5
1426,1426,1426,61.16480231285095,94.81717152188865,5
1427,1427,1427,76.89599990844727,75.57848227371277,5
1428,1428,1428,61.318397521972656,94.9781752191596,5
1429,1429,1429,76.69119834899902,76.09938693931197,5
1430,1430,1430,61.184000968933105,95.5873088941928,5
1431,1431,1431,79.32159900665283,73.88519716437455,5
1432,1432,1432,15.468800067901611,379.6666263847244,5
1433,1433,1433,79.14239764213562,74.36342149516393,5
1434,1434,1434,61.61280274391174,95.72083634164449,5
1435,1435,1435,77.3311972618103,76.42421117561848,5
1436,1436,1436,61.44639849662781,96.38221046144827,5
1437,1437,1437,76.23040080070496,77.8524164068821,5
1438,1438,1438,61.47199869155884,96.74517618729456,5
1439,1439,1439,76.41599774360657,77.98805504045929,5
1440,1440,1440,14.368000626564026,415.64363443573575,5
1441,1441,1441,77.86239981651306,76.85889795463027,5
1442,1442,1442,61.4080011844635,97.65642359838344,5
1443,1443,1443,78.34240198135376,76.7064892321056,5
1444,1444,1444,61.798399686813354,97.44383023699814,5
1445,1445,1445,79.16160225868225,76.2287785722296,5
1446,1446,1446,61.86239719390869,97.74805610984978,5
1447,1447,1447,80.35839796066284,75.40572484989369,5
1448,1448,1448,20.35840004682541,298.2579559314066,5
1449,1449,1449,82.03520178794861,74.17113099481477,5
1450,1450,1450,62.13120222091675,98.13507194533786,5
1451,1451,1451,79.06559705734253,77.27600788961094,5
1452,1452,1452,61.93919777870178,98.84717651453455,5
1453,1453,1453,79.39199805259705,77.27697380705119,5
1454,1454,1454,62.20160126686096,98.83747689427055,5
1455,1455,1455,82.55360126495361,74.6247608293659,5
1456,1456,1456,20.895999670028687,295.4275329959137,5
1457,1457,1457,84.14080142974854,73.51940890609231,5
1458,1458,1458,62.59840130805969,99.02374013506795,5
1459,1459,1459,82.03520178794861,75.71738744613535,5
1460,1460,1460,62.25280165672302,99.98380529638071,5
1461,1461,1461,79.90400195121765,78.0570460764632,5
1462,1462,1462,62.41919994354248,100.12762518028039,5
1463,1463,1463,86.24640107154846,72.61427278344705,5
1464,1464,1464,23.11680018901825,271.47229013906696,5
1465,1465,1465,84.95360016822815,74.02204541711485,5
1466,1466,1466,62.668800354003906,100.54964123144268,5
1467,1467,1467,79.94239926338196,78.98473381061339,5
1468,1468,1468,62.64960169792175,100.99266862872788,5
1469,1469,1469,79.94239926338196,79.30822037391755,5
1470,1470,1470,62.36799955368042,101.86387322767831,5
1471,1471,1471,82.150399684906,77.49226110180044,5
1472,1472,1472,19.046400487422943,334.919561321432,5
1473,1473,1473,83.07200074195862,76.9455601997012,5
1474,1474,1474,63.85279893875122,100.3096019979303,5
1475,1475,1475,80.81279993057251,79.41927213899136,5
1476,1476,1476,64.33280110359192,99.96698793892448,5
1477,1477,1477,80.59520125389099,79.95806903812259,5
1478,1478,1478,64.10239934921265,100.7346802858685,5
1479,1479,1479,85.9391987323761,75.29102637027927,5
1480,1480,1480,17.267200350761414,375.48553722052,5
1481,1481,1481,85.33120155334473,76.13551858798768,5
1482,1482,1482,64.53120112419128,100.8799498938752,5
1483,1483,1483,80.58879971504211,80.94290021771411,5
1484,1484,1484,64.0832006931305,101.9970247631634,5
1485,1485,1485,82.04799890518188,79.82544775490379,5
1486,1486,1486,64.28800225257874,102.08372141065799,5
1487,1487,1487,84.58880186080933,77.74098298283998,5
1488,1488,1488,15.443199872970581,426.67922439655086,5
1489,1489,1489,84.65920090675354,77.99018024363717,5
1490,1490,1490,63.91040086746216,103.51833050961606,5
1491,1491,1491,81.76640272140503,81.07520107723393,5
1492,1492,1492,63.98720145225525,103.81099384314267,5
1493,1493,1493,81.80480003356934,81.36368906553986,5
1494,1494,1494,63.43680024147034,105.13335386736742,5
1495,1495,1495,84.47359800338745,79.11021796102514,5
1496,1496,1496,17.9967999458313,372.0741405224692,5
1497,1497,1497,84.85119938850403,79.07467418673919,5
1498,1498,1498,63.43039870262146,105.99075713711618,5
1499,1499,1499,81.69599771499634,82.45824993166622,5
1500,1500,1500,63.07839751243591,107.00969374926235,5
1501,1501,1501,80.39039969444275,84.13329237953211,5
1502,1502,1502,62.752002477645874,107.99712755643426,5
1503,1503,1503,80.05759716033936,84.82119492544629,5
1504,1504,1504,14.956800639629364,454.91975803781327,5
1505,1505,1505,79.85919713973999,85.37182308595142,5
1506,1506,1506,62.60480284690857,109.11821651615234,5
1507,1507,1507,80.62080144882202,84.90292285602197,5
1508,1508,1508,62.36159801483154,109.98077731056243,5
1509,1509,1509,80.56319952011108,85.30235267387162,5
1510,1510,1510,62.68159747123718,109.85524105635226,5
1511,1511,1511,84.5632016658783,81.59094648830003,5
1512,1512,1512,16.761599481105804,412.44867256211955,5
1513,1513,1513,81.34400248527527,85.15717425207735,5
1514,1514,1514,62.29119896888733,111.4245608190447,5
1515,1515,1515,78.43199968338013,88.66957081388398,5
1516,1516,1516,61.56799793243408,113.18075016256273,5
1517,1517,1517,78.36800217628479,89.09389842928623,5
1518,1518,1518,61.65120005607605,113.4759365208904,5
1519,1519,1519,80.21759986877441,87.38434868990176,5
1520,1520,1520,15.507200360298157,452.92611411547904,5
1521,1521,1521,80.7744026184082,87.1252190529501,5
1522,1522,1522,55.97440004348755,125.97504020626668,5
1523,1523,1523,78.438401222229,90.07431594612535,5
1524,1524,1524,55.46879768371582,127.62511436367892,5
1525,1525,1525,77.72799730300903,91.25613030203994,5
1526,1526,1526,55.01440167427063,129.18652090555932,5
1527,1527,1527,80.68479895591736,88.25826497864435,5
1528,1528,1528,17.03680008649826,418.80516691949674,5
1529,1529,1529,80.47999739646912,88.83098918084275,5
1530,1530,1530,54.51520085334778,131.39736968537852,5
1531,1531,1531,78.07360291481018,91.92874818178166,5
1532,1532,1532,53.862398862838745,133.51209169707957,5
1533,1533,1533,77.68959999084473,92.74565546545628,5
1534,1534,1534,53.68959903717041,134.46706135767198,5
1535,1535,1535,78.7007987499237,91.91279967799579,5
1536,1536,1536,14.841599762439728,488.34070639353916,5
1537,1537,1537,84.0063989162445,86.44487086323309,5
1538,1538,1538,58.924800157547,123.48121206259346,5
1539,1539,1539,81.56800270080566,89.37705223384111,5
1540,1540,1540,59.6671998500824,122.4211630234549,5
1541,1541,1541,81.93920254707336,89.31947852183981,5
1542,1542,1542,60.441601276397705,121.32412148490725,5
1543,1543,1543,86.89280152320862,84.55591125160781,5
1544,1544,1544,24.614399671554565,299.07673826014,5
1545,1545,1545,88.46719861030579,83.37448642960376,5
1546,1546,1546,62.66239881515503,117.93737251904655,5
1547,1547,1547,81.73440098762512,90.59329433540573,5
1548,1548,1548,63.040000200271606,117.68650317942155,5
1549,1549,1549,83.53919982910156,88.98031478882484,5
1550,1550,1550,63.443201780319214,117.39240440274209,5
1551,1551,1551,86.60479784011841,86.16352082220618,5
1552,1552,1552,17.241600155830383,433.6382440391835,5
1553,1553,1553,88.9087975025177,84.25576505843382,5
1554,1554,1554,64.2304003238678,116.85368439484816,5
1555,1555,1555,84.5632016658783,88.92825250057182,5
1556,1556,1556,64.77439999580383,116.32026282741484,5
1557,1557,1557,84.72959995269775,89.09650689032482,5
1558,1558,1558,65.51679968833923,115.44621013205857,5
1559,1559,1559,89.44000005722046,84.72987201645479,5
1560,1560,1560,19.84640061855316,382.5798010396875,5
1561,1561,1561,88.39679956436157,86.06016280556666,5
1562,1562,1562,65.6000018119812,116.19012874185475,5
1563,1563,1563,84.92799997329712,89.91994508761682,5
1564,1564,1564,65.20320177078247,117.34681856418565,5
1565,1565,1565,83.9680016040802,91.2975669725536,5
1566,1566,1566,65.43359756469727,117.38280146381457,5
1567,1567,1567,82.91839957237244,92.80814108433495,5
1568,1568,1568,16.889600455760956,456.5084226945153,5
1569,1569,1569,83.8208019733429,92.16096525128386,5
1570,1570,1570,65.17120003700256,118.76083293856097,5
1571,1571,1571,84.70399975776672,91.54921661522793,5
1572,1572,1572,65.84960222244263,117.9870831983866,5
1573,1573,1573,84.99199748039246,91.58790550599561,5
1574,1574,1574,66.04800224304199,118.08221570882739,5
1575,1575,1575,89.90079760551453,86.91767991078079,5
1576,1576,1576,19.968000054359436,392.0704091890662,5
1577,1577,1577,90.52799940109253,86.64473000499487,5
1578,1578,1578,66.457599401474,118.2514140561282,5
1579,1579,1579,86.4512026309967,91.07629319637637,5
1580,1580,1580,66.66240096092224,118.33693185795006,5
1581,1581,1581,87.01440095901489,90.83107847542067,5
1582,1582,1582,66.7136013507843,118.69571685035271,5
1583,1583,1583,90.66879749298096,87.50137636505191,5
1584,1584,1584,16.889600455760956,470.6262548258649,5
1585,1585,1585,90.92479944229126,87.5861514003612,5
1586,1586,1586,66.95680022239685,119.16393981639378,5
1587,1587,1587,87.1616005897522,91.71398817726468,5
1588,1588,1588,66.98880195617676,119.55817554760016,5
1589,1589,1589,86.26559972763062,93.01736686854417,5
1590,1590,1590,67.05920100212097,119.88448833062787,5
1591,1591,1591,104.77440357208252,76.87503691165041,5
1592,1592,1592,19.993600249290466,403.6158208317874,5
1593,1593,1593,93.22879910469055,86.7215902343767,5
1594,1594,1594,67.55200028419495,119.91036733067978,5
1595,1595,1595,86.99520230293274,93.28606101449823,5
1596,1596,1596,67.55200028419495,120.36229035104284,5
1597,1597,1597,86.74560189247131,93.90685139400705,5
1598,1598,1598,67.25119948387146,121.35572966185221,5
1599,1599,1599,89.51039910316467,91.34859949150771,5
1600,1600,1600,16.21119976043701,505.3296561055494,5
1601,1601,1601,89.40160274505615,91.80338327272173,5
1602,1602,1602,68.46719980239868,120.09777586539948,5
1603,1603,1603,86.17600202560425,95.59699058158107,5
1604,1604,1604,68.86399984359741,119.8535337294581,5
1605,1605,1605,86.27200126647949,95.84848071923527,5
1606,1606,1606,68.95999908447266,120.13494985479745,5
1607,1607,1607,92.67200231552124,89.5630921811848,5
1608,1608,1608,25.1583993434906,330.52561534092683,5
1609,1609,1609,91.8720006942749,90.68071877223369,5
1610,1610,1610,68.7936007976532,121.32759302061031,5
1611,1611,1611,85.7151985168457,97.55707746924931,5
1612,1612,1612,68.29439997673035,122.67046579008674,5
1613,1613,1613,87.31520175933838,96.12652350198955,5
1614,1614,1614,68.44800114631653,122.85131701691071,5
1615,1615,1615,90.80960154533386,92.77176208943389,5
1616,1616,1616,25.433599948883057,331.85336755171625,5
1617,1617,1617,91.40480160713196,92.51050357665477,5
1618,1618,1618,68.14720034599304,124.31328097102259,5
1619,1619,1619,87.10399866104126,97.43891725370466,5
1620,1620,1620,68.62080097198486,123.91368039366752,5
1621,1621,1621,87.02080249786377,97.89397336584118,5
1622,1622,1622,67.44959950447083,126.5328150011372,5
1623,1623,1623,90.92479944229126,94.03796089126172,5
1624,1624,1624,20.070399343967438,426.8075139508743,5
1625,1625,1625,90.77759981155396,94.53908527891811,5
1626,1626,1626,67.75040030479431,126.90529817270433,5
1627,1627,1627,87.39839792251587,98.55738744360777,5
1628,1628,1628,67.55840182304382,127.73615229388791,5
1629,1629,1629,86.52799725532532,99.91635831450975,5
1630,1630,1630,67.34079718589783,128.62179186993419,5
1631,1631,1631,85.84960103034973,101.07729189017817,5
1632,1632,1632,23.500800132751465,369.91999791039365,5
1633,1633,1633,87.40479946136475,99.64448551649376,5
1634,1634,1634,67.09120273590088,130.05305989738923,5
1635,1635,1635,87.39839792251587,100.01837513943718,5
1636,1636,1636,67.48800277709961,129.7637291315967,5
1637,1637,1637,87.40479946136475,100.37851193604249,5
1638,1638,1638,67.44319796562195,130.32674026638506,5
1639,1639,1639,90.50880074501038,97.2917568845972,5
1640,1640,1640,19.90399956703186,443.22187459309436,5
1641,1641,1641,90.22079706192017,97.96006829705016,5
1642,1642,1642,67.14879870414734,131.85943377797366,5
1643,1643,1643,87.35359907150269,101.5457806923239,5
1644,1644,1644,66.75840020179749,133.1157718150461,5
1645,1645,1645,86.8224024772644,102.54061159308881,5
1646,1646,1646,66.70719981193542,133.70473198013292,5
1647,1647,1647,90.82239866256714,98.38249349918061,5
1648,1648,1648,20.236800611019135,442.3436172576487,5
1649,1649,1649,92.23039746284485,97.23393961966543,5
1650,1650,1650,66.03519916534424,136.0524404190031,5
1651,1651,1651,87.91040182113647,102.38373065695589,5
1652,1652,1652,65.57440161705017,137.5073106828851,5
1653,1653,1653,85.68320274353027,105.42724670363802,5
1654,1654,1654,65.0048017501831,139.2166160705891,5
1655,1655,1655,92.53759980201721,97.9728539469031,5
1656,1656,1656,19.935999810695648,455.58872984775934,5
1657,1657,1657,91.02720022201538,99.9600203434505,5
1658,1658,1658,64.10880088806152,142.18897402115533,5
1659,1659,1659,85.51040291786194,106.79482316054481,5
1660,1660,1660,63.577598333358765,143.89647045223145,5
1661,1661,1661,84.75520014762878,108.13655735619682,5
1662,1662,1662,63.123202323913574,145.45680063702358,5
1663,1663,1663,87.36640214920044,105.28397951298926,5
1664,1664,1664,23.609599471092224,390.30250806595757,5
1665,1665,1665,97.60640263557434,94.57893130706793,5
1666,1666,1666,64.9728000164032,142.33883393766604,5
1667,1667,1667,94.63679790496826,97.89866237130593,5
1668,1668,1668,65.61920046806335,141.44486976060116,5
1669,1669,1669,94.75839734077454,98.12536808280298,5
1670,1670,1670,66.09920263290405,140.92342462483882,5
1671,1671,1671,99.90400075912476,93.40636362000437,5
1672,1672,1672,21.78560048341751,429.11063677660496,5
1673,1673,1673,104.13440465927124,89.93393167842153,5
1674,1674,1674,67.43040084838867,139.13635289065903,5
1675,1675,1675,95.01439929008484,98.92020388725237,5
1676,1676,1676,67.44319796562195,139.60915015921236,5
1677,1677,1677,96.85760140419006,97.38576352554553,5
1678,1678,1678,68.13439726829529,138.68817928763082,5
1679,1679,1679,101.00480318069458,93.72167837469077,5
1680,1680,1680,19.436800479888916,487.90252335060234,5
1681,1681,1681,104.76800203323364,90.67853063558876,5
1682,1682,1682,69.2799985408783,137.37259434820055,5
1683,1683,1683,101.29280090332031,94.12473432440623,5
1684,1684,1684,69.40159797668457,137.6216583832653,5
1685,1685,1685,101.78560018539429,94.00335835886722,5
1686,1686,1686,69.46560144424438,137.98532673316674,5
1687,1687,1687,104.83839511871338,91.59143837643519,5
1688,1688,1688,21.70879989862442,443.10995489942,5
1689,1689,1689,106.34239912033081,90.61758637865516,5
1690,1690,1690,69.89439725875854,138.1171936322878,5
1691,1691,1691,102.5920033454895,94.26431326652886,5
1692,1692,1692,69.6832001209259,139.02822716505395,5
1693,1693,1693,101.95200443267822,95.19301918589119,5
1694,1694,1694,69.37599778175354,140.1396315565072,5
1695,1695,1695,103.0400037765503,94.52207291374843,5
1696,1696,1696,19.526399672031403,499.67240432833796,5
1697,1697,1697,101.7408013343811,96.06835819856143,5
1698,1698,1698,69.47199702262878,140.93967646864547,5
1699,1699,1699,101.02399587631226,97.09247899884251,5
1700,1700,1700,69.77279782295227,140.82852209729887,5
1701,1701,1701,100.9984016418457,97.46045523478561,5
1702,1702,1702,69.99040246009827,140.8867568895839,5
1703,1703,1703,104.35839891433716,94.65564781334439,5
1704,1704,1704,21.580800414085388,458.53365668223205,5
1705,1705,1705,104.57600355148315,94.79187302390855,5
1706,1706,1706,70.00319957733154,141.8564821602193,5
1707,1707,1707,101.60000324249268,97.91220638307469,5
1708,1708,1708,69.86240148544312,142.64287531078412,5
1709,1709,1709,101.13279819488525,98.71068373647432,5
1710,1710,1710,70.36799788475037,142.11605133883194,5
1711,1711,1711,105.03679513931274,95.37588088738735,5
1712,1712,1712,19.58400011062622,512.436284687046,5
1713,1713,1713,106.03519678115845,94.80953965453818,5
1714,1714,1714,70.67520022392273,142.4936138290722,5
1715,1715,1715,102.38080024719238,98.53802398147066,5
1716,1716,1716,70.70080041885376,142.94123025663825,5
1717,1717,1717,101.61279439926147,99.63054048313408,5
1718,1718,1718,70.99519968032837,142.8467911867854,5
1719,1719,1719,107.69280195236206,94.3345862845495,5
1720,1720,1720,20.960000157356262,485.5389276525482,5
1721,1721,1721,107.81439542770386,94.55747241875638,5
1722,1722,1722,71.0528016090393,143.73026629115748,5
1723,1723,1723,102.47039794921875,99.8360535212306,5
1724,1724,1724,70.8736002445221,144.59633506189894,5
1725,1725,1725,102.27199792861938,100.37846583543892,5
1726,1726,1726,70.19519805908203,146.50247647060328,5
1727,1727,1727,105.56800365447998,97.58311997370835,5
1728,1728,1728,19.37279999256134,532.6829734453692,5
1729,1729,1729,104.66560125350952,98.7668045106976,5
1730,1730,1730,72.00639843940735,143.81269198894861,5
1731,1731,1731,101.20960474014282,102.49424260309942,5
1732,1732,1732,72.3583996295929,143.6100078110374,5
1733,1733,1733,101.73439979553223,102.31936979940919,5
1734,1734,1734,72.68480062484741,143.46093981628624,5
1735,1735,1735,106.02879524230957,98.51550917020937,5
1736,1736,1736,26.72640085220337,391.50623272708145,5
1737,1737,1737,107.74400234222412,97.28286380811674,5
1738,1738,1738,73.35039973258972,143.14521232711073,5
1739,1739,1739,102.40639448165894,102.70738356952664,5
1740,1740,1740,72.91520237922668,144.49727431603054,5
1741,1741,1741,103.0400037765503,102.4284128025422,5
1742,1742,1742,73.07519912719727,144.6786475066222,5
1743,1743,1743,106.45120143890381,99.48820371067724,5
1744,1744,1744,25.350400805473328,418.48953984622875,5
1745,1745,1745,107.32799768447876,99.0155176586961,5
1746,1746,1746,73.49759936332703,144.8403480415134,5
1747,1747,1747,103.47520112991333,103.05579819662952,5
1748,1748,1748,73.11999797821045,146.08919966304182,5
1749,1749,1749,103.929603099823,102.95801368280434,5
1750,1750,1750,72.81919717788696,147.19676150528844,5
1751,1751,1751,107.05280303955078,100.29756528685337,5
1752,1752,1752,22.086399793624878,486.9757912787819,5
1753,1753,1753,107.55840539932251,100.16855041686834,5
1754,1754,1754,73.00480008125305,147.83162361910766,5
1755,1755,1755,105.44639825820923,102.52495987133776,5
1756,1756,1756,73.17119836807251,148.00056133459864,5
1757,1757,1757,104.58879470825195,103.7194301383809,5
1758,1758,1758,72.25599884986877,150.38783211035403,5
1759,1759,1759,104.56960201263428,104.09312791192279,5
1760,1760,1760,26.291200518608093,414.7224845165517,5
1761,1761,1761,105.70880174636841,103.32297766657096,5
1762,1762,1762,72.2432017326355,151.44352954469852,5
1763,1763,1763,105.50400018692017,103.87666699445856,5
1764,1764,1764,72.48640060424805,151.44997401563123,5
1765,1765,1765,106.387197971344,103.36529638615012,5
1766,1766,1766,72.56320118904114,151.8048544096427,5
1767,1767,1767,108.48640203475952,101.7101601587322,5
1768,1768,1768,22.022399306297302,501.89416285987613,5
1769,1769,1769,109.31839942932129,101.27919248541764,5
1770,1770,1770,72.0960021018982,153.82913998927552,5
1771,1771,1771,107.89120197296143,102.96737656870383,5
1772,1772,1772,71.8720018863678,154.83224348744216,5
1773,1773,1773,107.3855996131897,103.80305994613889,5
1774,1774,1774,71.45599722862244,156.2615606955299,5
1775,1775,1775,108.83840322494507,102.76445095288327,5
1776,1776,1776,21.2351992726326,527.5972694279807,5
1777,1777,1777,109.40799713134766,102.57539814504567,5
1778,1778,1778,70.78400254249573,158.81449904236572,5
1779,1779,1779,108.62720012664795,103.66192136841813,5
1780,1780,1780,70.25279998779297,160.55593516500284,5
1781,1781,1781,107.62239694595337,104.98302772120917,5
1782,1782,1782,69.45279836654663,162.95336980189037,5
1783,1783,1783,110.93120574951172,102.19515146710555,5
1784,1784,1784,22.060799598693848,514.7463743187413,5
1785,1785,1785,110.34879684448242,103.0806277483102,5
1786,1786,1786,68.39680075645447,166.58602721158385,5
1787,1787,1787,108.7231993675232,104.97392343486553,5
1788,1788,1788,67.88480281829834,168.4069374790676,5
1789,1789,1789,108.58880281448364,105.45713592186871,5
1790,1790,1790,67.20640063285828,170.67835640630636,5
1791,1791,1791,109.2479944229126,105.17276223416161,5
1792,1792,1792,28.2943993806839,406.7649580099274,5
1793,1793,1793,110.87360382080078,103.97829705826854,5
1794,1794,1794,69.49120163917542,166.17568980833394,5
1795,1795,1795,109.8431944847107,105.30529273354342,5
1796,1796,1796,70.57279944419861,164.17674746148185,5
1797,1797,1797,109.47840213775635,106.00974182466132,5
1798,1798,1798,70.6816017627716,164.47226568262403,5
1799,1799,1799,112.15360164642334,103.8269892991114,5
1800,1800,1800,30.43839931488037,383.20017683380087,5
1801,1801,1801,112.68479824066162,103.68258171832177,5
1802,1802,1802,72.58239984512329,161.2363774271967,5
1803,1803,1803,109.53600406646729,107.01885059534168,5
1804,1804,1804,72.91520237922668,161.0354568712716,5
1805,1805,1805,110.04799604415894,106.8758239384975,5
1806,1806,1806,73.5871970653534,160.09618115413707,5
1807,1807,1807,111.3152027130127,106.0107658108816,5
1808,1808,1808,22.623999416828156,522.4634250656807,5
1809,1809,1809,111.63519620895386,106.05827427255751,5
1810,1810,1810,74.53439831733704,159.1142112599765,5
1811,1811,1811,109.10719633102417,108.87594825514012,5
1812,1812,1812,75.08479952812195,158.47200406446393,5
1813,1813,1813,109.59999561309814,108.74589480891942,5
1814,1814,1814,74.85439777374268,159.48671879085904,5
1815,1815,1815,111.17440462112427,107.5610594970333,5
1816,1816,1816,25.548800826072693,468.8209467653987,5
1817,1817,1817,110.94399690628052,108.14114652940557,5
1818,1818,1818,75.49440264701843,159.18307109718702,5
1819,1819,1819,108.3840012550354,111.06134096005025,5
1820,1820,1820,75.40479898452759,159.89878843751072,5
1821,1821,1821,107.20640420913696,112.65205107001157,5
1822,1822,1822,75.23199915885925,160.79498924993644,5
1823,1823,1823,106.70720338821411,113.5523858676847,5
1824,1824,1824,28.73600125312805,422.35550942143874,5
1825,1825,1825,108.0575942993164,112.50279380018463,5
1826,1826,1826,75.27679800987244,161.7600146914197,5
1827,1827,1827,107.25120306015015,113.72173195259751,5
1828,1828,1828,76.17279887199402,160.38311949820826,5
1829,1829,1829,107.48800039291382,113.84425734285706,5
1830,1830,1830,76.05119943618774,161.1673989479213,5
1831,1831,1831,110.9760046005249,110.6282247787999,5
1832,1832,1832,26.495999097824097,464.1155327111206,5
1833,1833,1833,111.19359731674194,110.77394176674801,5
1834,1834,1834,76.15360021591187,162.00840633956193,5
1835,1835,1835,106.98239803314209,115.51167273490823,5
1836,1836,1836,75.78880190849304,163.32135883273418,5
1837,1837,1837,106.52799606323242,116.38411463819098,5
1838,1838,1838,75.78240036964417,163.8695116996373,5
1839,1839,1839,110.91200113296509,112.14931937877539,5
1840,1840,1840,22.592000663280487,551.4787373501645,5
1841,1841,1841,110.8288049697876,112.60008303258272,5
1842,1842,1842,75.88480114936829,164.71914252494625,5
1843,1843,1843,106.16320371627808,117.9320873497744,5
1844,1844,1844,75.67359805107117,165.7174958105813,5
1845,1845,1845,104.38400506973267,120.333112737041,5
1846,1846,1846,75.6928026676178,166.21510934463538,5
1847,1847,1847,112.49920129776001,112.01630501043314,5
1848,1848,1848,25.619199872016907,492.6861278672049,5
1849,1849,1849,112.06400394439697,112.81701218058359,5
1850,1850,1850,75.3600001335144,168.03675660250363,5
1851,1851,1851,105.04319667816162,120.74838259979335,5
1852,1852,1852,75.45599937438965,168.36785042054538,5
1853,1853,1853,104.28800582885742,122.01743482258524,5
1854,1854,1854,74.77120161056519,170.46091882250894,5
1855,1855,1855,108.92800092697144,117.19854069991464,5
1856,1856,1856,29.721599817276,430.2211223693114,5
1857,1857,1857,110.52160263061523,115.8826806810366,5
1858,1858,1858,76.1023998260498,168.5655308284891,5
1859,1859,1859,104.84479665756226,122.55224834825628,5
1860,1860,1860,77.06239819526672,167.0037826669982,5
1861,1861,1861,104.63360548019409,123.19637369697652,5
1862,1862,1862,76.63999795913696,168.46649530032678,5
1863,1863,1863,112.2048020362854,115.2542944625307,5
1864,1864,1864,24.928000569343567,519.6133180424222,5
1865,1865,1865,112.4351978302002,115.38894848206715,5
1866,1866,1866,77.42080092430115,167.84455387778334,5
1867,1867,1867,104.3328046798706,124.75043459184559,5
1868,1868,1868,76.94720029830933,169.42121368237017,5
1869,1869,1869,105.72160482406616,123.50773372887397,5
1870,1870,1870,77.20959782600403,169.38834507949244,5
1871,1871,1871,111.94239854812622,117.01909903572697,5
1872,1872,1872,23.136000335216522,567.0994772604981,5
1873,1873,1873,111.30239963531494,118.06979253869,5
1874,1874,1874,76.92800164222717,171.10169206286594,5
1875,1875,1875,105.86880445480347,124.52765305032058,5
1876,1876,1876,76.83200240135193,171.8645660570165,5
1877,1877,1877,106.3040018081665,124.41513057868687,5
1878,1878,1878,76.61439776420593,172.90452826856202,5
1879,1879,1879,111.45600080490112,119.04382700062348,5
1880,1880,1880,25.61280131340027,518.8555456074691,5
1881,1881,1881,111.96800470352173,118.87826095717989,5
1882,1882,1882,76.98559761047363,173.17267579652133,5
1883,1883,1883,106.7520022392273,125.08491170101219,5
1884,1884,1884,76.38400197029114,175.09360419740554,5
1885,1885,1885,106.51520490646362,125.76287358939416,5
1886,1886,1886,76.35840177536011,175.7107089730824,5
1887,1887,1887,107.2767972946167,125.26792880564824,5
1888,1888,1888,24.620799720287323,546.6807860391842,5
1889,1889,1889,109.22240018844604,123.4281311776747,5
1890,1890,1890,76.31360292434692,176.9348776965185,5
1891,1891,1891,107.8976035118103,125.34089267811854,5
1892,1892,1892,76.5887975692749,176.85939727344697,5
1893,1893,1893,108.2368016242981,125.34496317705637,5
1894,1894,1894,76.5824019908905,177.435672096265,5
1895,1895,1895,113.20960521697998,120.21934644074422,5
1896,1896,1896,25.843200087547302,527.4711423438787,5
1897,1897,1897,113.42079639434814,120.37583035945202,5
1898,1898,1898,76.08320116996765,179.7338357708039,5
1899,1899,1899,108.67199897766113,126.0338590147353,5
1900,1900,1900,75.87199807167053,180.80451745901888,5
1901,1901,1901,108.22399854660034,126.95586548748533,5
1902,1902,1902,75.70559978485107,181.774738660134,5
1903,1903,1903,112.83199787139893,122.15579723855788,5
1904,1904,1904,24.73600059747696,558.0862788873022,5
1905,1905,1905,112.4608039855957,122.94581543068952,5
1906,1906,1906,75.04000067710876,184.54651795098528,5
1907,1907,1907,107.39840269088745,129.1469792704548,5
1908,1908,1908,74.64960217475891,186.09624457847778,5
1909,1909,1909,105.5359959602356,131.83999195158532,5
1910,1910,1910,74.16319847106934,187.90643185968116,5
1911,1911,1911,112.88319826126099,123.6467629991837,5
1912,1912,1912,25.862398743629456,540.5362895598967,5
1913,1913,1913,112.44159936904907,124.5225172228748,5
1914,1914,1914,73.22880029678345,191.50224817510738,5
1915,1915,1915,106.0479998588562,132.44447579109192,5
1916,1916,1916,72.58880138397217,193.79692629979345,5
1917,1917,1917,105.36960363388062,133.7152645553812,5
1918,1918,1918,72.35199809074402,195.04071257715952,5
1919,1919,1919,108.55040550231934,130.20374316057269,5
1920,1920,1920,25.702399015426636,550.7569932092204,5
1921,1921,1921,110.2463960647583,128.60198997953594,5
1922,1922,1922,73.99680018424988,191.900985726981,5
1923,1923,1923,106.61760568618774,133.39480700646126,5
1924,1924,1924,74.67520236968994,190.75186401880717,5
1925,1925,1925,107.19360113143921,133.09242435568927,5
1926,1926,1926,75.44959783554077,189.38340245558166,5
1927,1927,1927,113.6896014213562,125.87932218145411,5
1928,1928,1928,31.443199515342712,455.8525126237864,5
1929,1929,1929,114.79040384292603,125.06076899636831,5
1930,1930,1930,76.93439722061157,186.88797884216015,5
1931,1931,1931,108.48000049591064,132.7477407463955,5
1932,1932,1932,77.01759934425354,187.26705660523973,5
1933,1933,1933,110.51520109176636,130.70841233872767,5
1934,1934,1934,77.79200077056885,185.97923777111006,5
1935,1935,1935,115.48160314559937,125.47583645622585,5
1936,1936,1936,31.110399961471558,466.4879824744477,5
1937,1937,1937,115.90399742126465,125.40661434799895,5
1938,1938,1938,78.8096010684967,184.71926195067704,5
1939,1939,1939,111.90400123596191,130.29201705894363,5
1940,1940,1940,78.86719703674316,185.1564217908843,5
1941,1941,1941,112.62719631195068,129.85639100427582,5
1942,1942,1942,78.85439991950989,185.75980276245622,5
1943,1943,1943,116.97280406951904,125.41904702293867,5
1944,1944,1944,26.739200949668884,549.5033600913175,5
1945,1945,1945,117.69599914550781,125.03370851040246,5
1946,1946,1946,79.53280210494995,185.31570222499047,5
1947,1947,1947,113.9456033706665,129.54787029369572,5
1948,1948,1948,79.19999957084656,186.66877353673672,5
1949,1949,1949,113.919997215271,129.97671225377388,5
1950,1950,1950,79.4368028640747,186.68613873314322,5
1951,1951,1951,113.70240449905396,130.6267599831064,5
1952,1952,1952,26.201599836349487,567.7297153192652,5
1953,1953,1953,115.12320041656494,129.41179797027516,5
1954,1954,1954,79.19359803199768,188.4141862322152,5
1955,1955,1955,114.62399959564209,130.375120417349,5
1956,1956,1956,79.8911988735199,187.34305959903256,5
1957,1957,1957,115.35359621047974,129.94851897506925,5
1958,1958,1958,79.94880080223083,187.78292699020807,5
1959,1959,1959,118.94400119781494,126.4127152826621,5
1960,1960,1960,26.867198944091797,560.5002602368994,5
1961,1961,1961,119.28319931030273,126.4397119561273,5
1962,1962,1962,80.05759716033936,188.67938573958534,5
1963,1963,1963,116.0640001296997,130.34469497082932,5
1964,1964,1964,80.2623987197876,188.7740577115921,5
1965,1965,1965,115.87200164794922,130.96014597300754,5
1966,1966,1966,80.76159954071045,188.18093596993543,5
1967,1967,1967,120.42880058288574,126.39000016880573,5
1968,1968,1968,26.374399662017822,577.9931547012021,5
1969,1969,1969,120.63360214233398,126.56069409239817,5
1970,1970,1970,81.12000226974487,188.49538427223334,5
1971,1971,1971,117.45920181274414,130.37755225353874,5
1972,1972,1972,81.09440207481384,189.1297512971423,5
1973,1973,1973,116.78080558776855,131.5345322091943,5
1974,1974,1974,81.42719864845276,188.93044465913627,5
1975,1975,1975,123.57759475708008,124.6784967799939,5
1976,1976,1976,26.918399333953857,573.2467284017167,5
1977,1977,1977,123.48159551620483,125.1548751163641,5
1978,1978,1978,81.45920038223267,190.0066122841038,5
1979,1979,1979,118.1056022644043,131.24926490190643,5
1980,1980,1980,81.5936028957367,190.2696222378872,5
1981,1981,1981,117.54879951477051,132.27117883110571,5
1982,1982,1982,81.49759769439697,191.07159936654892,5
1983,1983,1983,120.40319442749023,129.526946923256,5
1984,1984,1984,31.084799766540527,502.4662833701846,5
1985,1985,1985,121.7087984085083,128.52557460551236,5
1986,1986,1986,82.8927993774414,188.9952641201724,5
1987,1987,1987,118.34239959716797,132.5815908702892,5
1988,1988,1988,83.41760039329529,188.37420963817362,5
1989,1989,1989,118.09279918670654,133.26341187932087,5
1990,1990,1990,83.03999900817871,189.80248299915877,5
1991,1991,1991,123.94880056381226,127.35073248146085,5
1992,1992,1992,28.47360074520111,555.2078613964685,5
1993,1993,1993,124.34560060501099,127.32728168078,5
1994,1994,1994,83.46239924430847,189.98293496914175,5
1995,1995,1995,117.86880493164062,134.7286057511991,5
1996,1996,1996,82.94399976730347,191.74614097003598,5
1997,1997,1997,119.34720277786255,133.46025357332022,5
1998,1998,1998,82.98239707946777,192.2341188664818,5
1999,1999,1999,122.80960083007812,130.08764697561992,5
2000,2000,2000,27.0143985748291,592.2767429258314,5
2001,2001,2001,122.27840423583984,131.04531500995296,5
2002,2002,2002,82.3743999004364,194.8183906091798,5
2003,2003,2003,117.60640144348145,136.6601465288761,5
2004,2004,2004,82.36799836158752,195.4180318591606,5
2005,2005,2005,117.99039840698242,136.62383098662406,5
2006,2006,2006,81.5999984741211,197.84844036633288,5
2007,2007,2007,121.5872049331665,132.97935991609873,5
2008,2008,2008,28.26879918575287,572.8141799585517,5
2009,2009,2009,121.56800031661987,133.39837305675363,5
2010,2010,2010,81.65760040283203,198.893941529988,5
2011,2011,2011,116.78080558776855,139.28191863495434,5
2012,2012,2012,81.31840229034424,200.32035796569315,5
2013,2013,2013,115.59679508209229,141.12876038141385,5
2014,2014,2014,80.69760203361511,202.46397756892642,5
2015,2015,2015,115.53280353546143,141.62823240914136,5
2016,2016,2016,27.142399549484253,603.7447117423847,5
2017,2017,2017,116.55679941177368,140.80240628452123,5
2018,2018,2018,80.21759986877441,204.8914414154375,5
2019,2019,2019,115.23840427398682,142.8373277268267,5
2020,2020,2020,80.36479949951172,205.12483204913812,5
2021,2021,2021,115.64160585403442,142.76272281135948,5
2022,2022,2022,80.74880242347717,204.75634064874876,5
2023,2023,2023,120.5888032913208,137.31268477719246,5
2024,2024,2024,28.63360047340393,579.1426636480076,5
2025,2025,2025,120.10879516601562,138.27073385462654,5
2026,2026,2026,79.96159791946411,208.00168561853405,5
2027,2027,2027,115.10399580001831,144.71076568826948,5
2028,2028,2028,79.11040186882019,210.86293976436832,5
2029,2029,2029,113.5424017906189,147.13570009561218,5
2030,2030,2030,78.79040241241455,212.3463453381705,5
2031,2031,2031,118.11200380325317,141.8618856886966,5
2032,2032,2032,27.23200023174286,616.1998161427766,5
2033,2033,2033,117.35680103302002,143.1969832687552,5
2034,2034,2034,77.292799949646,217.74279905714658,5
2035,2035,2035,111.59039735794067,151.04154254363024,5
2036,2036,2036,76.24959945678711,221.3735604154379,5
2037,2037,2037,109.36959981918335,154.56332777981837,5
2038,2038,2038,75.52000284194946,224.1715718606425,5
2039,2039,2039,116.3648009300232,145.70016450417538,5
2040,2040,2040,28.42240035533905,597.3924717027107,5
2041,2041,2041,115.22560119628906,147.57406049921863,5
2042,2042,2042,73.6191987991333,231.31623888577937,5
2043,2043,2043,107.89120197296143,158.06985835855258,5
2044,2044,2044,72.4735975265503,235.66378585998933,5
2045,2045,2045,107.96799659729004,158.4217804262686,5
2046,2046,2046,72.19840288162231,237.25714127064487,5
2047,2047,2047,110.63679456710815,155.0543443808343,5
2048,2048,2048,27.084800601005554,634.2992675885596,5
2049,2049,2049,173.3504056930542,99.25011267908081,5
2050,2050,2050,112.39039897918701,153.3071343860144,5
2051,2051,2051,165.50400257110596,104.26018122786174,5
2052,2052,2052,114.08640146255493,151.47054332914362,5
2053,2053,2053,167.193603515625,103.50877898497279,5
2054,2054,2054,115.73760509490967,149.74654878842193,5
2055,2055,2055,172.21759557724,100.78315570382883,5
2056,2056,2056,34.2272013425827,507.84120670639675,5
2057,2057,2057,174.07360076904297,99.99999028626806,5
2058,2058,2058,118.73279809951782,146.8234430842643,5
2059,2059,2059,166.21439456939697,105.03412055994315,5
2060,2060,2060,119.58400011062622,146.20377294475875,5
2061,2061,2061,168.614399433136,103.84110740757484,5
2062,2062,2062,121.1135983467102,144.7781660801121,5
2063,2063,2063,176.22400522232056,99.64662914026104,5
2064,2064,2064,28.992000222206116,606.5699556159095,5
2065,2065,2065,186.2272024154663,94.56861844871581,5
2066,2066,2066,123.44319820404053,142.8741903044984,5
2067,2067,2067,178.71999740600586,98.82760621283701,5
2068,2068,2068,123.83999824523926,142.8304030574385,5
2069,2069,2069,180.31359910964966,98.23878567932167,5
2070,2070,2070,124.78079795837402,142.16519120127572,5
2071,2071,2071,190.5344009399414,93.23884681380869,5
2072,2072,2072,30.220800638198853,588.6989795204954,5
2073,2073,2073,195.7376003265381,91.02352335104422,5
2074,2074,2074,126.34240388870239,141.22354727172868,5
2075,2075,2075,187.67999410629272,95.20643814534783,5
2076,2076,2076,125.55520534515381,142.52049449330684,5
2077,2077,2077,184.87679958343506,96.92974514042614,5
2078,2078,2078,125.36319494247437,143.15172098345846,5
2079,2079,2079,183.296000957489,98.04839158584882,5
2080,2080,2080,35.54559946060181,506.3305802437939,5
2081,2081,2081,179.53280210494995,100.39276762061445,5
2082,2082,2082,126.56639814376831,142.6112380593862,5
2083,2083,2083,177.6128053665161,101.77088040864697,5
2084,2084,2084,127.96159982681274,141.46320015144875,5
2085,2085,2085,179.72480058670044,100.86492343194989,5
2086,2086,2086,128.14079523086548,141.67247892673612,5
2087,2087,2087,186.66239976882935,97.39586027242264,5
2088,2088,2088,30.41279911994934,598.6391082318215,5
2089,2089,2089,187.55840063095093,97.20951915065156,5
2090,2090,2090,128.76800298690796,141.79499236201084,5
2091,2091,2091,182.4512004852295,100.2179163160961,5
2092,2092,2092,129.2799949645996,141.63927977421474,5
2093,2093,2093,182.70080089569092,100.36845281520874,5
2094,2094,2094,129.83039617538452,141.44371201943312,5
2095,2095,2095,189.37599658966064,97.1084777436046,5
2096,2096,2096,29.08799946308136,633.125749860321,5
2097,2097,2097,190.27199745178223,96.92825845628528,5
2098,2098,2098,130.92479705810547,141.0667100427374,5
2099,2099,2099,185.99040508270264,99.44358468263863,5
2100,2100,2100,131.16159439086914,141.2151177790914,5
2101,2101,2101,185.19680500030518,100.15546759550973,5
2102,2102,2102,131.73120021820068,141.0066133553195,5
2103,2103,2103,193.8048005104065,95.98056087883738,5
2104,2104,2104,30.4639995098114,611.4772199231605,5
2105,2105,2105,194.47040557861328,95.92521388792498,5
2106,2106,2106,131.8079948425293,141.7305077307215,5
2107,2107,2107,187.57760524749756,99.73385714843792,5
2108,2108,2108,131.9424033164978,141.98989068783683,5
2109,2109,2109,187.0527982711792,100.29875110877019,5
2110,2110,2110,131.9167971611023,142.4220599978294,5
2111,2111,2111,190.64960479736328,98.68673623529173,5
2112,2112,2112,36.21760010719299,520.2260171915151,5
2113,2113,2113,193.2800054550171,97.62061910946738,5
2114,2114,2114,135.25760173797607,139.69577195819008,5
2115,2115,2115,188.90880346298218,100.16336667818568,5
2116,2116,2116,135.6544017791748,139.6828524801244,5
2117,2117,2117,188.67199420928955,100.57386262081347,5
2118,2118,2118,135.8847975730896,139.84179542806487,5
2119,2119,2119,195.40480375289917,97.3840046535584,5
2120,2120,2120,37.804800271987915,504.0697441303518,5
2121,2121,2121,195.44960260391235,97.6376255963695,5
2122,2122,2122,135.57759523391724,140.95426064334868,5
2123,2123,2123,186.80319786071777,102.44615698853791,5
2124,2124,2124,135.02720594406128,141.92936241263368,5
2125,2125,2125,187.92320489883423,102.12366408039614,5
2126,2126,2126,135.47519445419312,141.8600123028291,5
2127,2127,2127,191.78240299224854,100.35146325066054,5
2128,2128,2128,37.036800384521484,520.3689871670055,5
2129,2129,2129,194.6176052093506,99.16875380949716,5
2130,2130,2130,138.25279474258423,139.79604561329634,5
2131,2131,2131,188.1983995437622,102.84055671525236,5
2132,2132,2132,137.990403175354,140.4567817036547,5
2133,2133,2133,189.15200233459473,102.61045632320128,5
2134,2134,2134,137.42719888687134,141.42967596974563,5
2135,2135,2135,193.79839897155762,100.43230931364162,5
2136,2136,2136,39.20640051364899,497.13777997076204,5
2137,2137,2137,191.66079759597778,101.83809600513534,5
2138,2138,2138,134.8288059234619,144.96742005633078,5
2139,2139,2139,187.15519905090332,104.58284534578378,5
2140,2140,2140,134.67520475387573,145.54043586435256,5
2141,2141,2141,186.58560514450073,105.19663843734897,5
2142,2142,2142,133.68959426879883,147.02486519990396,5
2143,2143,2143,186.84159517288208,105.34718672139017,5
2144,2144,2144,38.38079869747162,513.5589835783817,5
2145,2145,2145,189.81759548187256,103.9861304737948,5
2146,2146,2146,137.29920387268066,143.96308000685337,5
2147,2147,2147,189.0879988670349,104.67962623010642,5
2148,2148,2148,137.80479431152344,143.8362988967686,5
2149,2149,2149,189.65760469436646,104.65716853266571,5
2150,2150,2150,138.42560052871704,143.5915749982712,5
2151,2151,2151,194.924795627594,102.11372974851166,5
2152,2152,2152,34.937599301338196,570.5106250742463,5
2153,2153,2153,195.5072045326233,102.09378831698945,5
2154,2154,2154,137.5424027442932,145.3217053737221,5
2155,2155,2155,189.86239433288574,105.42239193985085,5
2156,2156,2156,136.8000030517578,146.51772211157453,5
2157,2157,2157,188.78079652786255,106.32187253769534,5
2158,2158,2158,136.90240383148193,146.81595108250357,5
2159,2159,2159,193.55520009994507,103.9879649196039,5
2160,2160,2160,34.112000465393066,590.859278993263,5
2161,2161,2161,193.1839942932129,104.4775921309807,5
2162,2162,2162,136.0703945159912,148.5365801127645,5
2163,2163,2163,187.51360177993774,107.93611397722852,5
2164,2164,2164,135.17440557479858,149.93647504360553,5
2165,2165,2165,184.7424030303955,109.85937130340764,5
2166,2166,2166,135.07839441299438,150.45944749580818,5
2167,2167,2167,193.8048005104065,105.01279056246693,5
2168,2168,2168,36.04480028152466,565.4122399020805,5
2169,2169,2169,193.1712031364441,105.64921316757957,5
2170,2170,2170,134.26560163497925,152.2104377527758,5
2171,2171,2171,185.13920307159424,110.53786600823882,5
2172,2172,2172,133.26719999313354,153.7751592068858,5
2173,2173,2173,183.62239599227905,111.75926184332596,5
2174,2174,2174,132.3904037475586,155.2215830324406,5
2175,2175,2175,187.84639835357666,109.54811447205043,5
2176,2176,2176,38.707199692726135,532.371644437828,5
2177,2177,2177,188.29439878463745,109.58923153949692,5
2178,2178,2178,132.83840417861938,155.55356624290008,5
2179,2179,2179,184.10240411758423,112.39376681243264,5
2180,2180,2180,133.70879888534546,154.9670939589225,5
2181,2181,2181,184.7424030303955,112.31309727299687,5
2182,2182,2182,134.86080169677734,154.06659959442095,5
2183,2183,2183,194.30400133132935,107.08027025403952,5
2184,2184,2184,37.15839982032776,560.7004367449165,5
2185,2185,2185,195.29600143432617,106.82944400690099,5
2186,2186,2186,136.48639917373657,153.07035600965693,5
2187,2187,2187,185.5296015739441,112.7620941807602,5
2188,2188,2188,136.4416003227234,153.54127549404757,5
2189,2189,2189,188.44799995422363,111.32065367154789,5
2190,2190,2190,137.60000467300415,152.66655004788208,5
2191,2191,2191,195.11040449142456,107.81438230745175,5
2192,2192,2192,34.55359935760498,609.6187999981502,5
2193,2193,2193,195.25760412216187,108.02839770994554,5
2194,2194,2194,138.79679441452026,152.18099853889922,5
2195,2195,2195,188.4992003440857,112.20806089039536,5
2196,2196,2196,138.9631986618042,152.4148211610043,5
2197,2197,2197,189.3183946609497,112.02819875999474,5
2198,2198,2198,139.4047975540161,152.34750278784904,5
2199,2199,2199,195.97439765930176,108.5191405204484,5
2200,2200,2200,35.814398527145386,594.6211824235658,5
2201,2201,2201,197.0304012298584,108.23229851276552,5
2202,2202,2202,140.11520147323608,152.40411169860775,5
2203,2203,2203,189.3056035041809,112.95618543868271,5
2204,2204,2204,139.75039720535278,153.21867956150507,5
2205,2205,2205,188.19199800491333,113.93433555788172,5
2206,2206,2206,139.09120559692383,154.3642931259117,5
2207,2207,2207,189.11999464035034,113.68405295741697,5
2208,2208,2208,34.94400084018707,616.1047763952819,5
2209,2209,2209,192.15999841690063,112.19000226690217,5
2210,2210,2210,139.37280178070068,154.89192815372752,5
2211,2211,2211,190.4960036277771,113.47765543805833,5
2212,2212,2212,140.1471972465515,154.45463542106359,5
2213,2213,2213,191.23200178146362,113.34794904657564,5
2214,2214,2214,140.3007984161377,154.70441318246571,5
2215,2215,2215,198.67520332336426,109.39753117868842,5
2216,2216,2216,36.28160059452057,599.8640367395179,5
2217,2217,2217,199.4752049446106,109.25420345877838,5
2218,2218,2218,140.5184030532837,155.3035615963046,5
2219,2219,2219,192.00639724731445,113.8115147791288,5
2220,2220,2220,140.2559995651245,156.01540089441644,5
2221,2221,2221,192.0192003250122,114.11192050020121,5
2222,2222,2222,142.22079515457153,154.27624400604205,5
2223,2223,2223,199.53919649124146,110.10832718755779,5
2224,2224,2224,34.48320031166077,638.0089623108539,5
2225,2225,2225,201.66399478912354,109.24251140138662,5
2226,2226,2226,141.8239951133728,155.54489446137407,5
2227,2227,2227,194.57279443740845,113.52944911887968,5
2228,2228,2228,141.72799587249756,156.07017207735956,5
2229,2229,2229,193.37600469589233,114.54011583718739,5
2230,2230,2230,141.93919897079468,156.2579904693105,5
2231,2231,2231,205.51679134368896,108.06408876275013,5
2232,2232,2232,36.07679903507233,616.4311394251005,5
2233,2233,2233,203.76319885253906,109.28748075905324,5
2234,2234,2234,141.88159704208374,157.1641303233001,5
2235,2235,2235,192.8063988685608,115.80868623152804,5
2236,2236,2236,141.45920276641846,158.05716471426206,5
2237,2237,2237,192.58240461349487,116.25492033362615,5
2238,2238,2238,140.71040153503418,159.3250413575018,5
2239,2239,2239,198.5983967781067,113.03593685643858,5
2240,2240,2240,34.97599959373474,642.6935115823435,5
2241,2241,2241,201.15840435028076,111.8967269336892,5
2242,2242,2242,140.87680578231812,159.9916526417222,5
2243,2243,2243,194.29759979248047,116.1583356567715,5
2244,2244,2244,141.20960235595703,160.0421302159883,5
2245,2245,2245,194.27839517593384,116.48084816382737,5
2246,2246,2246,141.72159433364868,159.89070669535846,5
2247,2247,2247,205.3312063217163,110.50559168511653,5
2248,2248,2248,36.93439960479736,615.1596946779354,5
2249,2249,2249,206.82880878448486,109.99864395924831,5
2250,2250,2250,143.04640293121338,159.25776204910798,5
2251,2251,2251,195.33439874649048,116.78249529211429,5
2252,2252,2252,141.7855978012085,161.10278032629142,5
2253,2253,2253,197.4720001220703,115.82653003899804,5
2254,2254,2254,142.43199825286865,160.7993035900465,5
2255,2255,2255,205.66399097442627,111.50937332948922,5
2256,2256,2256,37.04319894313812,619.9244959175927,5
2257,2257,2257,204.6463966369629,112.36228716399869,5
2258,2258,2258,142.43199825286865,161.65689807371822,5
2259,2259,2259,199.09759759902954,115.8010957240821,5
2260,2260,2260,142.7456021308899,161.73074095012106,5
2261,2261,2261,200.3391981124878,115.38935655028482,5
2262,2262,2262,142.2719955444336,162.7003077269036,5
2263,2263,2263,207.05280303955078,111.94444389904015,5
2264,2264,2264,37.12640106678009,625.1387374244323,5
2265,2265,2265,207.60319232940674,111.94393973058425,5
2266,2266,2266,142.35520362854004,163.46936113921288,5
2267,2267,2267,202.19519138336182,115.24278182175124,5
2268,2268,2268,141.7855978012085,164.56104164199624,5
2269,2269,2269,201.89440250396729,115.72020783261144,5
2270,2270,2270,140.99199771881104,165.92548781851022,5
2271,2271,2271,202.34239101409912,115.76959679382138,5
2272,2272,2272,49.36319887638092,475.17291889329215,5
2273,2273,2273,204.40959930419922,114.90184861155639,5
2274,2274,2274,141.375994682312,166.35111003708764,5
2275,2275,2275,202.47681140899658,116.30513927064763,5
2276,2276,2276,141.42080545425415,166.7375679006973,5
2277,2277,2277,203.80799770355225,115.85048738049828,5
2278,2278,2278,141.50400161743164,167.07921778720592,5
2279,2279,2279,210.04159450531006,112.70875815695405,5
2280,2280,2280,37.36959993839264,634.331222145259,5
2281,2281,2281,210.27839183807373,112.87849347962482,5
2282,2282,2282,140.82560539245605,168.7700150108724,5
2283,2283,2283,205.9648036956787,115.54594739964938,5
2284,2284,2284,140.05119800567627,170.14980912219107,5
2285,2285,2285,204.4991970062256,116.68015620263584,5
2286,2286,2286,140.01920223236084,170.6361622625934,5
2287,2287,2287,210.04159450531006,113.8998580845147,5
2288,2288,2288,36.06399893760681,664.2386992480776,5
2289,2289,2289,209.21599864959717,114.6495836495446,5
2290,2290,2290,138.48960399627686,173.42802135996936,5
2291,2291,2291,208.88960361480713,115.1299821811489,5
2292,2292,2292,138.18880319595337,174.26131219801445,5
2293,2293,2293,204.58240509033203,117.86201996869323,5
2294,2294,2294,136.8191957473755,176.46687832151753,5
2295,2295,2295,212.8511905670166,113.5800306570907,5
2296,2296,2296,44.83200013637543,539.9549562447229,5
2297,2297,2297,211.6352081298828,114.53152979689621,5
2298,2298,2298,135.09119749069214,179.66067097504452,5
2299,2299,2299,207.79519081115723,116.95301370129269,5
2300,2300,2300,134.16320085525513,181.37611390364236,5
2301,2301,2301,204.13439273834229,119.3613358099427,5
2302,2302,2302,132.49919414520264,184.13346113836238,5
2303,2303,2303,206.02879524230957,118.57247539242636,5
2304,2304,2304,42.073601484298706,581.3902319992402,5
2305,2305,2305,218.50240230560303,112.09508450045966,5
2306,2306,2306,140.76800346374512,174.22238455144682,5
2307,2307,2307,218.93761157989502,112.16371964959835,5
2308,2308,2308,142.1247959136963,173.0085455245352,5
2309,2309,2309,216.4736032485962,113.73571136858537,5
2310,2310,2310,143.62239837646484,171.64998133076583,5
2311,2311,2311,225.88798999786377,109.27899470101728,5
2312,2312,2312,53.08799743652344,465.58302911225104,5
2313,2313,2313,227.12960243225098,108.96402903440209,5
2314,2314,2314,148.95999431610107,166.36057487632044,5
2315,2315,2315,222.13759422302246,111.70199189736407,5
2316,2316,2316,149.98400211334229,165.6535406571192,5
2317,2317,2317,223.1935977935791,111.4618800536029,5
2318,2318,2318,151.4623999595642,164.4619580215958,5
2319,2319,2319,229.9328088760376,108.47540914201102,5
2320,2320,2320,43.86560022830963,569.3376101093965,5
2321,2321,2321,227.27038860321045,110.03036724532953,5
2322,2322,2322,153.2032012939453,163.43640527431694,5
2323,2323,2323,223.67360591888428,112.088971924082,5
2324,2324,2324,154.23359870910645,162.76438245694513,5
2325,2325,2325,223.4623908996582,112.48495171291238,5
2326,2326,2326,153.96480560302734,163.46985178478428,5
2327,2327,2327,230.51519393920898,109.32502597918113,5
2328,2328,2328,46.33600115776062,544.5783510339397,5
2329,2329,2329,228.33280563354492,110.65477213357595,5
2330,2330,2330,154.48960065841675,163.75648517557158,5
2331,2331,2331,224.90880489349365,112.62903377213581,5
2332,2332,2332,154.53439950942993,164.13094312022264,5
2333,2333,2333,220.59519290924072,115.12725975152536,5
2334,2334,2334,153.66400480270386,165.48567402398294,5
2335,2335,2335,222.00961112976074,114.68823633548897,5
2336,2336,2336,44.41600143909454,573.996246531996,5
2337,2337,2337,220.98560333251953,115.51600249536924,5
2338,2338,2338,154.02239561080933,165.9509115063146,5
2339,2339,2339,219.3471908569336,116.67789470206932,5
2340,2340,2340,156.3264012336731,163.9250171293532,5
2341,2341,2341,218.886399269104,117.22370931989535,5
2342,2342,2342,156.44160509109497,164.22467259294584,5
2343,2343,2343,226.8415927886963,113.40290331130964,5
2344,2344,2344,48.793599009513855,527.8857819645108,5
2345,2345,2345,228.0384063720703,113.0968579385703,5
2346,2346,2346,156.95359706878662,164.52910894856774,5
2347,2347,2347,221.76001071929932,116.59663869122355,5
2348,2348,2348,157.20959901809692,164.68165141124604,5
2349,2349,2349,220.0511932373047,117.80271997909533,5
2350,2350,2350,157.60639905929565,164.68715835728707,5
2351,2351,2351,229.29279804229736,113.34372175617072,5
2352,2352,2352,45.952001214027405,566.2882078801924,5
2353,2353,2353,229.02400493621826,113.76659822736151,5
2354,2354,2354,158.09279680252075,165.0202681946862,5
2355,2355,2355,222.72639274597168,117.28191449584033,5
2356,2356,2356,158.0415964126587,165.4948356995023,5
2357,2357,2357,219.41120624542236,119.35756169494363,5
2358,2358,2358,158.54719877243042,165.3875541606836,5
2359,2359,2359,232.35199451446533,112.99713012089276,5
2360,2360,2360,47.89760112762451,548.8481965924246,5
2361,2361,2361,231.77599906921387,113.5663048275315,5
2362,2362,2362,158.08639526367188,166.7151927402854,5
2363,2363,2363,222.01600074768066,118.8603172975391,5
2364,2364,2364,158.01600217819214,167.2135019477576,5
2365,2365,2365,220.40319442749023,120.03435031293823,5
2366,2366,2366,156.60159587860107,169.15234894882497,5
2367,2367,2367,226.50880813598633,117.0953568837669,5
2368,2368,2368,43.25760006904602,613.921253643549,5
2369,2369,2369,228.22399139404297,116.51018219241458,5
2370,2370,2370,156.35199546813965,170.28312251649697,5
2371,2371,2371,223.88479709625244,119.06936946030902,5
2372,2372,2372,157.59999752044678,169.3627291620806,5
2373,2373,2373,223.78239631652832,119.42556105350855,5
2374,2374,2374,157.80479907989502,169.57113727860778,5
2375,2375,2375,237.34400272369385,112.88664740853501,5
2376,2376,2376,48.29440116882324,555.4852343695325,5
2377,2377,2377,238.09919357299805,112.81312155206801,5
2378,2378,2378,158.60480070114136,169.57007723037012,5
2379,2379,2379,227.9423952102661,118.13761916978922,5
2380,2380,2380,158.28479528427124,170.34197094911534,5
2381,2381,2381,229.45919036865234,117.65292398455244,5
2382,2382,2382,158.3232045173645,170.73033620308863,5
2383,2383,2383,240.5440092086792,112.51426241308141,5
2384,2384,2384,46.45119905471802,583.3803811195182,5
2385,2385,2385,238.31040859222412,113.85500704850591,5
2386,2386,2386,158.2144021987915,171.7098856642996,5
2387,2387,2387,233.241605758667,116.62220004669658,5
2388,2388,2388,159.1040015220642,171.17954220795045,5
2389,2389,2389,231.94880485534668,117.56723538630213,5
2390,2390,2390,157.37600326538086,173.49429032047493,5
2391,2391,2391,242.20800399780273,112.87044396042339,5
2392,2392,2392,48.185598850250244,568.062683231711,5
2393,2393,2393,239.3791913986206,114.49109153502607,5
2394,2394,2394,157.43999481201172,174.29597860928288,5
2395,2395,2395,234.54079627990723,117.14618601878514,5
2396,2396,2396,157.42720365524292,174.74737296512865,5
2397,2397,2397,231.99999332427979,118.72607904561244,5
2398,2398,2398,156.10239505767822,176.67209765622025,5
2399,2399,2399,237.36319541931152,116.33418714817913,5
2400,2400,2400,44.755199551582336,617.7606239501729,5
2401,2401,2401,234.70079898834229,117.94836030095922,5
2402,2402,2402,156.14720582962036,177.5067153378558,5
2403,2403,2403,235.13600826263428,118.02449934849076,5
2404,2404,2404,157.65759944915771,176.24567813466382,5
2405,2405,2405,233.19039344787598,119.30663111222351,5
2406,2406,2406,156.90239667892456,177.53635012346285,5
2407,2407,2407,241.69600009918213,115.39548140869039,5
2408,2408,2408,51.814401149749756,538.95060068903,5
2409,2409,2409,239.37280178070068,116.80611853144244,5
2410,2410,2410,155.57760000228882,179.9426266993972,5
2411,2411,2411,236.31999492645264,118.60995964697548,5
2412,2412,2412,155.6480050086975,180.309391401655,5
2413,2413,2413,231.72481060028076,121.26331194837519,5
2414,2414,2414,155.04640340805054,181.45966155664564,5
2415,2415,2415,240.9856081008911,116.8934816149124,5
2416,2416,2416,47.462400794029236,594.2525898426137,5
2417,2417,2417,236.94078922271729,119.1845925669452,5
2418,2418,2418,153.51680517196655,184.1802090157307,5
2419,2419,2419,233.88159275054932,121.0435237124214,5
2420,2420,2420,152.96640396118164,185.30197001423346,5
2421,2421,2421,228.51200103759766,124.19535426207459,5
2422,2422,2422,151.94239616394043,187.01370791428675,5
2423,2423,2423,240.5440092086792,118.27574516444645,5
2424,2424,2424,51.11680030822754,557.2680973033255,5
2425,2425,2425,235.59041023254395,121.06193635745946,5
2426,2426,2426,150.04160404205322,190.32274237748294,5
2427,2427,2427,231.68001174926758,123.41011531431947,5
2428,2428,2428,150.07359981536865,190.75316071060476,5
2429,2429,2429,228.3519983291626,125.51849507655285,5
2430,2430,2430,148.0064034461975,193.89575945227315,5
2431,2431,2431,231.27679824829102,124.23752922743657,5
2432,2432,2432,44.601601362228394,645.015655432571,5
2433,2433,2433,264.7552013397217,108.7957227213819,5
2434,2434,2434,175.2832055091858,164.5323915900696,5
2435,2435,2435,264.2751932144165,109.26233899892507,5
2436,2436,2436,177.6128053665161,162.7749511210093,5
2437,2437,2437,264.467191696167,109.45227164228073,5
2438,2438,2438,177.87519693374634,162.93549546874192,5
2439,2439,2439,276.2687921524048,105.03488581508758,5
2440,2440,2440,50.3167986869812,577.4128871103484,5
2441,2441,2441,276.0767936706543,105.36671284549209,5
2442,2442,2442,180.29439449310303,161.54173765571036,5
2443,2443,2443,266.3872003555298,109.46796458343674,5
2444,2444,2444,181.20319843292236,161.126784849816,5
2445,2445,2445,268.67198944091797,108.80383292218242,5
2446,2446,2446,181.8943977355957,160.90888689460905,5
2447,2447,2447,277.47840881347656,105.60943235658611,5
2448,2448,2448,46.44480049610138,631.7236476548726,5
2449,2449,2449,277.03680992126465,106.03735188240469,5
2450,2450,2450,183.91679525375366,159.9215012387495,5
2451,2451,2451,269.83680725097656,109.13366490661895,5
2452,2452,2452,184.37119722366333,159.9183563375798,5
2453,2453,2453,271.24478816986084,108.83315971960172,5
2454,2454,2454,184.49280261993408,160.20432725979128,5
2455,2455,2455,278.71999740600586,106.17355419565722,5
2456,2456,2456,50.0544011592865,591.9333554248908,5
2457,2457,2457,278.0416011810303,106.69294040888992,5
2458,2458,2458,185.0816011428833,160.47684718844926,5
2459,2459,2459,271.82719707489014,109.3988293960413,5
2460,2460,2460,185.47199964523315,160.53027981016447,5
2461,2461,2461,270.086407661438,110.37281224225117,5
2462,2462,2462,184.31999683380127,161.92790130585894,5
2463,2463,2463,272.8832006454468,109.50814716083042,5
2464,2464,2464,46.086400747299194,649.2012004160114,5
2465,2465,2465,274.1760015487671,109.25751736397625,5
2466,2466,2466,184.1920018196106,162.83150785978796,5
2467,2467,2467,271.5199947357178,110.59503428183366,5
2468,2468,2468,186.17600202560425,161.4885599480496,5
2469,2469,2469,271.5456008911133,110.85377674768705,5
2470,2470,2470,186.09919548034668,161.9482874292319,5
2471,2471,2471,280.42240142822266,107.6057621228369,5
2472,2472,2472,48.67199957370758,620.720668158459,5
2473,2473,2473,280.8192014694214,107.7148409927865,5
2474,2474,2474,186.39999628067017,162.4737416968532,5
2475,2475,2475,272.39038944244385,111.31759755572071,5
2476,2476,2476,186.9055986404419,162.42751727518944,5
2477,2477,2477,271.9871997833252,111.7530923889583,5
2478,2478,2478,187.53279447555542,162.2768902319471,5
2479,2479,2479,282.47039318084717,107.8665134950715,5
2480,2480,2480,46.803200244903564,651.7926945245977,5
2481,2481,2481,281.75361156463623,108.40287410120119,5
2482,2482,2482,188.4608030319214,162.26105293003766,5
2483,2483,2483,273.06880950927734,112.12128265040762,5
2484,2484,2484,188.78719806671143,162.3724072496055,5
2485,2485,2485,271.12319469451904,113.19897688790564,5
2486,2486,2486,189.0879988670349,162.50600088907612,5
2487,2487,2487,285.6895923614502,107.686914149384,5
2488,2488,2488,49.1456001996994,626.7530850948566,5
2489,2489,2489,283.7440013885498,108.68709888872557,5
2490,2490,2490,188.85760307312012,163.49089206668333,5
2491,2491,2491,273.6128091812134,112.98342952038438,5
2492,2492,2492,189.6191954612732,163.22692911288752,5
2493,2493,2493,273.3695983886719,113.35654914319147,5
2494,2494,2494,187.6031994819641,165.3785204819108,5
2495,2495,2495,277.1008014678955,112.09954855940357,5
2496,2496,2496,45.86879909038544,678.0260327007106,5
2497,2497,2497,280.9727907180786,110.82081957623703,5
2498,2498,2498,192.69119501113892,161.7876726655718,5
2499,2499,2499,277.7535915374756,112.37483852225431,5
2500,2500,2500,193.779194355011,161.2660229289053,5
2501,2501,2501,279.4303894042969,111.96890599014742,5
2502,2502,2502,194.27839517593384,161.2380006929375,5
2503,2503,2503,290.86079597473145,107.82695876526664,5
2504,2504,2504,58.34239721298218,538.2062038584337,5
2505,2505,2505,292.8960084915161,107.33459773628365,5
2506,2506,2506,194.95680332183838,161.44879222316538,5
2507,2507,2507,280.17919063568115,112.47528988324072,5
2508,2508,2508,194.51520442962646,162.20305819545743,5
2509,2509,2509,283.65440368652344,111.36339167471489,5
2510,2510,2510,199.05920028686523,158.8798807310734,5
2511,2511,2511,291.20640754699707,108.73496201106008,5
2512,2512,2512,57.38239884376526,552.4719094145106,5
2513,2513,2513,295.4303979873657,107.43660642313925,5
2514,2514,2514,197.33120203018188,161.03862522025054,5
2515,2515,2515,285.7664108276367,111.3352743517156,5
2516,2516,2516,196.53120040893555,162.08036243466472,5
2517,2517,2517,287.9487991333008,110.75526247024298,5
2518,2518,2518,197.36319780349731,161.78229791245406,5
2519,2519,2519,294.50879096984863,108.54660267602277,5
2520,2520,2520,52.326399087905884,611.6609695658859,5
2521,2521,2521,292.4544095993042,109.5696712725382,5
2522,2522,2522,196.52479887008667,163.2480047325126,5
2523,2523,2523,284.78078842163086,112.79012012019646,5
2524,2524,2524,196.02559804916382,164.05340918758228,5
2525,2525,2525,285.3055953979492,112.85059518405586,5
2526,2526,2526,193.9903974533081,166.16892163313778,5
2527,2527,2527,286.5151882171631,112.6414085299326,5
2528,2528,2528,56.65280222892761,570.3478492278568,5
2529,2529,2529,290.8031940460205,111.24418314635324,5
2530,2530,2530,193.37600469589233,167.49003606179062,5
2531,2531,2531,285.4207992553711,113.61111266802601,5
2532,2532,2532,194.2463994026184,167.13527579323755,5
2533,2533,2533,287.14239597320557,113.19786743380476,5
2534,2534,2534,196.23680114746094,165.83239442201366,5
2535,2535,2535,294.8352098464966,110.50566439117972,5
2536,2536,2536,52.71679759025574,618.7692500886938,5
2537,2537,2537,295.19360065460205,110.63294134283214,5
2538,2538,2538,193.2096004486084,169.22952931987962,5
2539,2539,2539,287.20641136169434,113.9787704696276,5
2540,2540,2540,191.6991949081421,170.9664352826553,5
2541,2541,2541,287.6352071762085,114.07801278616941,5
2542,2542,2542,190.97599983215332,172.01956374032818,5
2543,2543,2543,293.3056116104126,112.13694082910061,5
2544,2544,2544,52.78080105781555,623.8861424617197,5
2545,2545,2545,293.2352066040039,112.42871424549418,5
2546,2546,2546,187.3792052268982,176.15046788159754,5
2547,2547,2547,284.26880836486816,116.24857062609767,5
2548,2548,2548,185.2992057800293,178.54788445923134,5
2549,2549,2549,282.6047897338867,117.20873637418106,5
2550,2550,2550,183.57759714126587,180.64704253907811,5
2551,2551,2551,290.7263994216919,114.20283939829484,5
2552,2552,2552,51.340800523757935,647.4546730259459,5
2553,2553,2553,291.34719371795654,114.22774432561445,5
2554,2554,2554,179.31519746780396,185.81277771496437,5
2555,2555,2555,281.2416076660156,118.61050015620042,5
2556,2556,2556,177.24159955978394,188.42862688527586,5
2557,2557,2557,280.2367925643921,119.3155441154895,5
2558,2558,2558,175.16160011291504,191.11409237196023,5
2559,2559,2559,279.44319248199463,119.93538099934025,5
2560,2560,2560,62.566399574279785,536.3011493119988,5
2561,2561,2561,289.57440853118896,116.01083511625906,5
2562,2562,2562,180.14719486236572,186.69808698212626,5
2563,2563,2563,290.1247978210449,116.06224406494866,5
2564,2564,2564,182.47679471969604,184.74658292735356,5
2565,2565,2565,290.9248113632202,116.01425155815014,5
2566,2566,2566,186.00319623947144,181.66846417249516,5
2567,2567,2567,301.29919052124023,112.28186994951487,5
2568,2568,2568,57.96480178833008,584.3199289748795,5
2569,2569,2569,305.1071882247925,111.13986601002857,5
2570,2570,2570,191.58400297164917,177.20261333627025,5
2571,2571,2571,294.4447994232178,115.43362589042178,5
2572,2572,2572,191.430401802063,177.75915515856838,5
2573,2573,2573,297.99039363861084,114.32654797361144,5
2574,2574,2574,193.71520280838013,176.07265693926468,5
2575,2575,2575,308.33280086517334,110.74954936413656,5
2576,2576,2576,57.40159749984741,595.5847823240613,5
2577,2577,2577,308.3775997161865,110.99168064574384,5
2578,2578,2578,197.3952054977417,173.5969676547794,5
2579,2579,2579,300.03840923309326,114.34236425159676,5
2580,2580,2580,199.30239915847778,172.3362294935975,5
2581,2581,2581,304.4991970062256,112.9296176150407,5
2582,2582,2582,199.41760301589966,172.63753156864053,5
2583,2583,2583,310.4703903198242,111.01534847975232,5
2584,2584,2584,57.94559717178345,595.5072877357999,5
2585,2585,2585,314.09919261932373,109.98787663828787,5
2586,2586,2586,201.1199951171875,171.97301586968968,5
2587,2587,2587,304.3391942977905,113.77881211092958,5
2588,2588,2588,200.04479885101318,173.2987967851103,5
2589,2589,2589,303.00800800323486,114.54391970270788,5
2590,2590,2590,200.58879852294922,173.2298027400793,5
2591,2591,2591,306.5727949142456,113.4745897845598,5
2592,2592,2592,53.64480018615723,649.2431187205227,5
2593,2593,2593,309.2223882675171,112.76299853112178,5
2594,2594,2594,200.32000541687012,174.26717364225917,5
2595,2595,2595,306.7712068557739,113.92721666486543,5
2596,2596,2596,203.02081108093262,172.34691008130943,5
2597,2597,2597,307.96799659729004,113.74707999872818,5
2598,2598,2598,203.16801071166992,172.62039560830104,5
2599,2599,2599,319.30880546569824,109.96081221998074,5
2600,2600,2600,59.04639959335327,595.3284237834713,5
2601,2601,2601,316.51198863983154,111.1887601895759,5
2602,2602,2602,203.13599109649658,173.44628209809963,5
2603,2603,2603,309.1520071029663,114.09862994113341,5
2604,2604,2604,203.15520763397217,173.83009837299693,5
2605,2605,2605,306.21440410614014,115.45893914822234,5
2606,2606,2606,203.8464069366455,173.64015664500224,5
2607,2607,2607,318.52800846099854,111.251394366279,5
2608,2608,2608,55.92319965362549,634.3964516289976,5
2609,2609,2609,319.5904016494751,111.13695803967315,5
2610,2610,2610,205.0175905227661,173.44444400760503,5
2611,2611,2611,306.3103914260864,116.22214348085672,5
2612,2612,2612,204.8448085784912,173.99010550146946,5
2613,2613,2613,302.20160484313965,118.0732339675066,5
2614,2614,2614,205.0623893737793,174.2050465572493,5
2615,2615,2615,319.1231966018677,112.0693109458239,5
2616,2616,2616,59.17440056800842,605.0751921153775,5
2617,2617,2617,319.3664073944092,112.24110424904858,5
2618,2618,2618,204.95998859405518,175.09342340508357,5
2619,2619,2619,300.7999897003174,119.44244198211184,5
2620,2620,2620,205.40800094604492,175.11224409144702,5
2621,2621,2621,301.79200172424316,119.32277169791953,5
2622,2622,2622,204.22399044036865,176.53112946359153,5
2623,2623,2623,307.3920011520386,117.41735828756336,5
2624,2624,2624,61.663997173309326,585.9894736703909,5
2625,2625,2625,309.881591796875,116.7406590376396,5
2626,2626,2626,206.45759105682373,175.42169588732577,5
2627,2627,2627,303.2063961029053,119.5836639069257,5
2628,2628,2628,208.25600624084473,174.30447725968435,5
2629,2629,2629,304.9599885940552,119.16779163569404,5
2630,2630,2630,207.40480422973633,175.4197263420172,5
2631,2631,2631,319.89119052886963,113.86500241466561,5
2632,2632,2632,59.308797121047974,614.849089951593,5
2633,2633,2633,319.6223974227905,114.22084487310978,5
2634,2634,2634,209.06240940093994,174.8241221974345,5
2635,2635,2635,304.9855947494507,119.97548861302705,5
2636,2636,2636,207.4944019317627,176.54679148426897,5
2637,2637,2637,307.1615934371948,119.39701606444086,5
2638,2638,2638,208.79359245300293,175.84790659830398,5
2639,2639,2639,319.55199241638184,115.02881255737594,5
2640,2640,2640,55.44959902763367,663.6565213331974,5
2641,2641,2641,321.1199998855591,114.72758300675612,5
2642,2642,2642,207.85279273986816,177.44859758588876,5
2643,2643,2643,307.6927900314331,120.0063329733135,5
2644,2644,2644,207.68640041351318,177.9943794798166,5
2645,2645,2645,308.9728116989136,119.78067599703347,5
2646,2646,2646,206.68160915374756,179.26589803371576,5
2647,2647,2647,318.886399269104,116.32038284172077,5
2648,2648,2648,59.89760160446167,619.9754679531923,5
2649,2649,2649,317.7472114562988,117.00222553522907,5
2650,2650,2650,207.46240615844727,179.4023827698893,5
2651,2651,2651,308.06400775909424,120.95343812815153,5
2652,2652,2652,206.5023899078369,180.64480334900134,5
2653,2653,2653,308.43520164489746,121.0815041695414,5
2654,2654,2654,205.8880090713501,181.5940845542066,5
2655,2655,2655,310.30399799346924,120.62468737765916,5
2656,2656,2656,54.75199818611145,684.4066714172527,5
2657,2657,2657,314.6048069000244,119.24476029357544,5
2658,2658,2658,206.55360221862793,181.82858212391375,5
2659,2659,2659,309.3760013580322,121.534166169815,5
2660,2660,2660,206.26559257507324,182.49380097797746,5
2661,2661,2661,313.3888006210327,120.24890962064214,5
2662,2662,2662,207.1039915084839,182.16531116183015,5
2663,2663,2663,323.00798892974854,116.93115275305028,5
2664,2664,2664,59.76319909095764,632.7014360534979,5
2665,2665,2665,323.801589012146,116.907577153922,5
2666,2666,2666,204.87680435180664,184.97696072476745,5
2667,2667,2667,312.9728078842163,121.22506802583274,5
2668,2668,2668,204.2815923690796,185.93375361679995,5
2669,2669,2669,313.2927894592285,121.37390293480914,5
2670,2670,2670,204.14719581604004,186.47489057015466,5
2671,2671,2671,320.9728002548218,118.73627731615704,5
2672,2672,2672,55.51999807357788,687.2107028072387,5
2673,2673,2673,324.3839979171753,117.7517716017322,5
2674,2674,2674,201.88159942626953,189.41635174614197,5
2675,2675,2675,314.34879302978516,121.78381020973939,5
2676,2676,2676,201.08799934387207,190.590903868217,5
2677,2677,2677,311.4815950393677,123.18071461381422,5
2678,2678,2678,199.4047999382019,192.63096733832,5
2679,2679,2679,322.81599044799805,119.12230749360786,5
2680,2680,2680,60.153597593307495,639.9893861756847,5
2681,2681,2681,323.69279861450195,119.06590028250729,5
2682,2682,2682,197.57440090179443,195.28803812584187,5
2683,2683,2683,312.25600242614746,123.70328087811795,5
2684,2684,2684,195.83359956741333,197.4650881841562,5
2685,2685,2685,312.30719089508057,123.95980425249252,5
2686,2686,2686,195.38559913635254,198.36062577443607,5
2687,2687,2687,315.1423931121826,123.11930814140945,5
2688,2688,2688,58.36160182952881,665.565168301235,5
2689,2689,2689,316.646409034729,122.8083326652695,5
2690,2690,2690,197.70879745483398,196.9068574649214,5
2691,2691,2691,312.0448112487793,124.8976087313564,5
2692,2692,2692,200.06399154663086,195.02317970550888,5
2693,2693,2693,312.9728078842163,124.8051336410363,5
2694,2694,2694,201.30560398101807,194.2526288124959,5
2695,2695,2695,326.528000831604,119.89080461797558,5
2696,2696,2696,67.98080205917358,576.5053939476342,5
2697,2697,2697,330.8288097381592,118.59585559387419,5
2698,2698,2698,205.38880825042725,191.24014165420476,5
2699,2699,2699,315.51361083984375,124.62941327104961,5
2700,2700,2700,205.66399097442627,191.40929733730124,5
2701,2701,2701,319.1488027572632,123.48395438592357,5
2702,2702,2702,206.84161186218262,190.74278362463966,5
2703,2703,2703,328.68480682373047,120.16790868943919,5
2704,2704,2704,65.55520296096802,603.1743865020613,5
2705,2705,2705,331.4687967300415,119.42332322230422,5
2706,2706,2706,209.24160480499268,189.39361351645692,5
2707,2707,2707,317.38879680633545,124.99803044468419,5
2708,2708,2708,210.66880226135254,188.52795192108107,5
2709,2709,2709,319.84639167785645,124.31271601790193,5
2710,2710,2710,210.52799224853516,189.07234888275036,5
2711,2711,2711,331.01439476013184,120.38480347924592,5
2712,2712,2712,62.23999857902527,640.957859363511,5
2713,2713,2713,332.9216003417969,119.96026137384284,5
2714,2714,2714,212.42880821228027,188.21148141096953,5
2715,2715,2715,318.7648057937622,125.56515343759837,5
2716,2716,2716,211.94241046905518,189.0607703447369,5
2717,2717,2717,318.48320960998535,125.95411756595882,5
2718,2718,2718,211.6607904434204,189.73084424313768,5
2719,2719,2719,318.92480850219727,126.05768145416324,5
2720,2720,2720,68.92160177230835,583.9576412191097,5
2721,2721,2721,323.22559356689453,124.6550506021772,5
2722,2722,2722,210.809588432312,191.339219415778,5
2723,2723,2723,316.1151885986328,127.74018962205173,5
2724,2724,2724,213.05599212646484,189.739412839441,5
2725,2725,2725,318.5215950012207,127.05467034297911,5
2726,2726,2726,212.7039909362793,190.47233751310776,5
2727,2727,2727,327.0143985748291,124.02765548783358,5
2728,2728,2728,62.0415985584259,654.455488695425,5
2729,2729,2729,328.6720037460327,123.67385270030213,5
2730,2730,2730,212.44161128997803,191.54832122062567,5
2731,2731,2731,317.5679922103882,128.27982914289248,5
2732,2732,2732,212.8000020980835,191.64630608040437,5
2733,2733,2733,316.595196723938,128.95689541872648,5
2734,2734,2734,213.83039951324463,191.1419793492384,5
2735,2735,2735,329.5936107635498,124.14327648891744,5
2736,2736,2736,61.28640174865723,668.3656952155372,5
2737,2737,2737,330.5855989456177,124.04248472041192,5
2738,2738,2738,214.30399417877197,191.55789746855962,5
2739,2739,2739,320.35200595855713,128.28581708121575,5
2740,2740,2740,214.46399688720703,191.83475360499605,5
2741,2741,2741,320.16639709472656,128.64157642944093,5
2742,2742,2742,214.7455930709839,192.0030319894429,5
2743,2743,2743,337.05599308013916,122.46313271808792,5
2744,2744,2744,61.61919832229614,670.6042060441432,5
2745,2745,2745,338.95039558410645,122.04525437627116,5
2746,2746,2746,214.9951934814453,192.62064979873153,5
2747,2747,2747,323.6288070678711,128.10285283814525,5
2748,2748,2748,215.07840156555176,192.96714910423336,5
2749,2749,2749,322.6560115814209,128.76992836538378,5
2750,2750,2750,214.29760456085205,194.09339682184373,5
2751,2751,2751,328.2560110092163,126.84959332193591,5
2752,2752,2752,61.51040196418762,677.6831996687235,5
2753,2753,2753,330.77120780944824,126.15978225662244,5
2754,2754,2754,217.2287940979004,192.31112662335485,5
2755,2755,2755,329.1775941848755,127.04703627705632,5
2756,2756,2756,217.8368091583252,192.19247010532135,5
2757,2757,2757,329.55520153045654,127.1780387363317,5
2758,2758,2758,217.33760833740234,193.0535968669687,5
2759,2759,2759,347.25120067596436,120.95987825595833,5
2760,2760,2760,62.32960224151611,674.6257073335238,5
2761,2761,2761,348.24960231781006,120.87558429882864,5
2762,2762,2762,218.82879734039307,192.5735093743138,5
2763,2763,2763,331.2063932418823,127.37199146754081,5
2764,2764,2764,217.42079257965088,194.2419535267238,5
2765,2765,2765,335.64159870147705,125.96202143466299,5
2766,2766,2766,218.47679615020752,193.72300829101022,5
2767,2767,2767,346.51520252227783,122.27429855195457,5
2768,2768,2768,61.88799738883972,685.3648438081285,5
2769,2769,2769,346.0992097854614,122.6869175584685,5
2770,2770,2770,216.9856071472168,195.90177689140447,5
2771,2771,2771,335.699200630188,126.76205347559981,5
2772,2772,2772,216.97919368743896,196.33222232987833,5
2773,2773,2773,336.1088037490845,126.88191251853269,5
2774,2774,2774,215.69280624389648,197.93094814541632,5
2775,2775,2775,344.7103977203369,123.98369481350448,5
2776,2776,2776,62.10560202598572,688.9022528772587,5
2777,2777,2777,346.96319103240967,123.44520679140048,5
2778,2778,2778,216.43519401550293,198.10655147391958,5
2779,2779,2779,336.56959533691406,127.53246541783587,5
2780,2780,2780,215.14880657196045,199.72178644471325,5
2781,2781,2781,335.481595993042,128.22250637824013,5
2782,2782,2782,213.971209526062,201.2546997859303,5
2783,2783,2783,337.77918815612793,127.62528564688873,5
2784,2784,2784,63.36640119552612,681.0494488212618,5
2785,2785,2785,341.38240814208984,126.55067226550946,5
2786,2786,2786,212.73601055145264,203.29763259116774,5
2787,2787,2787,338.5279893875122,127.89286606502705,5
2788,2788,2788,213.93280029296875,202.5960286811826,5
2789,2789,2789,338.97600173950195,127.99900262952387,5
2790,2790,2790,214.29760456085205,202.68671732943284,5
2791,2791,2791,350.2016067504883,124.16276368766083,5
2792,2792,2792,65.36319851875305,665.9520213581862,5
2793,2793,2793,349.84960556030273,124.55507115467933,5
2794,2794,2794,212.90879249572754,204.8875664393962,5
2795,2795,2795,341.0559892654419,128.0412047419361,5
2796,2796,2796,211.49439811706543,206.70102405172196,5
2797,2797,2797,338.97600173950195,129.1036265736335,5
2798,2798,2798,211.29601001739502,207.33939642491748,5
2799,2799,2799,349.3504047393799,125.53864602137186,5
2800,2800,2800,61.74079775810242,711.1019227839238,5
2801,2801,2801,348.03199768066406,126.28452870683226,5
2802,2802,2802,206.91840648651123,212.63525059510928,5
2803,2803,2803,338.83519172668457,129.99024991928331,5
2804,2804,2804,205.39519786834717,214.6711772505123,5
2805,2805,2805,333.0559968948364,132.52912621758688,5
2806,2806,2806,203.00800800323486,217.66060199603504,5
2807,2807,2807,348.9471912384033,126.76446464295776,5
2808,2808,2808,65.03040194511414,680.9337617407568,5
2809,2809,2809,344.9728012084961,128.499180522955,5
2810,2810,2810,200.47359466552734,221.35624431755022,5
2811,2811,2811,333.88800621032715,133.04903032071232,5
2812,2812,2812,197.79839515686035,224.82944121327768,5
2813,2813,2813,330.65600395202637,134.63648946915538,5
2814,2814,2814,197.52320051193237,225.6234111866154,5
2815,2815,2815,329.65760231018066,135.33249783216732,5
2816,2816,2816,63.18719983100891,706.8037373304014,5
2817,2817,2817,360.00640392303467,124.18819370657135,5
2818,2818,2818,259.2832088470459,172.6150145357163,5
2819,2819,2819,353.28640937805176,126.82015873997409,5
2820,2820,2820,261.94560527801514,171.22461723454748,5
2821,2821,2821,353.9007902145386,126.86964415869649,5
2822,2822,2822,264.50560092926025,169.9284716017061,5
2823,2823,2823,377.8752088546753,119.07325614288787,5
2824,2824,2824,95.96160054206848,469.38217155156565,5
2825,2825,2825,379.9488067626953,118.67528058368717,5
2826,2826,2826,274.0288019180298,164.72148780003883,5
2827,2827,2827,359.98079776763916,125.52438031754947,5
2828,2828,2828,275.4431962966919,164.22382441160798,5
2829,2829,2829,364.4223928451538,124.25783504813562,5
2830,2830,2830,277.91359424591064,163.1095957108511,5
2831,2831,2831,377.9455900192261,120.06607718241031,5
2832,2832,2832,72.15359807014465,629.581198318596,5
2833,2833,2833,378.74560356140137,120.06657409721655,5
2834,2834,2834,281.85598850250244,161.51105977865654,5
2835,2835,2835,367.9231882095337,123.86027086731784,5
2836,2836,2836,283.4496021270752,160.9432709365671,5
2837,2837,2837,370.5280065536499,123.25000998106104,5
2838,2838,2838,284.02559757232666,160.95693252562745,5
2839,2839,2839,383.5455894470215,119.31888332748339,5
2840,2840,2840,83.88479948043823,546.1371819894904,5
2841,2841,2841,383.6479902267456,119.53931679635541,5
2842,2842,2842,284.41600799560547,161.41659430333243,5
2843,2843,2843,372.3968029022217,123.41121582095576,5
2844,2844,2844,284.62719917297363,161.63759226693216,5
2845,2845,2845,370.8159923553467,124.19907231472983,5
2846,2846,2846,283.9871883392334,162.34388509430758,5
2847,2847,2847,372.8192090988159,123.79243804942287,5
2848,2848,2848,71.31519913673401,647.8401370711764,5
2849,2849,2849,371.78239822387695,124.39946678204446,5
2850,2850,2850,285.8304023742676,161.97804577616927,5
2851,2851,2851,371.1359977722168,124.87875705995323,5
2852,2852,2852,288.1920099258423,160.9891559031723,5
2853,2853,2853,375.3727912902832,123.7292900062207,5
2854,2854,2854,288.35198879241943,161.23857484981662,5
2855,2855,2855,391.07840061187744,119.01028713726018,5
2856,2856,2856,84.9407970905304,548.5147023325287,5
2857,2857,2857,390.2400016784668,119.51679321800694,5
2858,2858,2858,289.0559911727905,161.52311956782913,5
2859,2859,2859,375.6416082382202,124.42245622684071,5
2860,2860,2860,289.4335985183716,161.6512811211523,5
2861,2861,2861,377.16479301452637,124.1802194410975,5
2862,2862,2862,290.6816005706787,161.29516200527414,5
2863,2863,2863,392.85120964050293,119.47194801041803,5
2864,2864,2864,67.98080205917358,691.1347860695006,5
2865,2865,2865,394.7007894515991,119.16147752161393,5
2866,2866,2866,291.6224002838135,161.4498603199835,5
2867,2867,2867,433.3695888519287,108.7563547106756,5
2868,2868,2868,292.0128107070923,161.57178840802854,5
2869,2869,2869,430.65600395202637,109.6708309754839,5
2870,2870,2870,292.46718883514404,161.65849642248372,5
2871,2871,2871,448.9151954650879,105.43025742972604,5
2872,2872,2872,84.8576009273529,558.3320430725022,5
2873,2873,2873,449.26719665527344,105.56796843191755,5
2874,2874,2874,292.17920303344727,162.495368441966,5
2875,2875,2875,433.3183765411377,109.68227133447668,5
2876,2876,2876,292.31998920440674,162.75641936594178,5
2877,2877,2877,431.35361671447754,110.41196461678237,5
2878,2878,2878,290.02881050109863,164.3846355181993,5
2879,2879,2879,436.95359230041504,109.2244021309873,5
2880,2880,2880,71.56479954719543,667.587197928123,5
2881,2881,2881,442.1504020690918,108.16574509079975,5
2882,2882,2882,289.66400623321533,165.27889177039978,5
2883,2883,2883,435.95519065856934,109.93147874120389,5
2884,2884,2884,292.6079988479614,163.95685147666717,5
2885,2885,2885,438.0159854888916,109.64213599738119,5
2886,2886,2886,292.7999973297119,164.1904554318163,5
2887,2887,2887,453.7792205810547,106.05367990270028,5
2888,2888,2888,79.28320169448853,607.6316434550466,5
2889,2889,2889,455.4111957550049,105.89340619536145,5
2890,2890,2890,295.084810256958,163.59750255515462,5
2891,2891,2891,436.49277687072754,110.71264062706838,5
2892,2892,2892,294.07360553741455,164.50110334654048,5
2893,2893,2893,441.01758003234863,109.80431190622373,5
2894,2894,2894,294.2336082458496,164.75298745442956,5
2895,2895,2895,452.9088020324707,107.14328035188194,5
2896,2896,2896,71.09760046005249,683.2359736147997,5
2897,2897,2897,456.81920051574707,106.4464376521402,5
2898,2898,2898,294.598388671875,165.23223295093047,5
2899,2899,2899,443.18718910217285,109.94802782254227,5
2900,2900,2900,293.46559047698975,166.21369449385114,5
2901,2901,2901,447.05281257629395,109.2230627531662,5
2902,2902,2902,292.2624111175537,167.24350363461522,5
2903,2903,2903,454.66880798339844,107.61577613168176,5
2904,2904,2904,74.25919771194458,659.5831901927694,5
2905,2905,2905,453.72161865234375,108.06347600458717,5
2906,2906,2906,293.3056116104126,167.33872414685698,5
2907,2907,2907,443.0016040802002,110.90721305177311,5
2908,2908,2908,292.4992084503174,168.14676143766033,5
2909,2909,2909,444.3647861480713,110.79534740989668,5
2910,2910,2910,290.93759059906006,169.39833006288472,5
2911,2911,2911,444.98558044433594,110.86913875442178,5
2912,2912,2912,73.32479953765869,673.5242287384087,5
2913,2913,2913,449.9072074890137,109.88249170293011,5
2914,2914,2914,290.96319675445557,170.08287109851528,5
2915,2915,2915,446.7520236968994,110.88661969578408,5
2916,2916,2916,293.4783935546875,168.9726524373908,5
2917,2917,2917,450.4960060119629,110.19156166432647,5
2918,2918,2918,293.19679737091064,169.48319255048645,5
2919,2919,2919,458.0671787261963,108.59331868379344,5
2920,2920,2920,74.12480115890503,671.7613433222404,5
2921,2921,2921,461.77921295166016,107.94195694386508,5
2922,2922,2922,291.9487953186035,170.90861033198618,5
2923,2923,2923,451.62878036499023,110.59483165274358,5
2924,2924,2924,291.4560079574585,171.54935456090504,5
2925,2925,2925,449.51038360595703,111.344271623933,5
2926,2926,2926,290.9183979034424,172.21928180915216,5
2927,2927,2927,458.1247806549072,109.47485506962562,5
2928,2928,2928,71.57120108604431,701.4632246235897,5
2929,2929,2929,458.5599899291992,109.59530548175265,5
2930,2930,2930,288.8000011444092,174.19499238452093,5
2931,2931,2931,448.9151954650879,112.17940825065348,5
2932,2932,2932,287.5904083251953,175.28610717433173,5
2933,2933,2933,446.3359832763672,113.05877716508074,5
2934,2934,2934,285.99679470062256,176.62377321702917,5
2935,2935,2935,458.09922218322754,110.38111025164575,5
2936,2936,2936,74.22720193862915,681.9225619450153,5
2937,2937,2937,457.1648120880127,110.8329875052704,5
2938,2938,2938,282.9119920730591,179.28089570307753,5
2939,2939,2939,444.57597732543945,114.20438041534888,5
2940,2940,2940,281.8432092666626,180.32851716470887,5
2941,2941,2941,443.52641105651855,114.70849530878746,5
2942,2942,2942,279.3407917022705,182.31552028491672,5
2943,2943,2943,443.18079948425293,115.03231113199756,5
2944,2944,2944,73.44639897346497,694.8209508057312,5
2945,2945,2945,451.7439842224121,113.08200891248437,5
2946,2946,2946,284.38398838043213,179.81382623972854,5
2947,2947,2947,452.70400047302246,113.07225956146682,5
2948,2948,2948,287.2767925262451,178.36592483995648,5
2949,2949,2949,455.6608200073242,112.56739760327767,5
2950,2950,2950,290.11199474334717,176.9825134097715,5
2951,2951,2951,468.23039054870605,109.76857491409159,5
2952,2952,2952,75.07200241088867,685.3320700626156,5
2953,2953,2953,470.3807830810547,109.48906972061697,5
2954,2954,2954,299.5136022567749,172.12538241853377,5
2955,2955,2955,456.7808151245117,112.97818568832164,5
2956,2956,2956,300.64640045166016,171.82536546053217,5
2957,2957,2957,462.33601570129395,111.84749020160594,5
2958,2958,2958,304.4352054595947,170.03159587227887,5
2959,2959,2959,471.4303970336914,109.91255651742985,5
2960,2960,2960,73.16480278968811,708.9292941729954,5
2961,2961,2961,472.057580947876,109.98925016254125,5
2962,2962,2962,307.1808099746704,169.19638391566738,5
2963,2963,2963,464.01920318603516,112.12152500753608,5
2964,2964,2964,308.6080074310303,168.75529290872015,5
2965,2965,2965,467.4816131591797,111.5166089585834,5
2966,2966,2966,311.6159915924072,167.46486316484513,5
2967,2967,2967,475.2575874328613,109.91414236680544,5
2968,2968,2968,75.3216028213501,694.228010362761,5
2969,2969,2969,477.350378036499,109.65370685010278,5
2970,2970,2970,313.6831998825073,167.0352317868009,5
2971,2971,2971,469.4079875946045,111.73454778808895,5
2972,2972,2972,313.1455898284912,167.66025069922014,5
2973,2973,2973,469.10080909729004,112.03366443799982,5
2974,2974,2974,312.4095916748047,168.39474283094734,5
2975,2975,2975,471.5263843536377,111.68244343778838,5
2976,2976,2976,76.26879811286926,691.1652163967327,5
2977,2977,2977,476.79362297058105,110.67156757936723,5
2978,2978,2978,312.63999938964844,168.95052074948572,5
2979,2979,2979,474.53441619873047,111.42272862218894,5
2980,2980,2980,314.9631977081299,168.0424391964885,5
2981,2981,2981,475.2448081970215,111.48040624156796,5
2982,2982,2982,315.8143997192383,167.92717616152882,5
2983,2983,2983,485.4976177215576,109.34593752104989,5
2984,2984,2984,75.44320225715637,704.3788998625016,5
2985,2985,2985,487.18719482421875,109.18604555933138,5
2986,2986,2986,315.2640104293823,168.89819564078405,5
2987,2987,2987,476.0255813598633,111.97095217810525,5
2988,2988,2988,314.95680809020996,169.40287421479766,5
2989,2989,2989,475.2768039703369,112.37277917172102,5
2990,2990,2990,316.17279052734375,169.09044548340546,5
2991,2991,2991,487.55202293395996,109.76358219161527,5
2992,2992,2992,73.42079877853394,729.6181990281211,5
2993,2993,2993,491.3087844848633,109.14293211798265,5
2994,2994,2994,317.68319606781006,168.96281651781993,5
2995,2995,2995,481.171178817749,111.66597692325881,5
2996,2996,2996,317.9327964782715,169.16873146704697,5
2997,2997,2997,478.7327766418457,112.45973656463873,5
2998,2998,2998,318.46399307250977,169.22500865499583,5
2999,2999,2999,497.5615978240967,108.42078294207822,5
3000,3000,3000,79.00159955024719,683.5304640338898,5
3001,3001,3001,492.9215908050537,109.66047949678453,5
3002,3002,3002,317.84958839416504,170.23168816849503,5
3003,3003,3003,478.61762046813965,113.16374437076422,5
3004,3004,3004,318.2528018951416,170.35604338799587,5
3005,3005,3005,475.6351947784424,114.1009976675085,5
3006,3006,3006,315.4047966003418,172.23786390552672,5
3007,3007,3007,480.44800758361816,113.18369902186718,5
3008,3008,3008,75.6223976612091,719.8019992418433,5
3009,3009,3009,482.31678009033203,112.970275360926,5
3010,3010,3010,315.0847911834717,173.10198246998436,5
3011,3011,3011,477.42719650268555,114.35498660724681,5
3012,3012,3012,316.90239906311035,172.4524510308818,5
3013,3013,3013,477.43358612060547,114.58147894140998,5
3014,3014,3014,317.6703929901123,172.37846112308122,5
3015,3015,3015,493.56160163879395,111.0581872009462,5
3016,3016,3016,80.90239763259888,678.2075414028421,5
3017,3017,3017,494.5280075073242,111.06188323456394,5
3018,3018,3018,317.58079528808594,173.11450969233874,5
3019,3019,3019,475.7120132446289,115.68451118702403,5
3020,3020,3020,316.76158905029297,173.90749984921206,5
3021,3021,3021,476.6143798828125,115.6951171627638,5
3022,3022,3022,317.65120029449463,173.76522816481435,5
3023,3023,3023,489.4591808319092,112.88284804483945,5
3024,3024,3024,77.52320170402527,713.4173309708428,5
3025,3025,3025,486.89279556274414,113.70322533939772,5
3026,3026,3026,316.92800521850586,174.85423263177174,5
3027,3027,3027,473.6000061035156,117.12660610455222,5
3028,3028,3028,316.04480743408203,175.69077104859943,5
3029,3029,3029,473.5680103302002,117.36685241734433,5
3030,3030,3030,314.32321071624756,177.00332684061672,5
3031,3031,3031,485.09440422058105,114.80519481868967,5
3032,3032,3032,81.33760094642639,685.3717946846974,5
3033,3033,3033,482.2847843170166,115.70274594713383,5
3034,3034,3034,312.9280090332031,178.49756172536578,5
3035,3035,3035,470.52159309387207,118.83011655714847,5
3036,3036,3036,311.89119815826416,179.445337484645,5
3037,3037,3037,469.12641525268555,119.41928973627391,5
3038,3038,3038,308.5632085800171,181.73943031661776,5
3039,3039,3039,473.8880157470703,118.45308337141047,5
3040,3040,3040,77.01119780540466,729.6202318782354,5
3041,3041,3041,473.2351779937744,118.85083454793363,5
3042,3042,3042,307.5263977050781,183.07339010939916,5
3043,3043,3043,469.6320056915283,119.99914897413602,5
3044,3044,3044,309.1455936431885,182.47395249342875,5
3045,3045,3045,470.3167915344238,120.06084678749355,5
3046,3046,3046,309.0559959411621,182.88686650415505,5
3047,3047,3047,484.19837951660156,116.84873811945529,5
3048,3048,3048,81.1519980430603,697.8718275543805,5
3049,3049,3049,484.19837951660156,117.07898187225615,5
3050,3050,3050,307.9807996749878,184.24931054105738,5
3051,3051,3051,476.4863967895508,119.20819499719586,5
3052,3052,3052,306.26559257507324,185.6459053658238,5
3053,3053,3053,475.46238899230957,119.70002480032242,5
3054,3054,3054,305.80480098724365,186.29139485084934,5
3055,3055,3055,487.1232032775879,117.06439431813381,5
3056,3056,3056,78.07360291481018,731.1152182163743,5
3057,3057,3057,486.89279556274414,117.34996472881058,5
3058,3058,3058,301.71520709991455,189.55936220032908,5
3059,3059,3059,475.5712032318115,120.37959483029216,5
3060,3060,3060,299.8464107513428,191.1152841763452,5
3061,3061,3061,470.8415985107422,121.82745140495761,5
3062,3062,3062,296.94080352783203,193.36402398674818,5
3063,3063,3063,483.60958099365234,118.84367959772572,5
3064,3064,3064,81.4079999923706,706.690402581953,5
3065,3065,3065,482.4704170227051,119.3577828157078,5
3066,3066,3066,290.08638858795166,198.7097128982429,5
3067,3067,3067,470.54080963134766,122.6235904409768,5
3068,3068,3068,287.443208694458,200.92964146316794,5
3069,3069,3069,465.26079177856445,124.2579560529896,5
3070,3070,3070,284.74879264831543,203.2278537927713,5
3071,3071,3071,466.4383888244629,124.18672049696875,5
3072,3072,3072,77.7728021144867,745.5313029694698,5
3073,3073,3073,477.72159576416016,121.49063502386092,5
3074,3074,3074,290.1247978210449,200.2427192860448,5
3075,3075,3075,478.27839851379395,121.58628516508853,5
3076,3076,3076,294.4511890411377,197.68589198621868,5
3077,3077,3077,482.1568012237549,120.84374817096197,5
3078,3078,3078,298.60479831695557,195.31655697673463,5
3079,3079,3079,496.7167854309082,117.53040322032844,5
3080,3080,3080,105.97759485244751,551.4016814720196,5
3081,3081,3081,503.34720611572266,116.20837499702357,5
3082,3082,3082,308.40959548950195,189.84537314109932,5
3083,3083,3083,488.3840084075928,120.00217977057099,5
3084,3084,3084,311.9807958602905,188.03783497709478,5
3085,3085,3085,493.4080123901367,119.01160251846336,5
3086,3086,3086,315.0719881057739,186.5554613895644,5
3087,3087,3087,507.8847885131836,115.84430236282368,5
3088,3088,3088,85.51040291786194,688.7203537161456,5
3089,3089,3089,508.838415145874,115.85207834809444,5
3090,3090,3090,319.67999935150146,184.58226388795458,5
3091,3091,3091,492.99840927124023,119.80680673860668,5
3092,3092,3092,320.30720710754395,184.57876708390665,5
3093,3093,3093,494.68798637390137,119.62952880216169,5
3094,3094,3094,321.0560083389282,184.50584206312615,5
3095,3095,3095,505.5424213409424,117.28820816406123,5
3096,3096,3096,101.15200281143188,586.7571162445857,5
3097,3097,3097,509.0816020965576,116.69875144050451,5
3098,3098,3098,322.6815938949585,184.2892669092183,5
3099,3099,3099,490.5151844024658,121.35069512784031,5
3100,3100,3100,321.3248014450073,185.42608517007696,5
3101,3101,3101,489.81761932373047,121.75894914589203,5
3102,3102,3102,320.16000747680664,186.461122632016,5
3103,3103,3103,495.92318534851074,120.49274810978434,5
3104,3104,3104,86.37440204620361,692.484536055077,5
3105,3105,3105,498.08640480041504,120.20156477467083,5
3106,3106,3106,322.0479965209961,186.08602034291158,5
3107,3107,3107,490.00959396362305,122.41909714619433,5
3108,3108,3108,327.10399627685547,183.56385769490672,5
3109,3109,3109,493.2415962219238,121.85194541248333,5
3110,3110,3110,328.2304048538208,183.2872918241465,5
3111,3111,3111,510.11199951171875,118.04959169680657,5
3112,3112,3112,103.12319993972778,584.5105843421244,5
3113,3113,3113,512.556791305542,117.71325405779992,5
3114,3114,3114,330.6623935699463,182.64215182131034,5
3115,3115,3115,498.11840057373047,121.3588811021089,5
3116,3116,3116,331.35359287261963,182.6125658316349,5
3117,3117,3117,499.0079879760742,121.37602340126071,5
3118,3118,3118,333.6064100265503,181.72887643008733,5
3119,3119,3119,516.1151885986328,117.57892357861286,5
3120,3120,3120,85.64479947090149,709.2392810218187,5
3121,3121,3121,519.7055816650391,116.9913952573008,5
3122,3122,3122,334.8992109298706,181.72495398546718,5
3123,3123,3123,503.8271903991699,120.91059175614585,5
3124,3124,3124,334.9184036254883,182.06399107343503,5
3125,3125,3125,501.15838050842285,121.78815844220766,5
3126,3126,3126,335.76319217681885,181.95493185514792,5
3127,3127,3127,523.7696170806885,116.75442173763827,5
3128,3128,3128,90.70720076560974,674.820805706169,5
3129,3129,3129,525.9007930755615,116.50454265277507,5
3130,3130,3130,335.0464105606079,183.0450709720587,5
3131,3131,3131,504.80642318725586,121.60581039046842,5
3132,3132,3132,336.10239028930664,182.8199790043414,5
3133,3133,3133,504.31361198425293,121.9580550919583,5
3134,3134,3134,332.5632095336914,185.1197560136701,5
3135,3135,3135,510.6560230255127,120.67412890755483,5
3136,3136,3136,86.84160113334656,710.2812258987077,5
3137,3137,3137,513.9328002929688,120.13435350069967,5
3138,3138,3138,331.9231986999512,186.18779400190533,5
3139,3139,3139,506.2784194946289,122.18405299548081,5
3140,3140,3140,334.6112012863159,185.04547296077675,5
3141,3141,3141,507.21278190612793,122.19223697219532,5
3142,3142,3142,334.42559242248535,185.50218638060466,5
3143,3143,3143,525.6959915161133,118.12136941526724,5
3144,3144,3144,92.4992024898529,671.9541173862378,5
3145,3145,3145,529.2223930358887,117.55841791407528,5
3146,3146,3146,336.00640296936035,185.3354927813046,5
3147,3147,3147,508.3392143249512,122.62149621641035,5
3148,3148,3148,334.96320247650146,186.26749184002387,5
3149,3149,3149,511.1680030822754,122.17555387156727,5
3150,3150,3150,334.64319705963135,186.80119766146268,5
3151,3151,3151,525.3376007080078,119.10684447043467,5
3152,3152,3152,88.97920250892639,703.8824112827587,5
3153,3153,3153,525.6383895874023,119.26549962077289,5
3154,3154,3154,334.1759920120239,187.77588464745904,5
3155,3155,3155,511.28320693969727,122.84756647094035,5
3156,3156,3156,333.74080657958984,188.37864472232877,5
3157,3157,3157,512.8704071044922,122.700434484571,5
3158,3158,3158,332.47361183166504,189.45636099352188,5
3159,3159,3159,526.9248008728027,119.65482978513242,5
3160,3160,3160,92.33919978141785,683.447464883705,5
3161,3161,3161,527.123212814331,119.83711403020689,5
3162,3162,3162,333.26079845428467,189.72797085425418,5
3163,3163,3163,516.2432193756104,122.5951278750879,5
3164,3164,3164,333.81121158599854,189.7747819404192,5
3165,3165,3165,516.7871952056885,122.6985398211392,5
3166,3166,3166,331.19359016418457,191.6376357420929,5
3167,3167,3167,520.6719875335693,122.01408650182869,5
3168,3168,3168,88.52480053901672,718.3242986915666,5
3169,3169,3169,520.4607963562012,122.29499717100379,5
3170,3170,3170,331.1743974685669,192.3760607311046,5
3171,3171,3171,514.5855903625488,123.92562018122372,5
3172,3172,3172,333.2159996032715,191.55949585853355,5
3173,3173,3173,516.8064117431641,123.62671201871966,5
3174,3174,3174,332.87041187286377,192.12132339483986,5
3175,3175,3175,528.217601776123,121.18484604594924,5
3176,3176,3176,92.467200756073,692.9210685313398,5
3177,3177,3177,529.9071788787842,121.02687984280051,5
3178,3178,3178,330.5216073989868,194.2190467036824,5
3179,3179,3179,517.3632144927979,124.19554942844603,5
3180,3180,3180,329.5423984527588,195.16415581717567,5
3181,3181,3181,517.7919864654541,124.32706408115683,5
3182,3182,3182,329.6128034591675,195.49085611895043,5
3183,3183,3183,529.5360088348389,121.79919381859544,5
3184,3184,3184,89.41439986228943,722.0074966384394,5
3185,3185,3185,527.4367809295654,122.51461328903656,5
3186,3186,3186,325.88798999786377,198.47186670617714,5
3187,3187,3187,512.2432231903076,126.38628970587227,5
3188,3188,3188,326.39360427856445,198.53784049240872,5
3189,3189,3189,509.7407817840576,127.24600984638857,5
3190,3190,3190,322.8224039077759,201.1121818501401,5
3191,3191,3191,524.2239952087402,123.96340941265738,5
3192,3192,3192,93.27359795570374,697.3646262352895,5
3193,3193,3193,524.6528148651123,124.0951316171608,5
3194,3194,3194,319.01440620422363,204.2793350413189,5
3195,3195,3195,506.7391872406006,128.7235749522348,5
3196,3196,3196,317.49119758605957,205.6452196735384,5
3197,3197,3197,504.6271800994873,129.50521756104354,5
3198,3198,3198,314.3359899520874,208.09960957372587,5
3199,3199,3199,504.2816162109375,129.83733115230683,5
3200,3200,3200,88.77440094947815,738.2308334279472,5
3201,3201,3201,554.1632175445557,118.37209169647905,5
3202,3202,3202,349.8111963272095,187.69827125425496,5
3203,3203,3203,552.8255939483643,118.88106045274473,5
3204,3204,3204,352.58240699768066,186.5721772341089,5
3205,3205,3205,555.8464050292969,118.45660897371387,5
3206,3206,3206,354.8480033874512,185.72834284779483,5
3207,3207,3207,575.7440090179443,114.57700028615322,5
3208,3208,3208,99.41759705543518,664.1555597766301,5
3209,3209,3209,577.9520034790039,114.35295017607976,5
3210,3210,3210,361.2544059753418,183.11838113474906,5
3211,3211,3211,557.3247909545898,118.80714250767119,5
3212,3212,3212,362.80319690704346,182.6776853705098,5
3213,3213,3213,564.0575885772705,117.60850405598671,5
3214,3214,3214,365.13280868530273,181.85144448421275,5
3215,3215,3215,578.4383773803711,114.89888871307683,5
3216,3216,3216,98.1440007686615,677.8199673030026,5
3217,3217,3217,579.5135974884033,114.8998727805217,5
3218,3218,3218,369.2095994949341,180.51576274065562,5
3219,3219,3219,566.0863876342773,117.8447430908699,5
3220,3220,3220,371.59039974212646,179.69381352784757,5
3221,3221,3221,569.6000099182129,117.33624395757401,5
3222,3222,3222,370.9887981414795,180.32079251753663,5
3223,3223,3223,582.585620880127,114.9346958355115,5
3224,3224,3224,99.0015983581543,676.9754020085448,5
3225,3225,3225,582.8800201416016,115.09063431905419,5
3226,3226,3226,373.5039949417114,179.77439401278372,5
3227,3227,3227,571.0783958435059,117.68772318331133,5
3228,3228,3228,372.2559928894043,180.7127836461348,5
3229,3229,3229,569.5487976074219,118.22333092591637,5
3230,3230,3230,371.71199321746826,181.31385381630665,5
3231,3231,3231,572.6463794708252,117.80245750324676,5
3232,3232,3232,96.69119715690613,698.3242355188617,5
3233,3233,3233,573.8495826721191,117.77389531119658,5
3234,3234,3234,369.92640495300293,182.86673484850104,5
3235,3235,3235,570.0992107391357,118.76881159371143,5
3236,3236,3236,373.6128091812134,181.3985357207819,5
3237,3237,3237,572.1983909606934,118.55270335889483,5
3238,3238,3238,372.9088068008423,182.07817382082445,5
3239,3239,3239,588.0576133728027,115.56942770999446,5
3240,3240,3240,99.96799826622009,680.4622397144262,5
3241,3241,3241,588.3840084075928,115.71941464940971,5
3242,3242,3242,373.04959297180176,182.68481794363302,5
3243,3243,3243,573.1776237487793,119.0094954647037,5
3244,3244,3244,373.8368034362793,182.6377203646238,5
3245,3245,3245,574.0992069244385,119.03841953746984,5
3246,3246,3246,375.69921016693115,182.0686869200685,5
3247,3247,3247,590.9183979034424,115.86422201257572,5
3248,3248,3248,100.26240348815918,683.5022461045753,5
3249,3249,3249,591.9167995452881,115.88266214220178,5
3250,3250,3250,376.5631914138794,182.32331668482206,5
3251,3251,3251,575.3920078277588,119.43100280699579,5
3252,3252,3252,377.54878997802734,182.1832829076291,5
3253,3253,3253,571.5968132019043,120.44600138398853,5
3254,3254,3254,377.15840339660645,182.70854237214652,5
3255,3255,3255,594.649600982666,115.99034563551415,5
3256,3256,3256,102.92479991912842,670.753817216501,5
3257,3257,3257,595.2256202697754,116.09182943886267,5
3258,3258,3258,375.84640979766846,184.0233063852698,5
3259,3259,3259,573.2480049133301,120.76484412443212,5
3260,3260,3260,376.6144037246704,183.98646285089225,5
3261,3261,3261,570.1504230499268,121.64462983468958,5
3262,3262,3262,374.5151996612549,185.35846213662163,5
3263,3263,3263,574.5984077453613,120.92519567995781,5
3264,3264,3264,107.09120035171509,649.4214955065278,5
3265,3265,3265,579.9295902252197,120.03400140862959,5
3266,3266,3266,377.4336099624634,184.6026648207863,5
3267,3267,3267,572.3584175109863,121.84545241646835,5
3268,3268,3268,379.6031951904297,183.88498976933752,5
3269,3269,3269,574.9375820159912,121.5217623676873,5
3270,3270,3270,380.44800758361816,183.8137264646598,5
3271,3271,3271,594.6432113647461,117.71048871701583,5
3272,3272,3272,103.41119766235352,677.489100597711,5
3273,3273,3273,597.0304012298584,117.45501517099794,5
3274,3274,3274,381.9391965866089,183.76880476074413,5
3275,3275,3275,571.1167812347412,123.00959463687091,5
3276,3276,3276,379.9295902252197,185.07960148699243,5
3277,3277,3277,574.8928070068359,122.42565745854445,5
3278,3278,3278,381.0431957244873,184.87689242176086,5
3279,3279,3279,592.9920196533203,118.90644551881567,5
3280,3280,3280,100.217604637146,704.2186276106733,5
3281,3281,3281,597.7215766906738,118.18156954129273,5
3282,3282,3282,380.22398948669434,185.95429402403408,5
3283,3283,3283,581.1007976531982,121.78426300532287,5
3284,3284,3284,379.81441020965576,186.49534800140987,5
3285,3285,3285,583.7440013885498,121.45452129932703,5
3286,3286,3286,378.220796585083,187.62351502804378,5
3287,3287,3287,598.3615875244141,118.70401323698266,5
3288,3288,3288,104.21119928359985,682.198921351327,5
3289,3289,3289,597.7856159210205,119.03540540761584,5
3290,3290,3290,377.2480010986328,188.7951103586593,5
3291,3291,3291,583.1103801727295,122.25394156228731,5
3292,3292,3292,376.8127918243408,189.358078398948,5
3293,3293,3293,582.1824073791504,122.67218763188905,5
3294,3294,3294,373.907208442688,191.17757227982617,5
3295,3295,3295,589.408016204834,121.38924612985814,5
3296,3296,3296,99.52639937400818,719.5372998764597,5
3297,3297,3297,592.1664237976074,121.04394181338859,5
3298,3298,3298,372.4287986755371,192.63655076927446,5
3299,3299,3299,586.5344047546387,122.42875987477544,5
3300,3300,3300,373.16479682922363,192.60659261193024,5
3301,3301,3301,588.0959987640381,122.32587868849667,5
3302,3302,3302,373.53599071502686,192.76525155760137,5
3303,3303,3303,604.4032096862793,119.24191847261808,5
3304,3304,3304,104.70399856567383,688.9486353546861,5
3305,3305,3305,606.6688060760498,119.01253950569716,5
3306,3306,3306,369.66400146484375,195.4930773503322,5
3307,3307,3307,587.5775814056396,123.10263899613402,5
3308,3308,3308,366.93758964538574,197.3032751808463,5
3309,3309,3309,587.8528118133545,123.26838249607198,5
3310,3310,3310,366.2015914916992,198.05862040237488,5
3311,3311,3311,600.9344100952148,120.8037636761351,5
3312,3312,3312,100.79360008239746,720.8883758155342,5
3313,3313,3313,598.3168125152588,121.55227644074478,5
3314,3314,3314,359.46240425109863,202.50419912384348,5
3315,3315,3315,581.9071769714355,125.20650136881962,5
3316,3316,3316,356.98559284210205,204.27859962476182,5
3317,3317,3317,576.0704040527344,126.70415197951802,5
3318,3318,3318,353.11999320983887,206.8887298051875,5
3319,3319,3319,593.452787399292,123.21556671499971,5
3320,3320,3320,104.33919429779053,701.4500782046947,5
3321,3321,3321,591.3472175598145,123.87796568027365,5
3322,3322,3322,345.4911947250366,212.22272988564436,5
3323,3323,3323,574.4959831237793,127.74209165913032,5
3324,3324,3324,342.1504020690918,214.68217486755202,5
3325,3325,3325,570.2784061431885,128.91932336561285,5
3326,3326,3326,338.5983943939209,217.3260746960032,5
3327,3327,3327,569.6959972381592,129.28413385922,5
3328,3328,3328,109.25439596176147,674.7471024397164,5
3329,3329,3329,572.211217880249,128.94811963200917,5
3330,3330,3330,346.3360071182251,213.23822092454247,5
3331,3331,3331,572.8447914123535,129.03779259256774,5
3332,3332,3332,350.77760219573975,210.9177446703539,5
3333,3333,3333,575.7184028625488,128.62512941362357,5
3334,3334,3334,358.13119411468506,206.95914968039585,5
3335,3335,3335,597.5359916687012,124.15192019283651,5
3336,3336,3336,144.9728012084961,512.1787914217973,5
3337,3337,3337,602.4191856384277,123.36723211635258,5
3338,3338,3338,364.9728059768677,203.81140656467053,5
3339,3339,3339,580.9216022491455,128.16272307613175,5
3340,3340,3340,367.59040355682373,202.72403000444615,5
3341,3341,3341,590.496015548706,126.31137158934457,5
3342,3342,3342,370.7648038864136,201.34962810243064,5
3343,3343,3343,608.1408023834229,122.86692312233643,5
3344,3344,3344,117.06240177154541,638.8683474473078,5
3345,3345,3345,609.9967956542969,122.71306633620794,5
3346,3346,3346,376.9023895263672,198.7828508228618,5
3347,3347,3347,594.7455883026123,126.08572021528794,5
3348,3348,3348,380.5056095123291,197.25375528680098,5
3349,3349,3349,597.1648216247559,125.80016835821883,5
3350,3350,3350,380.6720018386841,197.52109332133995,5
3351,3351,3351,612.7295970916748,122.824334680768,5
3352,3352,3352,127.22560167312622,592.0624420352885,5
3353,3353,3353,615.61598777771,122.46747558678301,5
3354,3354,3354,383.9679956436157,196.5278684269286,5
3355,3355,3355,598.2592105865479,126.24615954671319,5
3356,3356,3356,382.77759552001953,197.49192459736403,5
3357,3357,3357,596.2944030761719,126.88879888133822,5
3358,3358,3358,383.2832098007202,197.5842288092258,5
3359,3359,3359,600.761604309082,126.17050426378941,5
3360,3360,3360,113.57439756393433,667.9860393474045,5
3361,3361,3361,607.3408126831055,125.02678591043463,5
3362,3362,3362,382.8223943710327,198.52983778775214,5
3363,3363,3363,600.2175807952881,126.7365514239152,5
3364,3364,3364,387.54560947418213,196.46045065844615,5
3365,3365,3365,602.0927906036377,126.56737539341596,5
3366,3366,3366,387.9231929779053,196.6194988407003,5
3367,3367,3367,620.7168102264404,122.98887748529052,5
3368,3368,3368,123.03359508514404,621.044227888503,5
3369,3369,3369,621.1647987365723,123.11931547562315,5
3370,3370,3370,387.40479946136475,197.58533220658708,5
3371,3371,3371,604.2431831359863,126.7927711230098,5
3372,3372,3372,388.3903980255127,197.43502951111293,5
3373,3373,3373,603.5071849822998,127.17348549255631,5
3374,3374,3374,389.72160816192627,197.1109469918911,5
3375,3375,3375,623.4303951263428,123.32847315604228,5
3376,3376,3376,114.29120302200317,673.3246366930334,5
3377,3377,3377,624.8960018157959,123.25808941357997,5
3378,3378,3378,390.86079597473145,197.2362874402576,5
3379,3379,3379,606.7520141601562,127.16961143475166,5
3380,3380,3380,391.9680118560791,197.0286902604607,5
3381,3381,3381,600.4543781280518,128.7316963579799,5
3382,3382,3382,391.379189491272,197.67560466503883,5
3383,3383,3383,630.790376663208,122.7583181969563,5
3384,3384,3384,125.50400495529175,617.5376971883012,5
3385,3385,3385,628.0320167541504,123.51628767417829,5
3386,3386,3386,392.1855926513672,197.96992639915462,5
3387,3387,3387,605.350399017334,128.37154040394844,5
3388,3388,3388,393.17760467529297,197.82056052819624,5
3389,3389,3389,601.6895771026611,129.38150950339224,5
3390,3390,3390,391.3599967956543,199.0914723987068,5
3391,3391,3391,609.6896171569824,127.91001970092658,5
3392,3392,3392,118.1439995765686,660.6719330287551,5
3393,3393,3393,609.7599983215332,128.12168579284963,5
3394,3394,3394,394.214391708374,198.350378912204,5
3395,3395,3395,602.6495933532715,129.86271062514965,5
3396,3396,3396,396.1983919143677,197.7062195874082,5
3397,3397,3397,606.220817565918,129.3259836585455,5
3398,3398,3398,395.04640102386475,198.63327796589562,5
3399,3399,3399,629.1967868804932,124.82368320313321,5
3400,3400,3400,126.18240118026733,622.9711850838744,5
3401,3401,3401,629.145622253418,125.05432386257468,5
3402,3402,3402,396.2944030761719,198.70783186626045,5
3403,3403,3403,603.8527965545654,130.5223128943115,5
3404,3404,3404,394.04799938201904,200.19329282654812,5
3405,3405,3405,609.8495960235596,129.4668566886282,5
3406,3406,3406,395.3023910522461,199.90998440875984,5
3407,3407,3407,629.9327850341797,125.56025367326833,5
3408,3408,3408,114.028799533844,694.2473037305274,5
3409,3409,3409,632.6848030090332,125.23438761475789,5
3410,3410,3410,393.53599548339844,201.5155993610894,5
3411,3411,3411,609.1072082519531,130.3111012095718,5
3412,3412,3412,392.63999462127686,202.33104661848688,5
3413,3413,3413,609.3247890472412,130.49384076155698,5
3414,3414,3414,390.51520824432373,203.78987093944187,5
3415,3415,3415,628.0704021453857,126.82176469057993,5
3416,3416,3416,125.99040269851685,632.7703450775501,5
3417,3417,3417,627.3087978363037,127.19895799520096,5
3418,3418,3418,390.4576063156128,204.53718911406082,5
3419,3419,3419,606.4832210540771,131.797905272754,5
3420,3420,3420,389.3120050430298,205.4993808658878,5
3421,3421,3421,603.6416053771973,132.65085476002682,5
3422,3422,3422,387.5648021697998,206.7881666428713,5
3423,3423,3423,610.2719783782959,131.43991331071214,5
3424,3424,3424,113.39520215988159,708.0054227938406,5
3425,3425,3425,612.9983901977539,131.0848161021719,5
3426,3426,3426,385.92638969421387,208.39514399552814,5
3427,3427,3427,603.718376159668,133.33308069574312,5
3428,3428,3428,389.1968011856079,207.00611428092913,5
3429,3429,3429,603.2192230224609,133.6771808662959,5
3430,3430,3430,388.5567903518677,207.71021380661884,5
3431,3431,3431,624.8000144958496,129.28588685642,5
3432,3432,3432,127.37280130386353,634.7389262730118,5
3433,3433,3433,626.4448165893555,129.17206006198595,5
3434,3434,3434,386.98880672454834,209.28228310656837,5
3435,3435,3435,603.385591506958,134.34307496065762,5
3436,3436,3436,384.41600799560547,211.0512830488773,5
3437,3437,3437,603.8656234741211,134.47089178355915,5
3438,3438,3438,385.0048065185547,211.09670832144056,5
3439,3439,3439,623.4240055084229,130.47971576208576,5
3440,3440,3440,115.60319662094116,704.2639855968473,5
3441,3441,3441,626.7007827758789,130.02407605279973,5
3442,3442,3442,379.8464059829712,214.71113716330984,5
3443,3443,3443,600.8319854736328,135.85887667024383,5
3444,3444,3444,379.34720516204834,215.368674544735,5
3445,3445,3445,595.5520153045654,137.30235168154448,5
3446,3446,3446,374.7328042984009,218.40073816123405,5
3447,3447,3447,624.4160175323486,131.18368034458115,5
3448,3448,3448,127.87200212478638,641.1450624194797,5
3449,3449,3449,620.0319766998291,132.34132880492552,5
3450,3450,3450,372.58241176605225,220.42707172009082,5
3451,3451,3451,594.0544128417969,138.36895059626534,5
3452,3452,3452,370.035195350647,222.33064273262016,5
3453,3453,3453,591.5840148925781,139.18848258425626,5
3454,3454,3454,367.50080585479736,224.25322615635886,5
3455,3455,3455,602.5023937225342,136.90375940313046,5
3456,3456,3456,114.5535945892334,720.6800094578549,5
3457,3457,3457,601.7920017242432,137.30353635351636,5
3458,3458,3458,370.630407333374,223.13305705004728,5
3459,3459,3459,592.3776149749756,139.72787131987866,5
3460,3460,3460,374.16958808898926,221.40621428670798,5
3461,3461,3461,595.8271980285645,139.16001591794569,5
3462,3462,3462,376.1087894439697,220.64683566338962,5
3463,3463,3463,628.6272048950195,132.12782877869697,5
3464,3464,3464,120.10879516601562,692.1318507366201,5
3465,3465,3465,630.7583808898926,131.9096848663581,5
3466,3466,3466,382.82880783081055,217.52594289822383,5
3467,3467,3467,599.4239807128906,139.0456501704781,5
3468,3468,3468,385.0111961364746,216.66756525810328,5
3469,3469,3469,605.9391975402832,137.7887777468785,5
3470,3470,3470,387.2447967529297,215.79075225977923,5
3471,3471,3471,632.5888156890869,132.21244218631045,5
3472,3472,3472,119.78240013122559,698.837391839658,5
3473,3473,3473,633.3759784698486,132.27651897440617,5
3474,3474,3474,390.45119285583496,214.75964827942232,5
3475,3475,3475,607.1616172790527,138.22611865042785,5
3476,3476,3476,394.27199363708496,213.04599288712757,5
3477,3477,3477,610.9888076782227,137.59758543772833,5
3478,3478,3478,393.1648015975952,214.01494325557817,5
3479,3479,3479,634.2591762542725,132.778122305381,5
3480,3480,3480,123.45600128173828,682.740272849482,5
3481,3481,3481,634.5024108886719,132.95625963634325,5
3482,3482,3482,396.889591217041,212.738741968738,5
3483,3483,3483,608.844804763794,138.79819374788784,5
3484,3484,3484,396.60799503326416,213.25684017263998,5
3485,3485,3485,609.4783782958984,138.89289803304854,5
3486,3486,3486,396.2048053741455,213.8417034896689,5
3487,3487,3487,616.0384178161621,137.65057852496693,5
3488,3488,3488,118.77119541168213,714.5757879241842,5
3489,3489,3489,622.4639892578125,136.46418074607337,5
3490,3490,3490,395.4495906829834,214.98845871395756,5
3491,3491,3491,609.8624229431152,139.523598013083,5
3492,3492,3492,398.57919216156006,213.6673079047235,5
3493,3493,3493,613.7728214263916,138.87309007250042,5
3494,3494,3494,398.23360443115234,214.2203837615833,5
3495,3495,3495,637.1007919311523,134.0180797628436,5
3496,3496,3496,123.50720167160034,691.9137889564064,5
3497,3497,3497,637.2735977172852,134.21188207446136,5
3498,3498,3498,398.7584114074707,214.6740520954845,5
3499,3499,3499,612.7744197845459,139.81739157474007,5
3500,3500,3500,399.5840072631836,214.59817820867212,5
3501,3501,3501,614.8736000061035,139.57912813486885,5
3502,3502,3502,401.6831874847412,213.84286595082597,5
3503,3503,3503,640.7999992370605,134.1614999318931,5
3504,3504,3504,119.98720169067383,717.1126163090436,5
3505,3505,3505,643.4432029724121,133.83935808502488,5
3506,3506,3506,404.73599433898926,212.95797170886053,5
3507,3507,3507,617.7855968475342,139.63667998444748,5
3508,3508,3508,405.2288055419922,213.06319749041882,5
3509,3509,3509,613.2736206054688,140.90480913346076,5
3510,3510,3510,405.7983875274658,213.12825446884324,5
3511,3511,3511,648.908805847168,133.39477424565416,5
3512,3512,3512,123.68639707565308,700.4410307384852,5
3513,3513,3513,650.6495952606201,133.265361302912,5
3514,3514,3514,405.7983875274658,213.85772875237515,5
3515,3515,3515,619.1232204437256,140.29070285515934,5
3516,3516,3516,406.5023899078369,213.85208635971185,5
3517,3517,3517,617.523193359375,140.89443078677382,5
3518,3518,3518,404.4352054595947,215.31215504605657,5
3519,3519,3519,630.291223526001,138.27591352206844,5
3520,3520,3520,116.97280406951904,745.7153540421122,5
3521,3521,3521,634.3935966491699,137.6161108547252,5
3522,3522,3522,406.5152168273926,214.94197923985854,5
3523,3523,3523,624.294376373291,140.08076420939776,5
3524,3524,3524,410.8607769012451,213.03110096838927,5
3525,3525,3525,631.5839767456055,138.69993456987987,5
3526,3526,3526,410.4959964752197,213.5836449194034,5
3527,3527,3527,668.671989440918,131.2300346831761,5
3528,3528,3528,126.02239847183228,696.8960198264277,5
3529,3529,3529,672.211217880249,130.7612956165495,5
3530,3530,3530,413.86241912841797,212.56811426674247,5
3531,3531,3531,637.497615814209,138.1161880418087,5
3532,3532,3532,411.7568016052246,214.01849147956332,5
3533,3533,3533,644.8639869689941,136.77061001429544,5
3534,3534,3534,414.22719955444336,213.10371386270572,5
3535,3535,3535,669.9967861175537,131.8637829025331,5
3536,3536,3536,123.0463981628418,718.6176160555226,5
3537,3537,3537,668.7935829162598,132.3253580276666,5
3538,3538,3538,416.6783809661865,212.57026471740022,5
3539,3539,3539,647.379207611084,136.93451781549345,5
3540,3540,3540,414.27202224731445,214.1678009504422,5
3541,3541,3541,651.7695903778076,136.2428381945933,5
3542,3542,3542,412.4415874481201,215.48310083347076,5
3543,3543,3543,669.708776473999,132.8181608763095,5
3544,3544,3544,126.57279968261719,703.3487968286302,5
3545,3545,3545,671.9871997833252,132.59211972896117,5
3546,3546,3546,413.95840644836426,215.42171697175925,5
3547,3547,3547,659.116792678833,135.4101392004577,5
3548,3548,3548,414.54081535339355,215.48325731894363,5
3549,3549,3549,660.0959777832031,135.43811704206834,5
3550,3550,3550,409.84320640563965,218.32190603994053,5
3551,3551,3551,661.2671852111816,135.42693226702355,5
3552,3552,3552,121.91359996795654,735.185124871695,5
3553,3553,3553,666.7263984680176,134.5451251969635,5
3554,3554,3554,407.7631950378418,220.17816227790757,5
3555,3555,3555,664.569616317749,135.20984941784823,5
3556,3556,3556,410.2719783782959,219.20143702594524,5
3557,3557,3557,668.3328151702881,134.67556484274434,5
3558,3558,3558,410.2911949157715,219.56121735074848,5
3559,3559,3559,684.1343879699707,131.78699001746054,5
3560,3560,3560,126.82240009307861,711.5149369021022,5
3561,3561,3561,688.812780380249,131.1126877061493,5
3562,3562,3562,406.85439109802246,222.16351263177833,5
3563,3563,3563,677.0304203033447,133.61932696239452,5
3564,3564,3564,404.4095993041992,223.88326202883948,5
3565,3565,3565,676.1023998260498,134.0281801592691,5
3566,3566,3566,404.204797744751,224.37400916075035,5
3567,3567,3567,688.6847972869873,131.80103711244664,5
3568,3568,3568,123.33439588546753,736.5806773672643,5
3569,3569,3569,688.5951995849609,132.04004046615745,5
3570,3570,3570,393.29280853271484,231.3761757798085,5
3571,3571,3571,677.510404586792,134.42609324582395,5
3572,3572,3572,391.379189491272,232.8984599678945,5
3573,3573,3573,670.527982711792,136.05425781792007,5
3574,3574,3574,384.53121185302734,237.44446129095456,5
3575,3575,3575,686.188793182373,133.1724878895143,5
3576,3576,3576,127.60319709777832,716.7388908125748,5
3577,3577,3577,684.5695972442627,133.71163784438303,5
3578,3578,3578,378.1951904296875,242.2339453865479,5
3579,3579,3579,670.4127788543701,136.7643188942211,5
3580,3580,3580,373.02401065826416,246.00406777586338,5
3581,3581,3581,665.5680179595947,137.99092114365322,5
3582,3582,3582,371.46880626678467,247.4482518728224,5
3583,3583,3583,659.9743843078613,139.39376248743324,5
3584,3584,3584,120.02559900283813,767.1143670428409,5
3585,3585,3585,791.1104202270508,116.48241622648906,5
3586,3586,3586,473.8880157470703,194.61895014712698,5
3587,3587,3587,797.651195526123,115.7207141714577,5
3588,3588,3588,478.5600185394287,193.04159011434137,5
3589,3589,3589,799.7119903564453,115.61568671339958,5
3590,3590,3590,484.4736099243164,191.00433151447797,5
3591,3591,3591,814.4831657409668,113.70880582626351,5
3592,3592,3592,158.00319910049438,586.6419281615038,5
3593,3593,3593,818.5600280761719,113.33162447723055,5
3594,3594,3594,501.1712074279785,185.2584821153011,5
3595,3595,3595,802.7711868286133,115.75370575655533,5
3596,3596,3596,506.82878494262695,183.49649474334365,5
3597,3597,3597,809.2160224914551,115.02356819310614,5
3598,3598,3598,514.028787612915,181.22830594101035,5
3599,3599,3599,821.951961517334,113.43030488775565,5
3600,3600,3600,136.31360530853271,684.5391535848332,5
3601,3601,3601,823.7631797790527,113.36969640600923,5
3602,3602,3602,520.0191974639893,179.73876132231163,5
3603,3603,3603,809.6832275390625,115.53342254392565,5
3604,3604,3604,526.9696235656738,177.6637239439137,5
3605,3605,3605,811.7312431335449,115.43394570878232,5
3606,3606,3606,524.8703956604004,178.6714183298628,5
3607,3607,3607,822.4831581115723,114.11465166228724,5
3608,3608,3608,143.50719451904297,654.5697150503145,5
3609,3609,3609,822.976016998291,114.23612488843065,5
3610,3610,3610,530.5920124053955,177.33354404157478,5
3611,3611,3611,805.6192398071289,116.89141918277049,5
3612,3612,3612,529.3568134307861,178.04292202299771,5
3613,3613,3613,801.5359878540039,117.682220416011,5
3614,3614,3614,527.564811706543,178.94460925591937,5
3615,3615,3615,803.3727645874023,117.60825225202262,5
3616,3616,3616,134.93119478225708,700.8142034508575,5
3617,3617,3617,805.4464340209961,117.50026845799277,5
3618,3618,3618,529.7279834747314,178.80627986215907,5
3619,3619,3619,798.2912063598633,118.7502136598335,5
3620,3620,3620,534.4128131866455,177.5328990228838,5
3621,3621,3621,798.8863945007324,118.8585821158492,5
3622,3622,3622,533.1200122833252,178.25854124098208,5
3623,3623,3623,818.182373046875,116.24783650594595,5
3624,3624,3624,141.83039665222168,671.1587325065054,5
3625,3625,3625,819.7695732116699,116.21501256353751,5
3626,3626,3626,532.096004486084,179.19397241873796,5
3627,3627,3627,795.7183837890625,119.92597847443588,5
3628,3628,3628,531.9424152374268,179.54247596776395,5
3629,3629,3629,792.1984195709229,120.65822402141586,5
3630,3630,3630,533.184003829956,179.42078778212826,5
3631,3631,3631,816.5504455566406,117.25347491143913,5
3632,3632,3632,136.67199611663818,701.1129321197847,5
3633,3633,3633,814.9439811706543,117.67885460818884,5
3634,3634,3634,532.5247764587402,180.23741326416302,5
3635,3635,3635,789.0495777130127,121.74158438614398,5
3636,3636,3636,533.7728023529053,180.11304901300903,5
3637,3637,3637,780.1216125488281,123.33819517143249,5
3638,3638,3638,533.8816165924072,180.37365803797476,5
3639,3639,3639,815.2511596679688,118.21830744436129,5
3640,3640,3640,142.956805229187,674.7289004210811,5
3641,3641,3641,815.443229675293,118.38544233231367,5
3642,3642,3642,532.6272010803223,181.39548708746835,5
3643,3643,3643,780.4671764373779,123.89473937314077,5
3644,3644,3644,533.5103988647461,181.39370511601632,5
3645,3645,3645,775.7503986358643,124.85346113945552,5
3646,3646,3646,530.1375865936279,182.848495793045,5
3647,3647,3647,792.3840045928955,122.43387231907008,5
3648,3648,3648,139.12960290908813,697.8706583921232,5
3649,3649,3649,798.3232021331787,121.7230523155822,5
3650,3650,3650,528.6911964416504,183.95284554493915,5
3651,3651,3651,776.5503883361816,125.34177867136988,5
3652,3652,3652,530.3296089172363,183.68615664301436,5
3653,3653,3653,778.4128189086914,125.24749051625803,5
3654,3654,3654,530.0288200378418,184.09251882007777,5
3655,3655,3655,817.0111656188965,119.52648489941441,5
3656,3656,3656,149.09440279006958,655.5219176779829,5
3657,3657,3657,822.156810760498,118.97349447913822,5
3658,3658,3658,532.1919918060303,183.94702312559443,5
3659,3659,3659,777.9391765594482,125.9422886906287,5
3660,3660,3660,529.4976234436035,185.18646290098766,5
3661,3661,3661,785.484790802002,124.93709453215537,5
3662,3662,3662,529.8880100250244,185.3535562190993,5
3663,3663,3663,816.3583755493164,120.40926318402408,5
3664,3664,3664,143.61599683761597,685.0047352262146,5
3665,3665,3665,816.9919967651367,120.51306455857987,5
3666,3666,3666,527.8656005859375,186.67407855829333,5
3667,3667,3667,787.8015995025635,125.18314762025194,5
3668,3668,3668,526.5215873718262,187.45705709175144,5
3669,3669,3669,788.5439872741699,125.27003719788016,5
3670,3670,3670,525.0112056732178,188.3040303363247,5
3671,3671,3671,816.6272163391113,121.16000966212381,5
3672,3672,3672,144.24959421157837,686.4729251907439,5
3673,3673,3673,815.8847808837891,121.46857835324174,5
3674,3674,3674,525.5551815032959,188.7248676043697,5
3675,3675,3675,786.5024089813232,126.21238360677067,5
3676,3676,3676,524.729585647583,189.3306614861304,5
3677,3677,3677,787.0207786560059,126.33529147196583,5
3678,3678,3678,522.59202003479,190.41554346232735,5
3679,3679,3679,796.2751865386963,125.07087168056597,5
3680,3680,3680,138.73920440673828,718.4131149245594,5
3681,3681,3681,798.8671779632568,124.86849282796302,5
3682,3682,3682,521.6127872467041,191.3961152351539,5
3683,3683,3683,787.0848178863525,126.94442035143781,5
3684,3684,3684,523.4496116638184,191.03545552388834,5
3685,3685,3685,788.1728172302246,126.97581807210061,5
3686,3686,3686,522.6560115814209,191.6372977495098,5
3687,3687,3687,818.892765045166,122.4115435926109,5
3688,3688,3688,144.55039501190186,694.0383202393855,5
3689,3689,3689,819.7440147399902,122.48353355754224,5
3690,3690,3690,519.7375774383545,193.34145222916587,5
3691,3691,3691,791.5520191192627,127.05234060788544,5
3692,3692,3692,516.7295932769775,194.78330849545404,5
3693,3693,3693,791.8655872344971,127.20859289490751,5
3694,3694,3694,517.087984085083,194.9648065142659,5
3695,3695,3695,820.3583717346191,122.98997392646734,5
3696,3696,3696,139.8527979850769,722.0291372559805,5
3697,3697,3697,817.5040245056152,123.61991710941827,5
3698,3698,3698,510.8543872833252,197.9855929629233,5
3699,3699,3699,789.3887996673584,128.23070487021715,5
3700,3700,3700,509.31200981140137,198.90754203403472,5
3701,3701,3701,780.7360172271729,129.86228374871916,5
3702,3702,3702,503.7504196166992,201.4298447497239,5
3703,3703,3703,819.1616058349609,123.9714106845727,5
3704,3704,3704,144.48000192642212,703.4531698010262,5
3705,3705,3705,816.3392066955566,124.60170284083165,5
3706,3706,3706,500.0192165374756,203.59145461836525,5
3707,3707,3707,783.7247848510742,129.9972521672387,5
3708,3708,3708,496.48637771606445,205.37228492160662,5
3709,3709,3709,780.4992198944092,130.74588296424636,5
3710,3710,3710,494.1823959350586,206.66382056519282,5
3711,3711,3711,793.4783935546875,128.81539017603436,5
3712,3712,3712,150.00319480895996,681.9513436782464,5
3713,3713,3713,796.4032173156738,128.5499279360899,5
3714,3714,3714,499.33438301086426,205.19379432713873,5
3715,3715,3715,784.4480037689209,130.7200748262809,5
3716,3716,3716,503.9231777191162,203.65392172773426,5
3717,3717,3717,789.1520023345947,130.15085220863727,5
3718,3718,3718,506.9375991821289,202.76997529841879,5
3719,3719,3719,823.1231689453125,124.98091634307393,5
3720,3720,3720,146.16320133209229,704.4023055165125,5
3721,3721,3721,830.5791854858398,124.05891036352813,5
3722,3722,3722,519.7375774383545,198.41522062782045,5
3723,3723,3723,797.2095966339111,129.46029321495232,5
3724,3724,3724,522.3167896270752,197.75388595443644,5
3725,3725,3725,803.7504196166992,128.61381310295027,5
3726,3726,3726,527.3663997650146,196.17609767724775,5
3727,3727,3727,830.9503555297852,124.60431899085775,5
3728,3728,3728,141.51040315628052,732.2667902342203,5
3729,3729,3729,831.4304351806641,124.73295971594453,5
3730,3730,3730,529.2672157287598,196.101762806315,5
3731,3731,3731,806.4191818237305,128.80860986849027,5
3732,3732,3732,532.6848030090332,195.15720694257746,5
3733,3733,3733,808.7488174438477,128.64422850451177,5
3734,3734,3734,532.0000171661377,195.72274144397835,5
3735,3735,3735,831.4047813415527,125.33988628481296,5
3736,3736,3736,146.40640020370483,712.3452551725322,5
3737,3737,3737,831.9231986999512,125.46311158182411,5
3738,3738,3738,535.7183933258057,194.9895464583597,5
3739,3739,3739,807.8847885131836,129.40377925718798,5
3740,3740,3740,534.9503993988037,195.5830823148909,5
3741,3741,3741,806.5216064453125,129.8306148343716,5
3742,3742,3742,532.7487945556641,196.70657174063396,5
3743,3743,3743,812.78076171875,129.0375360167442,5
3744,3744,3744,141.68319702148438,740.8310355396887,5
3745,3745,3745,813.753604888916,129.08998082329828,5
3746,3746,3746,532.7167987823486,197.34990545127053,5
3747,3747,3747,803.5903930664062,130.93216189968226,5
3748,3748,3748,536.9215965270996,196.1181868360277,5
3749,3749,3749,804.4223785400391,131.00629757374986,5
3750,3750,3750,537.4271869659424,196.24751512000404,5
3751,3751,3751,829.5680046081543,127.23869160293607,5
3752,3752,3752,154.83520030975342,682.2582320084076,5
3753,3753,3753,830.9887886047363,127.22443311360631,5
3754,3754,3754,542.4511909484863,195.0527750579644,5
3755,3755,3755,808.9407920837402,130.90103600442282,5
3756,3756,3756,541.7791843414307,195.607017572705,5
3757,3757,3757,810.7071876525879,130.82464273333923,5
3758,3758,3758,543.9680099487305,195.13131118501673,5
3759,3759,3759,839.0080451965332,126.61374293868208,5
3760,3760,3760,151.0975956916809,703.6164375304712,5
3761,3761,3761,840.7039642333984,126.56012661843602,5
3762,3762,3762,546.0608005523682,195.0048297703947,5
3763,3763,3763,819.2447662353516,130.08253001568139,5
3764,3764,3764,547.8528022766113,194.67713780927255,5
3765,3765,3765,812.3392105102539,131.39762659364166,5
3766,3766,3766,549.183988571167,194.514990267523,5
3767,3767,3767,852.0383834838867,125.47514219824092,5
3768,3768,3768,155.0976037979126,689.8546402007019,5
3769,3769,3769,854.201602935791,125.35683713303573,5
3770,3770,3770,549.6895790100098,194.95597168315345,5
3771,3771,3771,823.5584259033203,130.22824203924839,5
3772,3772,3772,550.7584095001221,194.8874668902831,5
3773,3773,3773,821.7727661132812,130.71898493554116,5
3774,3774,3774,547.9231834411621,196.20768183747504,5
3775,3775,3775,827.2064208984375,130.06695309877185,5
3776,3776,3776,152.53759622573853,705.9095450320917,5
3777,3777,3777,834.1312408447266,129.19228005040054,5
3778,3778,3778,546.2207794189453,197.4456812476573,5
3779,3779,3779,829.0047645568848,130.19779969020158,5
3780,3780,3780,547.430419921875,197.32243600093656,5
3781,3781,3781,834.2207908630371,129.58926253823003,5
3782,3782,3782,547.1615791320801,197.73291777470257,5
3783,3783,3783,868.9087867736816,124.61342435728217,5
3784,3784,3784,154.94400262832642,699.3725911930798,5
3785,3785,3785,876.2304306030273,123.76826855392862,5
3786,3786,3786,550.5023956298828,197.15718618774414,5
3787,3787,3787,841.6128158569336,129.0635393846767,5
3788,3788,3788,545.4976081848145,199.28153325132436,5
3789,3789,3789,846.2847709655762,128.55450064860653,5
3790,3790,3790,546.4960098266602,199.23270443371575,5
3791,3791,3791,872.0767974853516,124.95010262422481,5
3792,3792,3792,153.5680055618286,710.1240768025342,5
3793,3793,3793,872.8896141052246,125.0314298055603,5
3794,3794,3794,543.9040184020996,200.8166453501943,5
3795,3795,3795,846.7840194702148,129.0900244177848,5
3796,3796,3796,543.2064056396484,201.39269996858647,5
3797,3797,3797,847.481632232666,129.18779709427662,5
3798,3798,3798,540.4863834381104,202.72631196923885,5
3799,3799,3799,871.6480255126953,125.80465920690928,5
3800,3800,3800,155.2448034286499,706.9093301434599,5
3801,3801,3801,870.9183692932129,126.10902086165922,5
3802,3802,3802,539.961576461792,203.56517205586354,5
3803,3803,3803,845.5743789672852,130.09396688242845,5
3804,3804,3804,538.6303901672363,204.39048174355423,5
3805,3805,3805,841.2480354309082,130.96942353459906,5
3806,3806,3806,533.9712142944336,206.49926115904756,5
3807,3807,3807,849.516773223877,129.89925727684079,5
3808,3808,3808,148.87679815292358,741.8118981210187,5
3809,3809,3809,848.3839988708496,130.27780863984142,5
3810,3810,3810,531.4943790435791,208.1163721788495,5
3811,3811,3811,838.6816024780273,131.99264313765633,5
3812,3812,3812,533.7471961975098,207.56449391259002,5
3813,3813,3813,838.8928413391113,132.16727111059063,5
3814,3814,3814,534.496021270752,207.60011276452863,5
3815,3815,3815,864.1087532043457,128.5124544083157,5
3816,3816,3816,155.33440113067627,715.4634400560499,5
3817,3817,3817,863.2896423339844,128.83680467345457,5
3818,3818,3818,530.8032035827637,209.70280155184525,5
3819,3819,3819,837.9712104797363,132.93822404020864,5
3820,3820,3820,526.4895915985107,211.7533523531016,5
3821,3821,3821,833.3184242248535,133.89061141398,5
3822,3822,3822,525.3056049346924,212.56414446573828,5
3823,3823,3823,857.1711540222168,130.36930257116845,5
3824,3824,3824,154.63039875030518,723.2505467996103,5
3825,3825,3825,855.4112434387207,130.8426585557476,5
3826,3826,3826,515.4240131378174,217.3202743700059,5
3827,3827,3827,825.5488395690918,135.78838124769496,5
3828,3828,3828,512.2047901153564,219.02926577225793,5
3829,3829,3829,817.523193359375,137.33651166107614,5
3830,3830,3830,507.1807861328125,221.54580195507634,5
3831,3831,3831,848.1535911560059,132.5842530817229,5
3832,3832,3832,157.50399827957153,714.5208627417846,5
3833,3833,3833,843.3407783508301,133.54983414207288,5
3834,3834,3834,498.7264156341553,226.0080715088568,5
3835,3835,3835,812.7743721008301,138.78933640393606,5
3836,3836,3836,493.555212020874,228.73364390127324,5
3837,3837,3837,806.112003326416,140.15545487448972,5
3838,3838,3838,491.59040451049805,230.00724161121292,5
3839,3839,3839,805.6320190429688,140.45836655353278,5
3840,3840,3840,155.71199655532837,727.2799174452869,5
3841,3841,3841,855.4688453674316,132.4825623466413,5
3842,3842,3842,518.2720184326172,218.84887345263203,5
3843,3843,3843,846.2911605834961,134.12858540993918,5
3844,3844,3844,526.0032176971436,215.96915635867393,5
3845,3845,3845,851.3407707214355,133.54129880759567,5
3846,3846,3846,533.625602722168,213.21668018098904,5
3847,3847,3847,895.5648422241211,127.14506809268437,5
3848,3848,3848,228.03199291229248,499.73458078678675,5
3849,3849,3849,902.0607948303223,126.42644348538809,5
3850,3850,3850,548.5695838928223,208.05610327512977,5
3851,3851,3851,861.4015579223633,132.60041968985465,5
3852,3852,3852,552.8960227966309,206.74992711612717,5
3853,3853,3853,869.2480087280273,131.60831178825728,5
3854,3854,3854,558.1952095031738,205.10631008442763,5
3855,3855,3855,909.9391937255859,125.91885649070514,5
3856,3856,3856,181.4079999923706,632.0983200124721,5
3857,3857,3857,912.3776435852051,125.77788199090512,5
3858,3858,3858,569.049596786499,201.8210891854634,5
3859,3859,3859,879.1872024536133,130.72931138811032,5
3860,3860,3860,571.7567920684814,201.17804212498632,5
3861,3861,3861,884.166431427002,130.1953214579873,5
3862,3862,3862,573.7919807434082,200.77624596067253,5
3863,3863,3863,918.4063911437988,125.53627065945368,5
3864,3864,3864,222.59840965270996,518.345451200735,5
3865,3865,3865,921.2479591369629,125.34353873432309,5
3866,3866,3866,578.7136077880859,199.68794622558224,5
3867,3867,3867,890.4576301574707,129.8790945342878,5
3868,3868,3868,578.6431789398193,200.02236313587906,5
3869,3869,3869,892.3904418945312,129.79897854137903,5
3870,3870,3870,577.023983001709,200.89495309531472,5
3871,3871,3871,904.640007019043,128.24006203780232,5
3872,3872,3872,175.52640438079834,661.444767273435,5
3873,3873,3873,914.252758026123,127.08848643219523,5
3874,3874,3874,578.0799865722656,201.1504047000315,5
3875,3875,3875,901.4528274536133,129.09282683012958,5
3876,3876,3876,586.3039970397949,198.63622172116166,5
3877,3877,3877,909.331226348877,128.17262938827477,5
3878,3878,3878,587.7952098846436,198.43915421987063,5
3879,3879,3879,942.5215721130371,123.85057735739579,5
3880,3880,3880,227.39839553833008,513.7333696811795,5
3881,3881,3881,944.4031715393066,123.79510912848944,5
3882,3882,3882,588.7296199798584,198.73790270651395,5
3883,3883,3883,921.0623741149902,127.12855943823567,5
3884,3884,3884,590.6752109527588,198.3896057174679,5
3885,3885,3885,923.4560012817383,126.99506861964791,5
3886,3886,3886,594.8416233062744,197.30451991516185,5
3887,3887,3887,958.1439971923828,122.58655332619743,5
3888,3888,3888,181.87520503997803,646.3016556773758,5
3889,3889,3889,958.3423614501953,122.75046316432038,5
3890,3890,3890,598.4896183013916,196.708070449292,5
3891,3891,3891,934.0928077697754,126.13152886092941,5
3892,3892,3892,599.5327949523926,196.66883541435445,5
3893,3893,3893,930.56640625,126.80484178396054,5
3894,3894,3894,601.2991905212402,196.39354888476035,5
3895,3895,3895,974.5023727416992,121.27449666182116,5
3896,3896,3896,220.8064079284668,535.6426717032426,5
3897,3897,3897,973.6960411071777,121.56199219153575,5
3898,3898,3898,600.4159927368164,197.28917120287846,5
3899,3899,3899,940.8639907836914,125.9977686033628,5
3900,3900,3900,601.913595199585,197.10137957701642,5
3901,3901,3901,939.0527725219727,126.43515559102605,5
3902,3902,3902,596.665620803833,199.141042274103,5
3903,3903,3903,954.304027557373,124.60598218197396,5
3904,3904,3904,166.20160341262817,716.0184503909425,5
3905,3905,3905,956.8320274353027,124.4679126901955,5
3906,3906,3906,601.8239974975586,198.04195799367992,5
3907,3907,3907,940.2303695678711,126.86036438157177,5
3908,3908,3908,605.7472229003906,197.06170183074727,5
3909,3909,3909,939.9168014526367,127.09767148897996,5
3910,3910,3910,606.2528133392334,197.19981395468304,5
3911,3911,3911,972.5376129150391,123.02320493639579,5
3912,3912,3912,225.5295991897583,530.9125431259023,5
3913,3913,3913,970.9440231323242,123.41426090396699,5
3914,3914,3914,608.3456039428711,197.12517212380737,5
3915,3915,3915,934.2656135559082,128.45615851494492,5
3916,3916,3916,604.4095993041992,198.71318842431486,5
3917,3917,3917,938.6624336242676,128.05049836916425,5
3918,3918,3918,606.1759948730469,198.43786999383295,5
3919,3919,3919,963.0271911621094,125.00207909263072,5
3920,3920,3920,175.9552001953125,684.6775535265449,5
3921,3921,3921,960.9855651855469,125.4595306004637,5
3922,3922,3922,606.5216064453125,198.93284198586775,5
3923,3923,3923,935.1679801940918,129.120527532325,5
3924,3924,3924,604.3968200683594,199.93775949107803,5
3925,3925,3925,933.72802734375,129.51753905688253,5
3926,3926,3926,602.0671844482422,201.01845222292513,5
3927,3927,3927,954.6431541442871,126.87370923910042,5
3928,3928,3928,220.67201137542725,549.2842918705431,5
3929,3929,3929,955.2448272705078,126.98762109459595,5
3930,3930,3930,602.7008056640625,201.4215226844496,5
3931,3931,3931,935.7119560241699,129.83654446204582,5
3932,3932,3932,601.7407894134521,202.05103139927175,5
3933,3933,3933,936.2688064575195,129.95747976948184,5
3934,3934,3934,596.947193145752,203.984490430913,5
3935,3935,3935,941.004753112793,129.5007813158126,5
3936,3936,3936,172.6591944694519,706.3265879743052,5
3937,3937,3937,947.7184295654297,128.77955318644987,5
3938,3938,3938,595.8144187927246,204.99634700262382,5
3939,3939,3939,944.7487831115723,129.381325727058,5
3940,3940,3940,601.0047912597656,203.5357617425855,5
3941,3941,3941,948.6783981323242,129.04176323926862,5
3942,3942,3942,599.513578414917,204.35291240594808,5
3943,3943,3943,968.4927940368652,126.59423629055219,5
3944,3944,3944,224.1663932800293,547.3564122286795,5
3945,3945,3945,968.7935829162598,126.74760590421239,5
3946,3946,3946,591.5775775909424,207.72536642180117,5
3947,3947,3947,954.700756072998,128.8143090530839,5
3948,3948,3948,589.4847869873047,208.7799676951638,5
3949,3949,3949,954.6751976013184,129.01367816767709,5
3950,3950,3950,588.5632038116455,209.42483186469488,5
3951,3951,3951,972.7295875549316,126.81159315001719,5
3952,3952,3952,173.44640493392944,711.730374942187,5
3953,3953,3953,974.5152473449707,126.7715499481226,5
3954,3954,3954,583.8208198547363,211.76803759544276,5
3955,3955,3955,1141.8560028076172,108.35728624780553,5
3956,3956,3956,581.4591884613037,212.9509621469167,5
3957,3957,3957,952.8575897216797,130.04694334459225,5
3958,3958,3958,578.220796585083,214.46857075427306,5
3959,3959,3959,975.4688262939453,127.22518937842794,5
3960,3960,3960,198.07360172271729,627.0309163856415,5
3961,3961,3961,975.8720397949219,127.36545396681298,5
3962,3962,3962,571.0720062255859,217.81236849292276,5
3963,3963,3963,953.6576271057129,130.5298161057976,5
3964,3964,3964,569.0688133239746,218.91027547327326,5
3965,3965,3965,949.2223739624023,131.33836461269297,5
3966,3966,3966,566.380786895752,220.28230525934845,5
3967,3967,3967,952.1280288696289,131.13579302379335,5
3968,3968,3968,169.93919610977173,735.27775418737,5
3969,3969,3969,936.2815856933594,133.55704771807189,5
3970,3970,3970,571.9295978546143,218.80585734576943,5
3971,3971,3971,935.148811340332,133.9210762001625,5
3972,3972,3972,578.2527923583984,216.74045288193017,5
3973,3973,3973,942.4511909484863,133.08429957817907,5
3974,3974,3974,582.6111793518066,215.44418180861115,5
3975,3975,3975,974.57275390625,128.8923461552914,5
3976,3976,3976,243.82081031799316,515.5827190798366,5
3977,3977,3977,979.8720359802246,128.38887839078913,5
3978,3978,3978,592.9344177246094,212.33308598806036,5
3979,3979,3979,953.8623809814453,132.08882957346745,5
3980,3980,3980,595.9167957305908,211.58924350406141,5
3981,3981,3981,963.5647773742676,130.95606361396437,5
3982,3982,3982,599.564790725708,210.61904616372163,5
3983,3983,3983,981.4271926879883,128.76648121790595,5
3984,3984,3984,177.57439613342285,712.2092968457853,5
3985,3985,3985,982.7520370483398,128.78670150624626,5
3986,3986,3986,606.0671806335449,208.9878854347414,5
3987,3987,3987,962.6432418823242,131.675002837131,5
3988,3988,3988,609.0112209320068,208.2908297647973,5
3989,3989,3989,966.9631958007812,131.28410873267018,5
3990,3990,3990,609.9199771881104,208.29355120600982,5
3991,3991,3991,981.7791938781738,129.49749122283413,5
3992,3992,3992,240.83199501037598,528.3082713761446,5
3993,3993,3993,980.4863929748535,129.863276253815,5
3994,3994,3994,613.4528160095215,207.71746455887526,5
3995,3995,3995,961.7024421691895,132.59881035798148,5
3996,3996,3996,615.1679992675781,207.44964631440624,5
3997,3997,3997,959.9231719970703,133.04420569440092,5
3998,3998,3998,610.4767799377441,209.35783339217872,5
3999,3999,3999,960.1216316223145,133.21647985566264,5
4000,4000,4000,176.07040405273438,726.9819177654813,5
4001,4001,4001,965.8047676086426,132.63138503568277,5
4002,4002,4002,609.8879814147949,210.18957566375528,5
4003,4003,4003,961.4656448364258,133.42984925459888,5
4004,4004,4004,617.1648025512695,208.0228548311207,5
4005,4005,4005,963.7120246887207,133.3184571309041,5
4006,4006,4006,616.4031982421875,208.5921435817755,5
4007,4007,4007,987.1744155883789,130.34492654401686,5
4008,4008,4008,188.08319568634033,684.6413713575155,5
4009,4009,4009,989.5296096801758,130.22949914520552,5
4010,4010,4010,615.0720119476318,209.67041174843777,5
4011,4011,4011,961.030387878418,134.29222248311208,5
4012,4012,4012,613.7343883514404,210.441946723771,5
4013,4013,4013,960.870361328125,134.51560751165897,5
4014,4014,4014,615.1999950408936,210.25473103165734,5
4015,4015,4015,987.7568244934082,131.04987334953498,5
4016,4016,4016,181.97120428085327,711.8826998147764,5
4017,4017,4017,990.1823997497559,130.92430834840434,5
4018,4018,4018,615.5712127685547,210.75674913469135,5
4019,4019,4019,950.6815910339355,136.5679938924635,5
4020,4020,4020,610.6112003326416,212.78616561441794,5
4021,4021,4021,941.4272308349609,138.11646642797677,5
4022,4022,4022,608.8640213012695,213.71543192501113,5
4023,4023,4023,979.8656463623047,132.89650557444992,5
4024,4024,4024,188.4992003440857,691.3443208783822,5
4025,4025,4025,977.2095680236816,133.45656399348672,5
4026,4026,4026,607.1743965148926,214.95020195371302,5
4027,4027,4027,936.1344337463379,139.52006320642508,5
4028,4028,4028,605.8239936828613,215.7505501051892,5
4029,4029,4029,930.0095558166504,140.6482674934878,5
4030,4030,4030,602.8096199035645,217.15256306118877,5
4031,4031,4031,942.4832344055176,138.99358503138706,5
4032,4032,4032,174.02880191802979,753.3042811944918,5
4033,4033,4033,946.7071533203125,138.57950414114094,5
4034,4034,4034,604.7359943389893,217.10601624020978,5
4035,4035,4035,930.5983543395996,141.18817762496553,5
4036,4036,4036,609.1519832611084,215.8528592619537,5
4037,4037,4037,936.3840103149414,140.5245666911196,5
4038,4038,4038,607.3344230651855,216.82084983657583,5
4039,4039,4039,990.988826751709,132.9789187128923,5
4040,4040,4040,186.64319515228271,706.5809599562413,5
4041,4041,4041,994.1696166992188,132.75046795352716,5
4042,4042,4042,609.7023963928223,216.62123186228445,5
4043,4043,4043,938.8352394104004,140.78352565569006,5
4044,4044,4044,604.3456077575684,218.8658818234682,5
4045,4045,4045,944.0064430236816,140.2202106015492,5
4046,4046,4046,607.4624061584473,218.0661343468356,5
4047,4047,4047,991.6031837463379,133.6877753308137,5
4048,4048,4048,181.47200345993042,731.0412331084035,5
4049,4049,4049,989.0048027038574,134.23783073149906,5
4050,4050,4050,601.9904136657715,220.70160418495428,5
4051,4051,4051,942.7328109741211,141.0353896186285,5
4052,4052,4052,599.0592002868652,222.11023076230913,5
4053,4053,4053,943.9871788024902,141.05669731967842,5
4054,4054,4054,595.2256202697754,223.87191409470057,5
4055,4055,4055,989.2928123474121,134.79622118508848,5
4056,4056,4056,187.2704029083252,712.6145571296113,5
4057,4057,4057,980.0064086914062,136.27497249158662,5
4058,4058,4058,592.1599864959717,225.69766494161655,5
4059,4059,4059,932.0128440856934,143.5044115612023,5
4060,4060,4060,587.7823829650879,227.7149432836098,5
4061,4061,4061,931.0400009155273,143.86681327363593,5
4062,4062,4062,582.3359966278076,230.18452136262653,5
4063,4063,4063,949.1135597229004,141.33583354679297,5
4064,4064,4064,180.4352045059204,743.9946581133797,5
4065,4065,4065,954.7455787658691,140.70968458807022,5
4066,4066,4066,577.4464130401611,232.82007811632155,5
4067,4067,4067,931.2128067016602,144.4786160131749,5
4068,4068,4068,578.3360004425049,232.8051595629229,5
4069,4069,4069,932.7936172485352,144.4466584317332,5
4070,4070,4070,583.0592155456543,231.26002026022687,5
4071,4071,4071,984.7743988037109,137.02397217669375,5
4072,4072,4072,187.8208041191101,718.9680777341557,5
4073,4073,4073,985.5104446411133,137.12353305723903,5
4074,4074,4074,582.4704170227051,232.17700074668068,5
4075,4075,4075,936.2624168395996,144.54905090266558,5
4076,4076,4076,578.0223846435547,234.3084031867004,5
4077,4077,4077,931.7440032958984,145.46399932445547,5
4078,4078,4078,578.5408020019531,234.44321409078785,5
4079,4079,4079,971.6095924377441,139.70093660504614,5
4080,4080,4080,182.3807954788208,744.785785385907,5
4081,4081,4081,971.6287612915039,139.90377014088563,5
4082,4082,4082,566.8416023254395,239.9867585193559,5
4083,4083,4083,917.2991752624512,148.4079384842466,5
4084,4084,4084,561.9967937469482,242.41157765277694,5
4085,4085,4085,910.7711791992188,149.69141686045674,5
4086,4086,4086,551.6160011291504,247.33650915259872,5
4087,4087,4087,949.9327659606934,143.73119645780235,5
4088,4088,4088,187.78879642486572,727.600482804456,5
4089,4089,4089,939.4495964050293,145.54853656996897,5
4090,4090,4090,540.2368068695068,253.28866204603577,5
4091,4091,4091,896.6591835021973,152.71828322456972,5
4092,4092,4092,528.8127899169922,259.1402779753316,5
4093,4093,4093,888.3392333984375,154.37479237449293,5
4094,4094,4094,526.9696235656738,260.4281518911814,5
4095,4095,4095,903.6288261413574,151.9853182821281,5
4096,4096,4096,177.17759609222412,775.712937207143,5
4097,4097,4097,1025.3920555114746,134.13371071750115,2
4098,4098,4098,636.1920237541199,216.35036788388953,2
4099,4099,4099,1025.6799459457397,134.2925394441579,2
4100,4100,4100,642.1440243721008,214.65900914484757,2
4101,4101,4101,1032.3359966278076,133.62208142755787,2
4102,4102,4102,652.8480052947998,211.44863321389025,2
4103,4103,4103,1095.6480503082275,126.08501554412216,2
4104,4104,4104,197.7439969778061,699.1151986450244,2
4105,4105,4105,1107.8879833221436,124.8744614371113,2
4106,4106,4106,680.8800101280212,203.33692276553774,2
4107,4107,4107,1056.2399625778198,131.17211144696887,2
4108,4108,4108,688.6559724807739,201.33486234720905,2
4109,4109,4109,1065.2639865875244,130.25103242481563,2
4110,4110,4110,695.7280039787292,199.57952131569684,2
4111,4111,4111,1130.3839683532715,122.92676042144069,2
4112,4112,4112,191.23199582099915,727.1579489562087,2
4113,4113,4113,1138.6719942092896,122.21020847239937,2
4114,4114,4114,708.7839841842651,196.47575311435983,2
4115,4115,4115,1088.1919860839844,128.06604306240908,2
4116,4116,4116,713.6639952659607,195.4169843471321,2
4117,4117,4117,1096.07994556427,127.3298902975107,2
4118,4118,4118,714.0640020370483,195.5923581997817,2
4119,4119,4119,1147.663950920105,121.78411128618777,2
4120,4120,4120,199.072003364563,702.6053570368512,2
4121,4121,4121,1150.7200002670288,121.6376938695071,2
4122,4122,4122,717.5520062446594,195.20933183516206,2
4123,4123,4123,1098.8160371780396,127.56895876219149,2
4124,4124,4124,711.903989315033,197.0446006110586,2
4125,4125,4125,1102.288007736206,127.3522938331692,2
4126,4126,4126,711.4560008049011,197.45567483170808,2
4127,4127,4127,1122.7680444717407,125.21125218890961,2
4128,4128,4128,206.59199357032776,680.9819096697379,2
4129,4129,4129,1125.2319812774658,125.11880191866305,2
4130,4130,4130,716.4319753646851,196.65508917058435,2
4131,4131,4131,1104.207992553711,127.68641517973964,2
4132,4132,4132,724.3040204048157,194.8004870346318,2
4133,4133,4133,1109.0079545974731,127.31851082641614,2
4134,4134,4134,726.4639735221863,194.50345971448877,2
4135,4135,4135,1159.7280502319336,121.92713690224274,2
4136,4136,4136,199.0399956703186,710.9371884552428,2
4137,4137,4137,1167.2159433364868,121.32082286437476,2
4138,4138,4138,734.000027179718,193.06581321052542,2
4139,4139,4139,1121.343970298767,126.46706005849019,2
4140,4140,4140,735.7760071754456,192.87920048493808,2
4141,4141,4141,1120.4639673233032,126.74994875673796,2
4142,4142,4142,740.4800057411194,191.93180298468104,2
4143,4143,4143,1169.1999435424805,121.64268840373288,2
4144,4144,4144,192.52799451351166,739.2568354936634,2
4145,4145,4145,1172.4799871444702,121.47814786748255,2
4146,4146,4146,747.7759718894958,190.61030794001394,2
4147,4147,4147,1127.2640228271484,126.53377217545739,2
4148,4148,4148,749.9359846115112,190.3364853974084,2
4149,4149,4149,1120.0799942016602,127.52967702080245,2
4150,4150,4150,750.2719759941101,190.52657512710056,2
4151,4151,4151,1180.1600456237793,121.21246642135743,2
4152,4152,4152,199.42399859428406,717.8349678327186,2
4153,4153,4153,1183.2000017166138,121.07587808160876,2
4154,4154,4154,750.8320212364197,190.93550151460457,2
4155,4155,4155,1128.6239624023438,127.11412527927212,2
4156,4156,4156,752.4960041046143,190.78859694787272,2
4157,4157,4157,1124.4640350341797,127.7687069659217,2
4158,4158,4158,747.5200295448303,192.33601634934857,2
4159,4159,4159,1136.3840103149414,126.61105933558933,2
4160,4160,4160,204.76800203323364,703.1498601848534,2
4161,4161,4161,1145.2159881591797,125.81596140096208,2
4162,4162,4162,748.9280104637146,192.5289975023387,2
4163,4163,4163,1138.64004611969,126.72513845418737,2
4164,4164,4164,755.5519938468933,191.1163322497448,2
4165,4165,4165,1151.9839763641357,125.4378422051277,2
4166,4166,4166,760.2880001068115,190.19962510480832,2
4167,4167,4167,1202.5599479675293,120.33549859246382,2
4168,4168,4168,201.7280012369156,717.8718788470271,2
4169,4169,4169,1213.6319875717163,119.4094413315193,2
4170,4170,4170,766.3679718971252,189.2347166348798,2
4171,4171,4171,1170.240044593811,124.01539760363755,2
4172,4172,4172,764.5120024681091,189.96718485405103,2
4173,4173,4173,1185.4560375213623,122.5997817159719,2
4174,4174,4174,770.0960040092468,188.8610761396103,2
4175,4175,4175,1225.343942642212,118.77948197643138,2
4176,4176,4176,195.0560063123703,746.7102926261593,2
4177,4177,4177,1222.9599952697754,119.18213762490866,2
4178,4178,4178,765.8720016479492,190.4491810513368,2
4179,4179,4179,1192.479968070984,122.40411460673802,2
4180,4180,4180,767.5679922103882,190.30140063469824,2
4181,4181,4181,1195.2320337295532,122.29769564147662,2
4182,4182,4182,768.6399817466736,190.3089048316124,2
4183,4183,4183,1224.992036819458,119.49791392445958,2
4184,4184,4184,202.12799310684204,724.7338716244412,2
4185,4185,4185,1222.8000164031982,119.88392319555139,2
4186,4186,4186,771.5520262718201,190.13516745054528,2
4187,4187,4187,1204.3520212173462,121.89487111717699,2
4188,4188,4188,769.5519924163818,190.90268986596504,2
4189,4189,4189,1203.1519412994385,122.19138871123775,2
4190,4190,4190,765.3759717941284,192.2194103574139,2
4191,4191,4191,1206.5759897232056,122.01923541987126,2
4192,4192,4192,208.91200006008148,705.2294350426437,2
4193,4193,4193,1208.0960273742676,122.0402606856055,2
4194,4194,4194,762.719988822937,193.44172033001666,2
4195,4195,4195,1205.183982849121,122.51028212385745,2
4196,4196,4196,768.4159874916077,192.2826248765597,2
4197,4197,4197,1210.479974746704,122.14882511950665,2
4198,4198,4198,766.8799757957458,192.94338808425152,2
4199,4199,4199,1229.472041130066,120.4339588413102,2
4200,4200,4200,202.17600464820862,732.9059660558137,2
4201,4201,4201,1232.7040433883667,120.2899154888903,2
4202,4202,4202,762.5280022621155,194.59977912390474,2
4203,4203,4203,1216.9760465621948,122.01862746064418,2
4204,4204,4204,757.4080228805542,196.19512711635838,2
4205,4205,4205,1215.3760194778442,122.3537636639299,2
4206,4206,4206,755.5680274963379,196.9537384014324,2
4207,4207,4207,1237.615942955017,120.326597547243,2
4208,4208,4208,196.27200067043304,759.2745440763699,2
4209,4209,4209,1239.9840354919434,120.26816345166483,2
4210,4210,4210,752.1119713783264,198.4238087933998,2
4211,4211,4211,1217.039942741394,122.7102633341703,2
4212,4212,4212,750.3200173377991,199.18129438457558,2
4213,4213,4213,1210.8479738235474,123.51359247993778,2
4214,4214,4214,740.3200268745422,202.15947057361242,2
4215,4215,4215,1233.855962753296,121.38311218741967,2
4216,4216,4216,203.0239999294281,738.2176464068161,2
4217,4217,4217,1234.6080541610718,121.48193276441455,2
4218,4218,4218,735.5999946594238,204.03656546176293,2
4219,4219,4219,1206.5119743347168,124.48784107660404,2
4220,4220,4220,731.6960096359253,205.41713227982095,2
4221,4221,4221,1198.8639831542969,125.46024723026639,2
4222,4222,4222,727.2639870643616,206.96294711851246,2
4223,4223,4223,1189.0720129013062,126.67329942993275,2
4224,4224,4224,209.75999534130096,718.5865093234091,2
4225,4225,4225,1193.727970123291,126.35858840973721,2
4226,4226,4226,731.3759922981262,206.3848307047947,2
4227,4227,4227,1198.639988899231,126.01956514459228,2
4228,4228,4228,735.5200052261353,205.51354093696764,2
4229,4229,4229,1204.0319442749023,125.63337932790186,2
4230,4230,4230,740.8319711685181,204.32964544070248,2
4231,4231,4231,1233.0880165100098,122.84712425535953,2
4232,4232,4232,216.70399606227875,699.5198662254239,2
4233,4233,4233,1244.5919513702393,121.88431277173963,2
4234,4234,4234,758.8480114936829,200.0450254975251,2
4235,4235,4235,1215.6480550765991,124.96326968616582,2
4236,4236,4236,761.8880271911621,199.52931019594243,2
4237,4237,4237,1224.7519493103027,124.21019635173263,2
4238,4238,4238,766.4480209350586,198.62327827303355,2
4239,4239,4239,1242.8959608078003,122.57036199473013,2
4240,4240,4240,210.68799495697021,723.5820343306015,2
4241,4241,4241,1244.4000244140625,122.59557702422366,2
4242,4242,4242,770.9919810295105,198.0122812329958,2
4243,4243,4243,1218.9760208129883,125.32967934193525,2
4244,4244,4244,781.2640070915222,195.68534602937422,2
4245,4245,4245,1222.383975982666,125.15708259919914,2
4246,4246,4246,775.3279805183411,197.46244391908456,2
4247,4247,4247,1237.5999689102173,123.79311432991356,2
4248,4248,4248,216.24000370502472,709.0020318032276,2
4249,4249,4249,1237.1200323104858,124.0161799105802,2
4250,4250,4250,782.9599976539612,196.0907970522589,2
4251,4251,4251,1216.752052307129,126.27030314900898,2
4252,4252,4252,785.6960296630859,195.6839492773416,2
4253,4253,4253,1211.9200229644775,126.9527705117466,2
4254,4254,4254,777.6479721069336,197.9882461608585,2
4255,4255,4255,1218.0479764938354,126.49235967987323,2
4256,4256,4256,207.96799659729004,741.3756970047626,2
4257,4257,4257,1216.7999744415283,126.80073013382058,2
4258,4258,4258,777.6319980621338,198.55135000715757,2
4259,4259,4259,1211.0240459442139,127.58515611267846,2
4260,4260,4260,788.1439924240112,196.17931937089202,2
4261,4261,4261,1210.047960281372,127.86804179730322,2
4262,4262,4262,784.7679853439331,197.30089446518602,2
4263,4263,4263,1241.2960529327393,124.82472535695385,2
4264,4264,4264,217.74399280548096,712.0908434269194,2
4265,4265,4265,1239.9519681930542,125.13599174015906,2
4266,4266,4266,785.9039902687073,197.5709350182982,2
4267,4267,4267,1211.1999988555908,128.28682667834596,2
4268,4268,4268,787.7280116081238,197.39081430730278,2
4269,4269,4269,1211.9519710540771,128.3875912035273,2
4270,4270,4270,790.3040051460266,197.02413879482904,2
4271,4271,4271,1248.8800287246704,124.76649913372256,2
4272,4272,4272,210.7519954442978,739.8642322094269,2
4273,4273,4273,1253.391981124878,124.49209120833979,2
4274,4274,4274,789.4080281257629,197.8026066174282,2
4275,4275,4275,1220.304012298584,128.04726705411105,2
4276,4276,4276,794.1280007362366,196.90311008682826,2
4277,4277,4277,1212.5439643859863,129.0476951450062,2
4278,4278,4278,791.7760014533997,197.7652588820172,2
4279,4279,4279,1264.2079591751099,123.94766077904083,2
4280,4280,4280,217.47200191020966,721.0376628838053,2
4281,4281,4281,1269.312024116516,123.62243254665331,2
4282,4282,4282,792.639970779419,198.10435169146683,2
4283,4283,4283,1223.855972290039,128.3937570529425,2
4284,4284,4284,795.1200008392334,197.76330169286453,2
4285,4285,4285,1221.1040258407593,128.8634669283453,2
4286,4286,4286,790.0800108909607,199.30372764959367,2
4287,4287,4287,1230.5760383605957,128.05071031281162,2
4288,4288,4288,205.55199682712555,767.1364626859757,2
4289,4289,4289,1235.1360321044922,127.75659930278063,2
4290,4290,4290,788.4320020675659,200.2800210873073,2
4291,4291,4291,1223.6640453338623,129.13481354997788,2
4292,4292,4292,791.0240292549133,199.90306783087883,2
4293,4293,4293,1231.2320470809937,128.5206016925505,2
4294,4294,4294,789.903998374939,200.4664980728928,2
4295,4295,4295,1280.1120281219482,123.78599784151432,2
4296,4296,4296,220.5439954996109,718.9978231453587,2
4297,4297,4297,1283.8560342788696,123.59751242290179,2
4298,4298,4298,790.4800176620483,200.88075553592043,2
4299,4299,4299,1231.376051902771,129.04513251858089,2
4300,4300,4300,787.1040105819702,202.0241262427668,2
4301,4301,4301,1239.743947982788,128.35308941085407,2
4302,4302,4302,783.0560207366943,203.3519684405105,2
4303,4303,4303,1274.7039794921875,125.00710346686152,2
4304,4304,4304,217.18400716781616,734.2077117344469,2
4305,4305,4305,1275.0400304794312,125.14849842792772,2
4306,4306,4306,783.0880284309387,203.91139110113772,2
4307,4307,4307,1232.4800491333008,129.65065438452177,2
4308,4308,4308,778.9440155029297,205.2819830970235,2
4309,4309,4309,1232.2880029678345,129.851585727218,2
4310,4310,4310,774.6719717979431,206.70165932086346,2
4311,4311,4311,1264.1279697418213,126.7573127859247,2
4312,4312,4312,221.343994140625,724.4334741430868,2
4313,4313,4313,1265.0400400161743,126.84229709594679,2
4314,4314,4314,773.1519937515259,207.68519461336913,2
4315,4315,4315,1226.0960340499878,131.0532839905173,2
4316,4316,4316,772.9600071907043,208.02583768390048,2
4317,4317,4317,1223.24800491333,131.54114732228862,2
4318,4318,4318,763.8400197029114,210.80237577317172,2
4319,4319,4319,1238.144040107727,130.13929098586985,2
4320,4320,4320,214.7359997034073,750.8900986453531,2
4321,4321,4321,1238.4320497512817,130.28985833692326,2
4322,4322,4322,761.7759704589844,211.9615146152654,2
4323,4323,4323,1216.271996498108,132.84799206034452,2
4324,4324,4324,768.6880230903625,210.34729772157837,2
4325,4325,4325,1220.7200527191162,132.54771713595377,2
4326,4326,4326,765.392005443573,211.54639034694875,2
4327,4327,4327,1255.2160024642944,129.08394033210155,2
4328,4328,4328,227.87199914455414,711.5424085130512,2
4329,4329,4329,1254.3200254440308,129.35535053788385,2
4330,4330,4330,759.6319913864136,213.74228026345335,2
4331,4331,4331,1216.0320281982422,133.61325163675068,2
4332,4332,4332,756.767988204956,214.84862899878038,2
4333,4333,4333,1214.7200107574463,133.94295527620838,2
4334,4334,4334,752.3199915885925,216.41836615852705,2
4335,4335,4335,1246.1119890213013,130.74955717099266,2
4336,4336,4336,239.68000710010529,680.246016698021,2
4337,4337,4337,1249.4080066680908,130.58520566159814,2
4338,4338,4338,741.7439818382263,220.11244976923643,2
4339,4339,4339,1201.6799449920654,135.95967971245355,2
4340,4340,4340,734.6400022506714,222.54846931710296,2
4341,4341,4341,1191.9840574264526,137.2552314124342,2
4342,4342,4342,726.2719869613647,225.424004113089,2
4343,4343,4343,1232.0640087127686,132.97384068963115,2
4344,4344,4344,228.2560020685196,718.2526535218365,2
4345,4345,4345,1231.4879894256592,133.21991660390748,2
4346,4346,4346,712.5599980354309,230.3974794047263,2
4347,4347,4347,1185.1199865341187,138.62341510791015,2
4348,4348,4348,706.063985824585,232.8383654804387,2
4349,4349,4349,1175.536036491394,139.9465741509868,2
4350,4350,4350,699.9840140342712,235.18501379938647,2
4351,4351,4351,1170.799970626831,140.70662387683586,2
4352,4352,4352,221.44000232219696,744.4586465282713,2
4353,4353,4353,1236.0479831695557,133.4629336403121,2
4354,4354,4354,730.3839921951294,226.0185183301459,2
4355,4355,4355,1234.9439859390259,133.7664538885056,2
4356,4356,4356,741.9040203094482,222.8157490817344,2
4357,4357,4357,1247.7600574493408,132.57498795413727,2
4358,4358,4358,751.4879703521729,220.2772472145154,2
4359,4359,4359,1294.2559719085693,127.98834554630285,2
4360,4360,4360,240.33600091934204,689.716527552737,2
4361,4361,4361,1304.800033569336,127.12890212627772,2
4362,4362,4362,771.5200185775757,215.14922213169984,2
4363,4363,4363,1257.4080228805542,132.1020044976912,2
4364,4364,4364,777.9359817504883,213.66843157707646,2
4365,4365,4365,1270.6079483032227,130.90950239381414,2
4366,4366,4366,786.7839932441711,211.55615927781602,2
4367,4367,4367,1318.8960552215576,126.2900113064782,2
4368,4368,4368,233.72800648212433,713.127410671462,2
4369,4369,4369,1329.1360139846802,125.48930212037915,2
4370,4370,4370,799.95197057724,208.64615894321895,2
4371,4371,4371,1281.615972518921,130.32103001473337,2
4372,4372,4372,802.9599785804749,208.15006744355338,2
4373,4373,4373,1286.6079807281494,129.99366453435582,2
4374,4374,4374,804.032027721405,208.15794082520276,2
4375,4375,4375,1331.712007522583,125.76327900021575,2
4376,4376,4376,242.99199879169464,689.7154621773018,2
4377,4377,4377,1336.527943611145,125.48204627347043,2
4378,4378,4378,813.2320046424866,206.368213924118,2
4379,4379,4379,1294.4960594177246,129.73408660165484,2
4380,4380,4380,809.008002281189,207.73013805318158,2
4381,4381,4381,1296.3520288467407,129.72593318776816,2
4382,4382,4382,806.5279722213745,208.6544642369939,2
4383,4383,4383,1313.3920431137085,128.21830363367027,2
4384,4384,4384,235.3760004043579,715.9446584125066,2
4385,4385,4385,1323.8400220870972,127.38059768290154,2
4386,4386,4386,808.0160021781921,208.84107301972242,2
4387,4387,4387,1304.975986480713,129.39883871839794,2
4388,4388,4388,822.8319883346558,205.36133808555172,2
4389,4389,4389,1308.7680339813232,129.2004597817164,2
4390,4390,4390,820.9279775619507,206.1192243715811,2
4391,4391,4391,1351.3120412826538,125.30392075932254,2
4392,4392,4392,242.91199445724487,697.5382543566549,2
4393,4393,4393,1350.5760431289673,125.5435958431324,2
4394,4394,4394,823.199987411499,206.11272177192689,2
4395,4395,4395,1309.8399639129639,129.6248888625924,2
4396,4396,4396,825.5360126495361,205.81026105293492,2
4397,4397,4397,1309.664011001587,129.8193705544177,2
4398,4398,4398,827.455997467041,205.61309133634845,2
4399,4399,4399,1351.9200086593628,125.93338755806344,2
4400,4400,4400,235.4239970445633,723.6645462601298,2
4401,4401,4401,1358.016014099121,125.53915758872373,2
4402,4402,4402,831.1840295791626,205.24988395455196,2
4403,4403,4403,1308.9920282363892,130.41845478922238,2
4404,4404,4404,832.144021987915,205.29266330592105,2
4405,4405,4405,1303.5039901733398,131.1460966278033,2
4406,4406,4406,832.8959941864014,205.38688146663796,2
4407,4407,4407,1364.2239570617676,125.47970104167393,2
4408,4408,4408,243.3760017156601,703.8449535551628,2
4409,4409,4409,1363.7759685516357,125.69189061165791,2
4410,4410,4410,830.672025680542,206.49815654917393,2
4411,4411,4411,1310.6080293655396,130.96894969054526,2
4412,4412,4412,832.0639729499817,206.4333159949535,2
4413,4413,4413,1311.0400438308716,131.1039634546612,2
4414,4414,4414,825.6639838218689,208.3164861955607,2
4415,4415,4415,1329.5199871063232,129.4575097923937,2
4416,4416,4416,240.07999897003174,717.3997306352006,2
4417,4417,4417,1335.0080251693726,129.10061675781603,2
4418,4418,4418,829.9360275268555,207.80811959439757,2
4419,4419,4419,1312.6720190048218,131.47578497852177,2
4420,4420,4420,837.3759984970093,206.24161226256692,2
4421,4421,4421,1313.1680488586426,131.60464958937126,2
4422,4422,4422,835.5680108070374,206.96857306560676,2
4423,4423,4423,1359.8400354385376,127.2603140252387,2
4424,4424,4424,245.90399861335754,704.2222778991171,2
4425,4425,4425,1362.671971321106,127.16819227007167,2
4426,4426,4426,838.8800024986267,206.71137830858456,2
4427,4427,4427,1306.9119453430176,132.7737538740273,2
4428,4428,4428,833.5040211677551,208.32679518537336,2
4429,4429,4429,1309.6799850463867,132.67278507875017,2
4430,4430,4430,835.6800079345703,208.06602090403686,2
4431,4431,4431,1355.504035949707,128.36139573726484,2
4432,4432,4432,238.5759949684143,729.7977282209436,2
4433,4433,4433,1354.9280166625977,128.58993196048624,2
4434,4434,4434,833.1519961357117,209.26318104818,2
4435,4435,4435,1308.0320358276367,133.38054494942807,2
4436,4436,4436,830.1920294761658,210.29359655760484,2
4437,4437,4437,1307.0399761199951,133.66244804891963,2
4438,4438,4438,829.0560245513916,210.86670401870197,2
4439,4439,4439,1343.168020248413,130.24320889180035,2
4440,4440,4440,245.93600630760193,711.7980430285168,2
4441,4441,4441,1345.8240032196045,130.16194972219995,2
4442,4442,4442,830.1600217819214,211.1562026315556,2
4443,4443,4443,1308.2400560379028,134.08231295504524,2
4444,4444,4444,831.1359882354736,211.19326229713153,2
4445,4445,4445,1307.695984840393,134.3193251996092,2
4446,4446,4446,821.7599987983704,213.89142490388713,2
4447,4447,4447,1332.9119682312012,131.95623524890698,2
4448,4448,4448,240.54400622844696,731.6945017405532,2
4449,4449,4449,1337.231993675232,131.7074842144215,2
4450,4450,4450,818.9600110054016,215.2025100512967,2
4451,4451,4451,1318.8639879226685,133.72197081503825,2
4452,4452,4452,826.6239762306213,213.49488024862654,2
4453,4453,4453,1320.9919929504395,133.68660544229778,2
4454,4454,4454,826.5439867973328,213.80342746517488,2
4455,4455,4455,1358.240008354187,130.19568828949292,2
4456,4456,4456,246.60800397396088,717.560252629451,2
4457,4457,4457,1361.2639904022217,130.0815016297305,2
4458,4458,4458,819.5359706878662,216.2131818024708,2
4459,4459,4459,1327.1199464797974,133.60793018621035,2
4460,4460,4460,816.9119954109192,217.1997387683706,2
4461,4461,4461,1324.623942375183,134.039890630114,2
4462,4462,4462,816.3359761238098,217.64553254119153,2
4463,4463,4463,1359.9200248718262,130.73663042115805,2
4464,4464,4464,242.8639978170395,732.5536114332943,2
4465,4465,4465,1360.9919548034668,130.80936196695475,2
4466,4466,4466,807.8879714012146,220.51341237698264,2
4467,4467,4467,1321.0879564285278,134.94168216319258,2
4468,4468,4468,804.7040104866028,221.68347633327716,2
4469,4469,4469,1312.1119737625122,136.0473732330329,2
4470,4470,4470,797.872006893158,223.88208190880925,2
4471,4471,4471,1356.719970703125,131.75095972779306,2
4472,4472,4472,247.50399589538574,722.6918638178427,2
4473,4473,4473,1352.8319597244263,132.30700409418208,2
4474,4474,4474,789.7279858589172,226.79861934131503,2
4475,4475,4475,1313.6160373687744,136.43967388598844,2
4476,4476,4476,782.0320129394531,229.33782937845754,2
4477,4477,4477,1307.263970375061,137.28654864901475,2
4478,4478,4478,774.4320034980774,231.89905103714617,2
4479,4479,4479,1322.7039575576782,135.86591878792615,2
4480,4480,4480,244.01600658893585,736.9630644883846,2
4481,4481,4481,1308.7040185928345,137.50338558254754,2
4482,4482,4482,786.080002784729,229.0755847980951,2
4483,4483,4483,1295.3280210494995,139.10939178788456,2
4484,4484,4484,792.6880121231079,227.4702039772952,2
4485,4485,4485,1305.232048034668,138.23868983425967,2
4486,4486,4486,801.9840121269226,225.13452111489892,2
4487,4487,4487,1360.8160018920898,132.76964582631885,2
4488,4488,4488,251.0879933834076,720.0499000680109,2
4489,4489,4489,1367.4399852752686,132.30325739054726,2
4490,4490,4490,815.8720135688782,221.8947273458796,2
4491,4491,4491,1310.703992843628,138.21479642323249,2
4492,4492,4492,821.0240006446838,220.79711047868963,2
4493,4493,4493,1321.2319612503052,137.29672580909806,2
4494,4494,4494,824.8159885406494,220.07571881477182,2
4495,4495,4495,1375.9360313415527,132.0142583757298,2
4496,4496,4496,243.95200610160828,745.0827512207194,2
4497,4497,4497,1376.031994819641,132.1813327239096,2
4498,4498,4498,835.0080251693726,217.9704895016809,2
4499,4499,4499,1329.408049583435,136.99971732160736,2
4500,4500,4500,842.848002910614,216.23115837094537,2
4501,4501,4501,1331.8079710006714,136.93530221550841,2
4502,4502,4502,840.719997882843,217.06764258679024,2
4503,4503,4503,1374.559998512268,132.85323540016444,2
4504,4504,4504,250.5280077457428,729.4052021259696,2
4505,4505,4505,1378.8479566574097,132.61663431933647,2
4506,4506,4506,854.0480136871338,214.25021720035483,2
4507,4507,4507,1331.9519758224487,137.4687879215307,2
4508,4508,4508,848.3679890632629,215.97199727715915,2
4509,4509,4509,1331.5520286560059,137.6932215281583,2
4510,4510,4510,845.6159830093384,216.963380170611,2
4511,4511,4511,1347.1200466156006,136.28315466259792,2
4512,4512,4512,260.68800687789917,704.7193833586938,2
4513,4513,4513,1356.495976448059,135.521277309914,2
4514,4514,4514,843.0240154266357,218.21003212453422,2
4515,4515,4515,1333.9359760284424,137.99656434640988,2
4516,4516,4516,853.1519770622253,215.90633925069739,2
4517,4517,4517,1335.0399732589722,138.06576321160446,2
4518,4518,4518,850.928008556366,216.7583600602356,2
4519,4519,4519,1380.6240558624268,133.68466233387971,2
4520,4520,4520,252.6240050792694,731.0897313263915,2
4521,4521,4521,1386.5599632263184,133.28916918383158,2
4522,4522,4522,852.0159721374512,217.05706858059375,2
4523,4523,4523,1337.87202835083,138.32325021558194,2
4524,4524,4524,855.1679849624634,216.5440976560042,2
4525,4525,4525,1337.7280235290527,138.52173460577546,2
4526,4526,4526,858.8799834251404,215.8942934174944,2
4527,4527,4527,1385.9200477600098,133.88234239478328,2
4528,4528,4528,244.1920042037964,760.3574593254982,2
4529,4529,4529,1390.0480270385742,133.6617528056418,2
4530,4530,4530,863.5839819908142,215.2880992204156,2
4531,4531,4531,1345.6000089645386,138.2598880369827,2
4532,4532,4532,864.687979221344,215.29813991822022,2
4533,4533,4533,1337.0720148086548,139.3260593376935,2
4534,4534,4534,864.1759753227234,215.71103100660144,2
4535,4535,4535,1403.9839506149292,132.86167599586838,2
4536,4536,4536,251.50400400161743,742.171426069223,2
4537,4537,4537,1401.4719724655151,133.2759897990725,2
4538,4538,4538,865.1360273361206,216.04243938321588,2
4539,4539,4539,1346.2879657745361,138.9224968154562,2
4540,4540,4540,867.0240044593811,215.85714701947202,2
4541,4541,4541,1345.8720445632935,139.14920485830237,2
4542,4542,4542,862.1600270271301,217.36194012866588,2
4543,4543,4543,1372.27201461792,136.65263156023207,2
4544,4544,4544,244.20799314975739,768.395988795203,2
4545,4545,4545,1378.7200450897217,136.19324526305886,2
4546,4546,4546,865.4239773750305,217.11476869628646,2
4547,4547,4547,1358.3680391311646,138.41635346946254,2
4548,4548,4548,873.4560012817383,215.40229720548103,2
4549,4549,4549,1369.312047958374,137.49135018471935,2
4550,4550,4550,870.5120086669922,216.41602657323966,2
4551,4551,4551,1431.9679737091064,131.64888863659448,2
4552,4552,4552,255.95200061798096,737.0182251380603,2
4553,4553,4553,1434.4960451126099,131.59021343916055,2
4554,4554,4554,876.6559958457947,215.46655452434285,2
4555,4555,4555,1375.4559755325317,137.41952567898056,2
4556,4556,4556,872.5759983062744,216.7593694980505,2
4557,4557,4557,1389.3760442733765,136.22200711325934,2
4558,4558,4558,876.2239813804626,216.14133172391033,2
4559,4559,4559,1430.5919408798218,132.4716659884499,2
4560,4560,4560,248.08000028133392,764.4212825900612,2
4561,4561,4561,1434.0159893035889,132.329361999761,2
4562,4562,4562,873.5520243644714,217.37373317192785,2
4563,4563,4563,1386.2240314483643,137.07175664489827,2
4564,4564,4564,873.1039762496948,217.7714469984542,2
4565,4565,4565,1390.1920318603516,136.86031849527413,2
4566,4566,4566,867.0240044593811,219.58698491942314,2
4567,4567,4567,1429.535984992981,133.26863158812714,2
4568,4568,4568,255.91999292373657,744.9104491059024,2
4569,4569,4569,1425.711989402771,133.80171131050827,2
4570,4570,4570,866.7680025100708,220.22961789914726,2
4571,4571,4571,1396.2080478668213,136.80863902327255,2
4572,4572,4572,865.8239841461182,220.75932059620916,2
4573,4573,4573,1393.8239812850952,137.22260744692878,2
4574,4574,4574,859.4239950180054,222.69527445994834,2
4575,4575,4575,1404.7839641571045,136.3307267426793,2
4576,4576,4576,251.3439953327179,762.464325826899,2
4577,4577,4577,1413.1840467453003,135.69817498835826,2
4578,4578,4578,850.271999835968,225.68333091177797,2
4579,4579,4579,1400.5119800567627,137.1055698289832,2
4580,4580,4580,861.8720173835754,222.9377681657421,2
4581,4581,4581,1406.4160585403442,136.70898360016457,2
4582,4582,4582,855.3439974784851,224.9336539487897,2
4583,4583,4583,1437.1360540390015,133.9620184414184,2
4584,4584,4584,265.7119929790497,725.0244719785362,2
4585,4585,4585,1445.0080394744873,133.40673406917995,2
4586,4586,4586,848.1919765472412,227.42488663621094,2
4587,4587,4587,1411.2000465393066,136.78158562945,2
4588,4588,4588,841.920018196106,229.41900271934097,2
4589,4589,4589,1406.9440364837646,137.37488622578226,2
4590,4590,4590,840.1920199394226,230.1916150238423,2
4591,4591,4591,1429.311990737915,135.40192441965374,2
4592,4592,4592,254.59200143814087,760.6605246121755,2
4593,4593,4593,1426.8959760665894,135.80852070813927,2
4594,4594,4594,819.5679783821106,236.6017685937358,2
4595,4595,4595,1395.5999612808228,139.03546512850303,2
4596,4596,4596,809.2640042304993,239.92739137906463,2
4597,4597,4597,1385.200023651123,140.26231954132157,2
4598,4598,4598,798.30402135849,243.53903423053623,2
4599,4599,4599,1411.9360446929932,137.78603381451407,2
4600,4600,4600,268.75200867652893,724.3555162942356,2
4601,4601,4601,1404.4480323791504,138.70145645190473,2
4602,4602,4602,778.6880135536194,250.3262243969005,2
4603,4603,4603,1373.5519647598267,142.0063699505582,2
4604,4604,4604,769.9360251426697,253.50194737521596,2
4605,4605,4605,1362.1920347213745,143.37735449315602,2
4606,4606,4606,760.3200078010559,257.0427609780028,2
4607,4607,4607,1349.4399785995483,144.92091251732055,2
4608,4608,4608,249.32800233364105,784.8675062263404,2
4609,4609,4609,1512.943983078003,129.42771130205438,2
4610,4610,4610,907.9359769821167,215.81297246453255,2
4611,4611,4611,1524.783968925476,128.58995520537445,2
4612,4612,4612,915.9680008888245,214.1990742750998,2
4613,4613,4613,1541.4559841156006,127.36474529088892,2
4614,4614,4614,931.8240284919739,210.82827774460225,2
4615,4615,4615,1582.41605758667,124.22941223802202,2
4616,4616,4616,282.75200724601746,695.6995131809826,2
4617,4617,4617,1597.4559783935547,123.21986263680705,2
4618,4618,4618,962.2560143470764,204.69213091658185,2
4619,4619,4619,1555.7279586791992,126.68938436083096,2
4620,4620,4620,974.3840098381042,202.4071146577712,2
4621,4621,4621,1577.3439407348633,125.11561050537725,2
4622,4622,4622,984.0959906578064,200.66995655982504,2
4623,4623,4623,1617.408037185669,122.17492444135537,2
4624,4624,4624,272.5119888782501,725.6009765366391,2
4625,4625,4625,1622.0799684524536,121.98121245450778,2
4626,4626,4626,998.5759854316711,198.2739978134071,2
4627,4627,4627,1582.8479528427124,125.16684209003567,2
4628,4628,4628,1008.1919431686401,196.63771729907486,2
4629,4629,4629,1591.4080142974854,124.65508442570716,2
4630,4630,4630,1011.5360021591187,196.24184762212178,2
4631,4631,4631,1623.9839792251587,122.31299429245179,2
4632,4632,4632,291.56801104545593,681.7038920809888,2
4633,4633,4633,1626.207947731018,122.30404392716545,2
4634,4634,4634,1019.5679664611816,195.2009387846704,2
4635,4635,4635,1586.7040157318115,125.51143362308142,2
4636,4636,4636,1015.7599449157715,196.18653394382912,2
4637,4637,4637,1577.888011932373,126.37614596095077,2
4638,4638,4638,1010.8640193939209,197.3919739112241,2
4639,4639,4639,1593.6319828033447,125.28961541470197,2
4640,4640,4640,287.1040105819702,695.8965414485466,2
4641,4641,4641,1597.0079898834229,125.18653300951482,2
4642,4642,4642,1013.0079984664917,197.4842793727629,2
4643,4643,4643,1574.895977973938,127.10837681580053,2
4644,4644,4644,1027.1199941635132,195.0228260634085,2
4645,4645,4645,1576.2720108032227,127.16160083808182,2
4646,4646,4646,1025.0879526138306,195.66199735405405,2
4647,4647,4647,1625.6320476531982,123.45985448289841,2
4648,4648,4648,303.00799012184143,662.7874449886453,2
4649,4649,4649,1625.0079870224,123.66680318059869,2
4650,4650,4650,1027.008056640625,195.80104430511398,2
4651,4651,4651,1572.335958480835,127.974566641861,2
4652,4652,4652,1034.559965133667,194.62267862838223,2
4653,4653,4653,1570.8160400390625,128.26371835940108,2
4654,4654,4654,1034.4480276107788,194.8948919102751,2
4655,4655,4655,1624.1919994354248,124.20860515266983,2
4656,4656,4656,286.3039970397949,705.0850386973159,2
4657,4657,4657,1623.8080263137817,124.39817978025323,2
4658,4658,4658,1032.8960418701172,195.69144273031978,2
4659,4659,4659,1570.3200101852417,128.80121570516104,2
4660,4660,4660,1038.8319492340088,194.82399645990236,2
4661,4661,4661,1557.8559637069702,129.99899751970497,2
4662,4662,4662,1035.6320142745972,195.67770044067743,2
4663,4663,4663,1636.9919776916504,123.87386575952816,2
4664,4664,4664,302.7999997138977,670.1156343451837,2
4665,4665,4665,1637.2640132904053,124.01271731487454,2
4666,4666,4666,1037.7440452575684,195.78253570375597,2
4667,4667,4667,1568.287968635559,129.6336017312416,2
4668,4668,4668,1038.4479761123657,195.90151451360467,2
4669,4669,4669,1559.7120523452759,130.51402681149293,2
4670,4670,4670,1031.775951385498,197.4218586181161,2
4671,4671,4671,1582.6239585876465,128.78991646499333,2
4672,4672,4672,302.17599868774414,674.9607704838281,2
4673,4673,4673,1588.7839794158936,128.45543577864603,2
4674,4674,4674,1026.8479585647583,198.8794800093289,2
4675,4675,4675,1560.1119995117188,130.9842458836014,2
4676,4676,4676,1030.4479598999023,198.43918713941002,2
4677,4677,4677,1562.432050704956,130.9576780466585,2
4678,4678,4678,1029.1520357131958,198.9441213728095,2
4679,4679,4679,1632.3519945144653,125.50912938293008,2
4680,4680,4680,306.0159981250763,669.9207402751827,2
4681,4681,4681,1635.583996772766,125.42181073351507,2
4682,4682,4682,1030.7999849319458,199.13601875882065,2
4683,4683,4683,1558.0320358276367,131.83359215389285,2
4684,4684,4684,1026.3359546661377,200.25857037704463,2
4685,4685,4685,1571.6960430145264,130.85496980417045,2
4686,4686,4686,1026.319980621338,200.51832332778943,2
4687,4687,4687,1633.3600282669067,126.0761484560766,2
4688,4688,4688,292.03200340270996,705.6061491310095,2
4689,4689,4689,1632.4800252914429,126.30566153554567,2
4690,4690,4690,1021.7119455337524,201.93893093049294,2
4691,4691,4691,1568.7040090560913,131.6089087234671,2
4692,4692,4692,1019.6959972381592,202.5971312386643,2
4693,4693,4693,1576.640009880066,131.1140144982906,2
4694,4694,4694,1014.9439573287964,203.80610503106757,2
4695,4695,4695,1626.1119842529297,127.28766945598328,2
4696,4696,4696,311.72800064086914,664.4134971712451,2
4697,4697,4697,1628.3999681472778,127.27133247355587,2
4698,4698,4698,1014.896035194397,204.33721838737642,2
4699,4699,4699,1570.1919794082642,132.1580360359519,2
4700,4700,4700,1017.3439979553223,204.10598619280296,2
4701,4701,4701,1570.4959630966187,132.30124310050024,2
4702,4702,4702,1010.3199481964111,205.78747671681234,2
4703,4703,4703,1593.999981880188,130.51686086508218,2
4704,4704,4704,288.03199529647827,722.7551616747257,2
4705,4705,4705,1593.1520462036133,130.75299733405168,2
4706,4706,4706,1008.3199739456177,206.7223312222535,2
4707,4707,4707,1569.4559812545776,132.8964717565835,2
4708,4708,4708,1013.4719610214233,205.93379378118607,2
4709,4709,4709,1573.1359720230103,132.75466925432767,2
4710,4710,4710,1011.7599964141846,206.54525059365182,2
4711,4711,4711,1628.5920143127441,128.39762999221264,2
4712,4712,4712,306.92800879478455,681.7251546303177,2
4713,4713,4713,1634.0479850769043,128.13197170837435,2
4714,4714,4714,1006.2559843063354,208.2045681769775,2
4715,4715,4715,1581.2640190124512,132.57776641305418,2
4716,4716,4716,1000.0640153884888,209.7604394959761,2
4717,4717,4717,1577.839970588684,133.0346191874482,2
4718,4718,4718,998.1120228767395,210.43817091655126,2
4719,4719,4719,1630.911946296692,128.86928346759777,2
4720,4720,4720,291.7119860649109,720.9443082438268,2
4721,4721,4721,1631.4400434494019,128.99143647170553,2
4722,4722,4722,986.2560033798218,213.51003124378877,2
4723,4723,4723,1567.855954170227,134.39331692018604,2
4724,4724,4724,985.8080148696899,213.8785926546464,2
4725,4725,4725,1553.0240535736084,135.84925215068498,2
4726,4726,4726,974.5439887046814,216.6255610817518,2
4727,4727,4727,1620.2080249786377,130.38151515684862,2
4728,4728,4728,302.3679852485657,699.0795422016415,2
4729,4729,4729,1622.1439838409424,130.3912766591623,2
4730,4730,4730,964.2400145530701,219.49683772260758,2
4731,4731,4731,1551.7280101776123,136.48132816637062,2
4732,4732,4732,960.1600170135498,220.70927614246764,2
4733,4733,4733,1545.5199480056763,137.20340649606499,2
4734,4734,4734,955.3120136260986,222.1107185730918,2
4735,4735,4735,1557.0399761199951,136.36100164819234,2
4736,4736,4736,289.2000079154968,734.6268143051999,2
4737,4737,4737,1566.383957862854,135.71939755821566,2
4738,4738,4738,964.3679857254028,220.5831733246395,2
4739,4739,4739,1552.4959564208984,137.1070049861643,2
4740,4740,4740,972.6079702377319,218.99146883192697,2
4741,4741,4741,1562.9600286483765,136.36156916073506,2
4742,4742,4742,980.0000190734863,217.6148661482917,2
4743,4743,4743,1633.3760023117065,130.64813032148132,2
4744,4744,4744,310.7840120792389,687.0769321092257,2
4745,4745,4745,1645.1040506362915,129.8808954773152,2
4746,4746,4746,1003.2000541687012,213.12070806173054,2
4747,4747,4747,1575.3599405288696,135.8025400685117,2
4748,4748,4748,1009.2159509658813,212.11824266067035,2
4749,4749,4749,1592.3839807510376,134.5205717260293,2
4750,4750,4750,1015.9679651260376,210.97490999473519,2
4751,4751,4751,1649.4560241699219,130.03023442830812,2
4752,4752,4752,295.82399129867554,725.4807599405169,2
4753,4753,4753,1657.7759981155396,129.54110313945617,2
4754,4754,4754,1029.0240049362183,208.82477483245808,2
4755,4755,4755,1603.7440299987793,134.07459901825084,2
4756,4756,4756,1034.9600315093994,207.88921299522278,2
4757,4757,4757,1611.4239692687988,133.60405224932296,2
4758,4758,4758,1032.9439640045166,208.55785263396731,2
4759,4759,4759,1663.0719900131226,129.61822233341752,2
4760,4760,4760,307.8559935092926,700.653411165403,2
4761,4761,4761,1671.3759899139404,129.13690723361023,2
4762,4762,4762,1040.4479503631592,207.57632073821352,2
4763,4763,4763,1618.127942085266,133.5546097890771,2
4764,4764,4764,1040.8320426940918,207.76127426695288,2
4765,4765,4765,1617.6320314407349,133.76391542969242,2
4766,4766,4766,1035.264015197754,209.14187203796646,2
4767,4767,4767,1634.5759630203247,132.54408251891448,2
4768,4768,4768,294.07998919487,737.1795213184187,2
4769,4769,4769,1643.3759927749634,132.00033234737958,2
4770,4770,4770,1036.1440181732178,209.49082578567996,2
4771,4771,4771,1620.2720403671265,134.0510769862981,2
4772,4772,4772,1044.160008430481,208.14416712117355,2
4773,4773,4773,1622.864007949829,134.00536013410877,2
4774,4774,4774,1044.2719459533691,208.38364421380052,2
4775,4775,4775,1676.9599914550781,129.84565514950924,2
4776,4776,4776,308.47999453544617,706.3109602297533,2
4777,4777,4777,1678.063988685608,129.92334758150088,2
4778,4778,4778,1046.463966369629,208.47028174398062,2
4779,4779,4779,1626.431941986084,134.21627837155927,2
4780,4780,4780,1051.2160062789917,207.78860167206085,2
4781,4781,4781,1630.7679414749146,134.02754464520612,2
4782,4782,4782,1054.927945137024,207.31747655769277,2
4783,4783,4783,1689.903974533081,129.49980393676861,2
4784,4784,4784,296.54398560523987,738.4385967601654,2
4785,4785,4785,1693.6960220336914,129.37201859097317,2
4786,4786,4786,1060.0800514221191,206.82804003137866,2
4787,4787,4787,1649.1680145263672,133.0317717015681,2
4788,4788,4788,1062.78395652771,206.56057366657868,2
4789,4789,4789,1638.6560201644897,134.05305288900698,2
4790,4790,4790,1095.6159830093384,200.62182499041413,2
4791,4791,4791,1707.487940788269,128.81038049408582,2
4792,4792,4792,309.58399176597595,710.8892191763106,2
4793,4793,4793,1713.3599519729614,128.52975246702582,2
4794,4794,4794,1065.440058708191,206.82120459706906,2
4795,4795,4795,1650.3520011901855,133.60393394317487,2
4796,4796,4796,1068.735957145691,206.44154357943376,2
4797,4797,4797,1643.3440446853638,134.34164310265825,2
4798,4798,4798,1061.2319707870483,208.1614965106704,2
4799,4799,4799,1650.2399444580078,133.94766593811823,2
4800,4800,4800,293.90400648117065,752.572251900113,2
4801,4801,4801,1663.8720035552979,133.01640290183803,2
4802,4802,4802,1058.4640502929688,209.22826349624503,2
4803,4803,4803,1653.872013092041,133.98798546672526,2
4804,4804,4804,1066.7840242385864,207.85596324079222,2
4805,4805,4805,1656.3040018081665,133.9584520762981,2
4806,4806,4806,1064.8000240325928,208.503448742601,2
4807,4807,4807,1722.0640182495117,129.00396822170407,2
4808,4808,4808,307.3599934577942,723.2293367891566,2
4809,4809,4809,1731.8240404129028,128.43712124758815,2
4810,4810,4810,1065.6319856643677,208.86130014316274,2
4811,4811,4811,1662.4480485916138,133.96396215248532,2
4812,4812,4812,1061.8239641189575,209.87191680205302,2
4813,4813,4813,1671.8720197677612,133.3750364606107,2
4814,4814,4814,1062.5439882278442,209.99131589849503,2
4815,4815,4815,1721.3599681854248,129.70214881048636,2
4816,4816,4816,297.2800135612488,751.4908867089785,2
4817,4817,4817,1719.43998336792,130.0088489207635,2
4818,4818,4818,1059.7599744796753,211.06823077916678,2
4819,4819,4819,1669.0720319747925,134.09904799206433,2
4820,4820,4820,1058.7040185928345,211.54197213464303,2
4821,4821,4821,1672.3519563674927,134.00274892419534,2
4822,4822,4822,1053.1840324401855,212.91553383737372,2
4823,4823,4823,1711.6800546646118,131.08686925604505,2
4824,4824,4824,305.6960105895996,734.4498085368162,2
4825,4825,4825,1710.3999853134155,131.3482420363991,2
4826,4826,4826,1051.103949546814,213.86823258434347,2
4827,4827,4827,1667.472004890442,134.89732595587358,2
4828,4828,4828,1049.456000328064,214.47049045757035,2
4829,4829,4829,1661.5519523620605,135.54630612532543,2
4830,4830,4830,1037.4560356140137,217.22093878091266,2
4831,4831,4831,1678.8480281829834,134.31661031645345,2
4832,4832,4832,296.671986579895,760.5613166824396,2
4833,4833,4833,1677.2160530090332,134.61435374944148,2
4834,4834,4834,1035.4080200195312,218.191792066415,2
4835,4835,4835,1664.0160083770752,135.85071574550264,2
4836,4836,4836,1042.6239967346191,216.95075005028357,2
4837,4837,4837,1667.1040058135986,135.76741925920803,2
4838,4838,4838,1039.9359464645386,217.7815063648469,2
4839,4839,4839,1712.2559547424316,132.35128942628762,2
4840,4840,4840,306.5760135650635,739.6528037633825,2
4841,4841,4841,1713.0719423294067,132.45234192176696,2
4842,4842,4842,1034.7039699554443,219.42607544627157,2
4843,4843,4843,1676.192045211792,135.5344280883369,2
4844,4844,4844,1027.135968208313,221.31684042233522,2
4845,4845,4845,1670.1279878616333,136.19513229116959,2
4846,4846,4846,1024.1600275039673,222.2349724258481,2
4847,4847,4847,1709.61594581604,133.21419199637373,2
4848,4848,4848,297.8399991989136,765.1292539515669,2
4849,4849,4849,1710.4320526123047,133.31552326193795,2
4850,4850,4850,1004.5759677886963,227.12891539925153,2
4851,4851,4851,1665.824055671692,137.05493886023956,2
4852,4852,4852,1000.3039836883545,228.38121225274855,2
4853,4853,4853,1646.3520526885986,138.8475305635236,2
4854,4854,4854,985.9679937362671,231.98852009508843,2
4855,4855,4855,1693.343997001648,135.1613453351837,2
4856,4856,4856,307.3599934577942,745.1070825957961,2
4857,4857,4857,1688.6719465255737,135.70286523530493,2
4858,4858,4858,972.1760153770447,235.86180876419746,2
4859,4859,4859,1642.6880359649658,139.67400902339887,2
4860,4860,4860,964.5119905471802,238.0297126941417,2
4861,4861,4861,1634.0479850769043,140.58599310422844,2
4862,4862,4862,958.1760168075562,239.89962159757044,2
4863,4863,4863,1628.2559633255005,141.26030088306192,2
4864,4864,4864,309.1360032558441,744.4938365769245,2
4865,4865,4865,1689.0720129013062,136.34222075258324,2
4866,4866,4866,984.1439723968506,234.14650117785698,2
4867,4867,4867,1695.2320337295532,136.01439811087516,2
4868,4868,4868,999.7119903564453,230.78458825100012,2
4869,4869,4869,1704.0159702301025,135.48014681272363,2
4870,4870,4870,1011.1199617385864,228.46211601123855,2
4871,4871,4871,1760.975956916809,131.2595641718461,2
4872,4872,4872,330.87998628616333,699.006695122291,2
4873,4873,4873,1769.7279453277588,130.77138429383763,2
4874,4874,4874,1036.895990371704,223.33221595831085,2
4875,4875,4875,1712.831974029541,135.2817131296754,2
4876,4876,4876,1051.3440370559692,220.53434325956692,2
4877,4877,4877,1730.7519912719727,134.0458652862779,2
4878,4878,4878,1057.0080280303955,219.62263497333103,2
4879,4879,4879,1778.175950050354,130.6314410963787,2
4880,4880,4880,322.2239911556244,721.3260042072537,2
4881,4881,4881,1787.8400087356567,130.08516340702784,2
4882,4882,4882,1074.7840404510498,216.52204087282297,2
4883,4883,4883,1735.3119850158691,134.1876669928437,2
4884,4884,4884,1079.4559717178345,215.84998769074895,2
4885,4885,4885,1739.9519681930542,133.99433577015375,2
4886,4886,4886,1081.2959671020508,215.74751410312328,2
4887,4887,4887,1787.6479625701904,130.57950395914966,2
4888,4888,4888,331.2160074710846,705.1999446747487,2
4889,4889,4889,1787.1040105819702,130.7796822983404,2
4890,4890,4890,1087.3119831085205,215.08117415520042,2
4891,4891,4891,1736.240029335022,134.77620374391623,2
4892,4892,4892,1088.9439582824707,215.0224525285097,2
4893,4893,4893,1731.5360307693481,135.30819789519535,2
4894,4894,4894,1081.88796043396,216.6903658618819,2
4895,4895,4895,1750.6879568099976,133.99214510930622,2
4896,4896,4896,327.9840052127838,715.651454160763,2
4897,4897,4897,1763.200044631958,133.20444566743691,2
4898,4898,4898,1082.9600095748901,217.00708752509877,2
4899,4899,4899,1737.663984298706,135.3276418932654,2
4900,4900,4900,1099.8400449752808,213.9383822902069,2
4901,4901,4901,1741.5519952774048,135.19096187794116,2
4902,4902,4902,1100.383996963501,214.09456904689452,2
4903,4903,4903,1806.1599731445312,130.51470974832446,2
4904,4904,4904,331.9360017776489,710.6029754675523,2
4905,4905,4905,1811.2640380859375,130.30625590039006,2
4906,4906,4906,1101.9680500030518,214.31058625642189,2
4907,4907,4907,1748.3359575271606,135.1615862321066,2
4908,4908,4908,1104.5759916305542,214.06617961608373,2
4909,4909,4909,1743.839979171753,135.6758221418763,2
4910,4910,4910,1110.640048980713,213.157757292535,2
4911,4911,4911,1809.2960119247437,130.92728801739776,2
4912,4912,4912,324.6240019798279,730.1707686751058,2
4913,4913,4913,1810.4959726333618,131.000431140992,2
4914,4914,4914,1113.6159896850586,213.10811813605207,2
4915,4915,4915,1735.360026359558,136.83934062268085,2
4916,4916,4916,1114.832043647766,213.13568796832467,2
4917,4917,4917,1726.3840436935425,137.71879281120428,2
4918,4918,4918,1115.4719591140747,213.27350752316931,2
4919,4919,4919,1816.640019416809,131.0362892888483,2
4920,4920,4920,333.1199884414673,715.0305723604235,2
4921,4921,4921,1815.8880472183228,131.25051640000416,2
4922,4922,4922,1111.2480163574219,214.60697106818935,2
4923,4923,4923,1732.0319414138794,137.7728384958108,2
4924,4924,4924,1115.2479648590088,214.09803879640882,2
4925,4925,4925,1726.6080379486084,138.37414224820796,2
4926,4926,4926,1099.776029586792,217.37468640939645,2
4927,4927,4927,1758.031964302063,136.0664065405465,2
4928,4928,4928,335.1520001888275,714.1678204789035,2
4929,4929,4929,1761.7919445037842,135.94142879649522,2
4930,4930,4930,1106.3040494918823,216.61885275577532,2
4931,4931,4931,1722.5279808044434,139.2094500955589,2
4932,4932,4932,1112.768054008484,215.62273491917725,2
4933,4933,4933,1729.6639680862427,138.8038791948918,2
4934,4934,4934,1111.6960048675537,216.09334202529652,2
4935,4935,4935,1809.999942779541,132.8045349995229,2
4936,4936,4936,336.5760147571564,714.615258266516,2
4937,4937,4937,1813.3920431137085,132.71734086400693,2
4938,4938,4938,1116.27197265625,215.7313354118922,2
4939,4939,4939,1727.1840572357178,139.51100059576035,2
4940,4940,4940,1110.159993171692,217.18272094381936,2
4941,4941,4941,1741.7919635772705,138.5090896541488,2
4942,4942,4942,1112.5919818878174,216.97130098528825,2
4943,4943,4943,1810.304045677185,133.42902270521296,2
4944,4944,4944,327.61600613594055,737.7348000137451,2
4945,4945,4945,1812.2080564498901,133.4506909343316,2
4946,4946,4946,1108.8800430297852,218.226639205103,2
4947,4947,4947,1740.6879663467407,139.10245657306254,2
4948,4948,4948,1104.9439907073975,219.2697917917895,2
4949,4949,4949,1742.8799867630005,139.09607462316092,2
4950,4950,4950,1099.5839834213257,220.60593247751325,2
4951,4951,4951,1802.9279708862305,134.62645131779166,2
4952,4952,4952,337.47199177742004,719.6712756422893,2
4953,4953,4953,1807.536005973816,134.44604231995606,2
4954,4954,4954,1112.272024154663,218.61853939265112,2
4955,4955,4955,1754.2719841003418,138.69603456888075,2
4956,4956,4956,1111.232042312622,219.0882735214615,2
4957,4957,4957,1750.480055809021,139.16485947816912,2
4958,4958,4958,1106.4480543136597,220.30204750570257,2
4959,4959,4959,1770.3520059585571,137.7693765630187,2
4960,4960,4960,333.5680067539215,731.628534687495,2
4961,4961,4961,1778.1599760055542,137.3304509477033,2
4962,4962,4962,1104.8959493637085,221.1459010205561,2
4963,4963,4963,1754.5599937438965,139.346029526356,2
4964,4964,4964,1115.0720119476318,219.39281415619388,2
4965,4965,4965,1760.1920366287231,139.06815799419093,2
4966,4966,4966,1111.3280057907104,220.3981183914545,2
4967,4967,4967,1814.0480518341064,135.10259437626664,2
4968,4968,4968,338.52800726890564,724.4028535258059,2
4969,4969,4969,1816.5440559387207,135.0799996376623,2
4970,4970,4970,1104.5119762420654,222.29450769322415,2
4971,4971,4971,1764.1119956970215,139.26280294065504,2
4972,4972,4972,1099.0400314331055,223.67108482432235,2
4973,4973,4973,1757.200002670288,139.97941626463387,2
4974,4974,4974,1097.9520082473755,224.16302625182465,2
4975,4975,4975,1815.0559663772583,135.6810607011405,2
4976,4976,4976,328.0160129070282,751.2354356366246,2
4977,4977,4977,1812.0479583740234,136.07026487712116,2
4978,4978,4978,1084.0799808502197,227.57960949570096,2
4979,4979,4979,1749.2480278015137,141.1253336030695,2
4980,4980,4980,1081.3599824905396,228.42715469375253,2
4981,4981,4981,1735.1200580596924,142.44594495575654,2
4982,4982,4982,1068.719983100891,231.40739599387936,2
4983,4983,4983,1802.3040294647217,137.30128553698813,2
4984,4984,4984,338.01600337028503,732.5323929611528,2
4985,4985,4985,1795.3280210494995,138.00082232614417,2
4986,4986,4986,1057.1680068969727,234.4999781441172,2
4987,4987,4987,1725.5040407180786,143.7580322922747,2
4988,4988,4988,1047.2160577774048,237.01347463176322,2
4989,4989,4989,1715.791940689087,144.74577100429647,2
4990,4990,4990,1043.0079698562622,238.25608737605947,2
4991,4991,4991,1738.2080554962158,143.05101610578825,2
4992,4992,4992,327.1679878234863,760.4714649228873,2
4993,4993,4993,1875.5040168762207,132.73843568122322,2
4994,4994,4994,1155.1200151443481,215.64952238912716,2
4995,4995,4995,1862.831950187683,133.802058594114,2
4996,4996,4996,1166.991949081421,213.7122540290973,2
4997,4997,4997,1883.5680484771729,132.48805645633902,2
4998,4998,4998,1177.4879693984985,212.0617165299408,2
4999,4999,4999,1965.1679992675781,127.1392726174656,2
5000,5000,5000,362.8160059452057,689.0544956766772,2
5001,5001,5001,1980.720043182373,126.29247170139716,2
5002,5002,5002,1204.3360471725464,207.83245723121604,2
5003,5003,5003,1914.3040180206299,130.8309796648512,2
5004,5004,5004,1214.2560482025146,206.38190808188148,2
5005,5005,5005,1940.351963043213,129.22951867800677,2
5006,5006,5006,1224.784016609192,204.85332681481125,2
5007,5007,5007,1996.6399669647217,125.73697553878316,2
5008,5008,5008,340.4960036277771,737.7529202915654,2
5009,5009,5009,2010.5440616607666,125.01712160954871,2
5010,5010,5010,1236.5119457244873,203.39714700664808,2
5011,5011,5011,1963.7919664382935,128.14678793009895,2
5012,5012,5012,1246.3680505752563,202.0304703251826,2
5013,5013,5013,1977.9679775238037,127.3807651372697,2
5014,5014,5014,1245.4559803009033,202.42055076654816,2
5015,5015,5015,2033.2319736480713,124.06688465428523,2
5016,5016,5016,345.7599878311157,730.0083788621805,2
5017,5017,5017,2038.6879444122314,123.88295154156832,2
5018,5018,5018,1256.8960189819336,201.05858229123123,2
5019,5019,5019,1994.4959878921509,126.77931931326255,2
5020,5020,5020,1252.7680397033691,201.9623808888901,2
5021,5021,5021,1987.5520467758179,127.37439954474566,2
5022,5022,5022,1245.3279495239258,203.4119136190906,2
5023,5023,5023,2003.5359859466553,126.5092796495189,2
5024,5024,5024,337.3759984970093,751.7348856405038,2
5025,5025,5025,2003.8719177246094,126.63922230027242,2
5026,5026,5026,1245.2000379562378,203.9192960263337,2
5027,5027,5027,1987.104058265686,127.86039478362801,2
5028,5028,5028,1258.512020111084,202.00328629484264,2
5029,5029,5029,1994.3360090255737,127.54885717692427,2
5030,5030,5030,1258.5760354995728,202.23414940438568,2
5031,5031,5031,2050.271987915039,124.21712391485573,2
5032,5032,5032,350.3200113773346,727.4228626965823,2
5033,5033,5033,2047.3759174346924,124.54124311156625,2
5034,5034,5034,1260.0959539413452,202.472484583405,2
5035,5035,5035,1999.6479749679565,127.66588866927485,2
5036,5036,5036,1262.6240253448486,202.30802533813213,2
5037,5037,5037,1995.0400590896606,128.11330285900453,2
5038,5038,5038,1264.7839784622192,202.2032490124869,2
5039,5039,5039,2050.895929336548,124.77266397460777,2
5040,5040,5040,340.84799885749817,751.2091279932927,2
5041,5041,5041,2059.6959590911865,124.38756638384876,2
5042,5042,5042,1277.2799730300903,200.70233119513637,2
5043,5043,5043,2007.2801113128662,127.78766031126165,2
5044,5044,5044,1278.864026069641,200.69236848955165,2
5045,5045,5045,1990.224003791809,129.03619480054476,2
5046,5046,5046,1280.5919647216797,200.66007108505306,2
5047,5047,5047,2064.784049987793,124.52463377345445,2
5048,5048,5048,350.95998644828796,733.0446521484216,2
5049,5049,5049,2067.919969558716,124.48366913973595,2
5050,5050,5050,1281.008005142212,201.07231880366362,2
5051,5051,5051,2006.6399574279785,128.4377370977625,2
5052,5052,5052,1284.000039100647,200.8422066689562,2
5053,5053,5053,1992.959976196289,129.47303048527746,2
5054,5054,5054,1272.5759744644165,202.8859573878584,2
5055,5055,5055,2004.7199726104736,128.86641839238905,2
5056,5056,5056,340.4960036277771,759.1702354150992,2
5057,5057,5057,2018.3680057525635,128.14701761464022,2
5058,5058,5058,1271.8080282211304,203.49086063404062,2
5059,5059,5059,1999.2799758911133,129.52405059855582,2
5060,5060,5060,1281.872034072876,202.13283784399138,2
5061,5061,5061,2010.4799270629883,128.9553208028012,2
5062,5062,5062,1282.528042793274,202.2691028969682,2
5063,5063,5063,2085.7760906219482,124.447476055112,2
5064,5064,5064,356.3840091228485,728.7740124121877,2
5065,5065,5065,2093.424081802368,124.13982504025383,2
5066,5066,5066,1284.000039100647,202.51654756500932,2
5067,5067,5067,2013.6160850524902,129.2129485145713,2
5068,5068,5068,1283.951997756958,202.76408255044453,2
5069,5069,5069,2024.1758823394775,128.69113266823928,2
5070,5070,5070,1284.559965133667,202.9081499304533,2
5071,5071,5071,2084.9759578704834,125.08630847157269,2
5072,5072,5072,345.15199065208435,756.0618903080463,2
5073,5073,5073,2081.8240642547607,125.42397434889432,2
5074,5074,5074,1281.4719676971436,203.87889632693552,2
5075,5075,5075,2017.4400806427002,129.579855311846,2
5076,5076,5076,1285.8079671859741,203.43174457416234,2
5077,5077,5077,2022.320032119751,129.4200615674373,2
5078,5078,5078,1278.5439491271973,204.82946189122066,2
5079,5079,5079,2074.0320682525635,126.34241296894477,2
5080,5080,5080,356.0959994792938,736.298707043593,2
5081,5081,5081,2081.552028656006,126.03475160377805,2
5082,5082,5082,1280.3839445114136,205.01883350011033,2
5083,5083,5083,2025.9521007537842,129.64660589767865,2
5084,5084,5084,1276.3680219650269,205.90680813468487,2
5085,5085,5085,2022.2880840301514,130.03487501441424,2
5086,5086,5086,1259.503960609436,208.91014267607596,2
5087,5087,5087,2050.9119033813477,128.3713779084961,2
5088,5088,5088,342.1599864959717,769.9137635636464,2
5089,5089,5089,2058.3839416503906,128.05630407641885,2
5090,5090,5090,1259.775996208191,209.35821828154084,2
5091,5091,5091,2034.7199440002441,129.6984078423956,2
5092,5092,5092,1267.0400142669678,208.40342404558268,2
5093,5093,5093,2045.072078704834,129.19401788582812,2
5094,5094,5094,1274.2880582809448,207.46230763916847,2
5095,5095,5095,2108.896017074585,125.43172475470834,2
5096,5096,5096,356.24000430107117,742.9773362800405,2
5097,5097,5097,2110.975980758667,125.45575968648438,2
5098,5098,5098,1262.8799676895142,209.82991983696522,2
5099,5099,5099,2061.568021774292,128.61373857060593,2
5100,5100,5100,1256.767988204956,211.09862957197956,2
5101,5101,5101,2060.352087020874,128.84112976332796,2
5102,5102,5102,1258.3680152893066,211.07834845510885,2
5103,5103,5103,2116.447925567627,125.57382217789313,2
5104,5104,5104,346.3200032711029,767.8641927010776,2
5105,5105,5105,2116.0800457000732,125.74338375842036,2
5106,5106,5106,1231.8719625473022,216.12592065287532,2
5107,5107,5107,2056.351900100708,129.54782694195166,2
5108,5108,5108,1223.3279943466187,217.8912283997605,2
5109,5109,5109,2043.4560775756836,130.5185968931705,2
5110,5110,5110,1207.1839570999146,221.0646193817107,2
5111,5111,5111,2101.4719009399414,127.06444713468063,2
5112,5112,5112,356.30398988723755,749.8628627216788,2
5113,5113,5113,2102.2400856018066,127.16718591039042,2
5114,5114,5114,1182.3840141296387,226.23178247627393,2
5115,5115,5115,2040.3199195861816,131.18030617682976,2
5116,5116,5116,1172.976016998291,228.3139620171707,2
5117,5117,5117,2023.871898651123,132.40159785043383,2
5118,5118,5118,1157.9359769821167,231.55080366601385,2
5119,5119,5119,2019.8400020599365,132.82151063668218,2
5120,5120,5120,344.9920117855072,778.0918016353813,2
5121,5121,5121,2045.8400249481201,131.28728045527959,2
5122,5122,5122,1192.8800344467163,225.29520482807996,2
5123,5123,5123,2040.8320426940918,131.76370524789317,2
5124,5124,5124,1209.3759775161743,222.48258461409822,2
5125,5125,5125,2057.919979095459,130.822703984989,2
5126,5126,5126,1227.295994758606,219.49088231562573,2
5127,5127,5127,2136.7199420928955,126.14566909596505,2
5128,5128,5128,395.7279920578003,681.517910576839,2
5129,5129,5129,2149.631977081299,125.53475490460394,2
5130,5130,5130,1260.5760097503662,214.19683693129366,2
5131,5131,5131,2062.335968017578,131.00160709590904,2
5132,5132,5132,1270.4800367355347,212.7757321009144,2
5133,5133,5133,2085.4079723358154,129.7038176041093,2
5134,5134,5134,1282.4480533599854,211.03661196952194,2
5135,5135,5135,2159.93595123291,125.374861507085,2
5136,5136,5136,378.7040114402771,715.4925818754663,2
5137,5137,5137,2166.815996170044,125.12285915611434,2
5138,5138,5138,1306.4320087432861,207.64691490141365,2
5139,5139,5139,2088.560104370117,129.9627435523869,2
5140,5140,5140,1319.0079927444458,205.9073860764849,2
5141,5141,5141,2097.424030303955,129.56466242194153,2
5142,5142,5142,1319.4559812545776,206.0778460509606,2
5143,5143,5143,2165.2159690856934,125.65458702435437,2
5144,5144,5144,394.6560025215149,689.7856620162755,2
5145,5145,5145,2162.7840995788574,125.94268993518115,2
5146,5146,5146,1329.5999765396118,204.9832348683711,2
5147,5147,5147,2082.240104675293,130.966943933935,2
5148,5148,5148,1319.216012954712,206.83769822718742,2
5149,5149,5149,2077.2480964660645,131.43477967917366,2
5150,5150,5150,1322.543978691101,206.55778136796877,2
5151,5151,5151,2101.9999980926514,130.03849483826298,2
5152,5152,5152,374.65599179267883,730.0033887282528,2
5153,5153,5153,2113.759994506836,129.465707490527,2
5154,5154,5154,1320.0160264968872,207.43595458812084,2
5155,5155,5155,2082.5119018554688,131.56140788722115,2
5156,5156,5156,1339.1679525375366,204.707462056979,2
5157,5157,5157,2088.8960361480713,131.3120447544171,2
5158,5158,5158,1339.6320343017578,204.87477277075735,2
5159,5159,5159,2159.4560146331787,127.16928128987543,2
5160,5160,5160,393.39199662208557,698.4793650084483,2
5161,5161,5161,2164.3199920654297,127.03111257574542,2
5162,5162,5162,1344.4479703903198,204.6161912655752,2
5163,5163,5163,2104.9599647521973,130.76530485291394,2
5164,5164,5164,1349.7120141983032,204.0551606496519,2
5165,5165,5165,2103.2159328460693,131.02588752125476,2
5166,5166,5166,1355.3919792175293,203.4362256969994,2
5167,5167,5167,2174.8321056365967,126.85852126743472,2
5168,5168,5168,379.4719874858856,727.4745234633898,2
5169,5169,5169,2180.176019668579,126.69457930281668,2
5170,5170,5170,1357.6639890670776,203.56791387677083,2
5171,5171,5171,2118.256092071533,130.54947957286998,2
5172,5172,5172,1361.407995223999,203.24377252571784,2
5173,5173,5173,2103.775978088379,131.60062112961785,2
5174,5174,5174,1359.0879440307617,203.82699829300373,2
5175,5175,5175,2201.375961303711,125.9119176471098,2
5176,5176,5176,393.69601011276245,704.4526142710063,2
5177,5177,5177,2199.5840072631836,126.16065562836972,2
5178,5178,5178,1364.1599416732788,203.54050212280825,2
5179,5179,5179,2126.0321140289307,130.67662470606473,2
5180,5180,5180,1363.4560108184814,203.8816520623402,2
5181,5181,5181,2126.3039112091064,130.81135204413707,2
5182,5182,5182,1356.6240072250366,205.14584413500998,2
5183,5183,5183,2152.4479389190674,129.37220080400303,2
5184,5184,5184,375.90399384498596,741.2215447833197,2
5185,5185,5185,2160.4158878326416,129.0443265207077,2
5186,5186,5186,1361.9040250778198,204.8240878765746,2
5187,5187,5187,2131.2320232391357,130.96281651295465,2
5188,5188,5188,1369.1519498825073,203.9756137863045,2
5189,5189,5189,2139.8720741271973,130.58497090391486,2
5190,5190,5190,1365.839958190918,204.70679329833885,2
5191,5191,5191,2217.7278995513916,126.14638874254608,2
5192,5192,5192,403.77599000930786,693.2558713299106,2
5193,5193,5193,2220.655918121338,126.12572971275425,2
5194,5194,5194,1372.9439973831177,204.11880113256979,2
5195,5195,5195,2139.888048171997,131.03749983067428,2
5196,5196,5196,1365.2640581130981,205.50423004599295,2
5197,5197,5197,2156.383991241455,130.1853296473328,2
5198,5198,5198,1369.3599700927734,205.12622752143815,2
5199,5199,5199,2220.319986343384,126.58256148964539,2
5200,5200,5200,403.29599380493164,697.2943057203292,2
5201,5201,5201,2219.3119525909424,126.78626403715084,2
5202,5202,5202,1363.1360530853271,206.53888816069383,2
5203,5203,5203,2158.128023147583,130.5311815761246,2
5204,5204,5204,1364.5440340042114,206.56384279580536,2
5205,5205,5205,2166.46409034729,130.17893142405615,2
5206,5206,5206,1356.0160398483276,208.1026738176072,2
5207,5207,5207,2225.264072418213,126.88525959041097,2
5208,5208,5208,406.41599893569946,695.1397547435082,2
5209,5209,5209,2227.4560928344727,126.90651437186669,2
5210,5210,5210,1360.1919412612915,207.9423597655814,2
5211,5211,5211,2169.77596282959,130.43024842663291,2
5212,5212,5212,1358.8160276412964,208.3927260907694,2
5213,5213,5213,2163.4559631347656,130.96194330827285,2
5214,5214,5214,1353.8399934768677,209.39954651505423,2
5215,5215,5215,2183.8560104370117,129.8879712739108,2
5216,5216,5216,387.05599308013916,733.2784932055959,2
5217,5217,5217,2194.240093231201,129.42207532440594,2
5218,5218,5218,1352.2080183029175,210.13515422029275,2
5219,5219,5219,2165.1198863983154,131.31366937419358,2
5220,5220,5220,1360.975980758667,209.02154043998797,2
5221,5221,5221,2167.9039001464844,131.29586496097323,2
5222,5222,5222,1360.0159883499146,209.40959851622313,2
5223,5223,5223,2225.1040935516357,128.06773847561894,2
5224,5224,5224,401.45599842071533,710.2341476267933,2
5225,5225,5225,2228.832006454468,128.0004641102717,2
5226,5226,5226,1351.6639471054077,211.1881188836201,2
5227,5227,5227,2164.560079574585,131.95256942100428,2
5228,5228,5228,1342.4320220947266,212.88468987656063,2
5229,5229,5229,2155.1361083984375,132.6817581793004,2
5230,5230,5230,1343.5039520263672,212.95905647948916,2
5231,5231,5231,2208.5280418395996,129.62275205867255,2
5232,5232,5232,389.9039924144745,734.6416038528527,2
5233,5233,5233,2207.6001167297363,129.826034390035,2
5234,5234,5234,1323.0400085449219,216.74953437227308,2
5235,5235,5235,2133.6159706115723,134.48188882264253,2
5236,5236,5236,1320.3840255737305,217.43459701979594,2
5237,5237,5237,2118.4160709381104,135.60211237388805,2
5238,5238,5238,1304.751992225647,220.2918901497196,2
5239,5239,5239,2186.3200664520264,131.54109421165597,2
5240,5240,5240,405.39199113845825,709.8207519884612,2
5241,5241,5241,2179.9681186676025,132.0755210025627,2
5242,5242,5242,1297.2639799118042,222.07142835769307,2
5243,5243,5243,2095.5519676208496,137.55333786413328,2
5244,5244,5244,1270.2560424804688,227.0527546594486,2
5245,5245,5245,2082.5281143188477,138.5720366826302,2
5246,5246,5246,1256.432056427002,229.8136635363505,2
5247,5247,5247,2117.743968963623,136.4236719263974,2
5248,5248,5248,382.752001285553,755.2556877902109,2
5249,5249,5249,2090.3680324554443,138.3684126465731,2
5250,5250,5250,1278.6879539489746,226.3306298508765,2
5251,5251,5251,2065.0880336761475,140.22242721852476,2
5252,5252,5252,1291.7759418487549,224.29363841637743,2
5253,5253,5253,2078.8159370422363,139.4556648273906,2
5254,5254,5254,1300.3840446472168,223.0635290566742,2
5255,5255,5255,2176.8479347229004,133.32760094101155,2
5256,5256,5256,406.8799912929535,713.7230648997737,2
5257,5257,5257,2190.6559467315674,132.6385458289423,2
5258,5258,5258,1327.855944633484,218.94789732198544,2
5259,5259,5259,2096.5120792388916,138.75292245566553,2
5260,5260,5260,1329.6799659729004,218.89714777121944,2
5261,5261,5261,2114.6719455718994,137.71837743997636,2
5262,5262,5262,1339.087963104248,217.60728009270807,2
5263,5263,5263,2205.359935760498,132.20583550388014,2
5264,5264,5264,393.72798800468445,740.9371149010852,2
5265,5265,5265,2228.9600372314453,130.9552277180154,2
5266,5266,5266,1355.9839725494385,215.38626422175625,2
5267,5267,5267,2134.1118812561035,136.93131128345536,2
5268,5268,5268,1366.1119937896729,214.03312392630744,2
5269,5269,5269,2148.47993850708,136.17058040639273,2
5270,5270,5270,1365.8239841461182,214.32217430491662,2
5271,5271,5271,2225.8880138397217,131.58480264995498,2
5272,5272,5272,425.0720143318176,689.4355718916681,2
5273,5273,5273,2235.9840869903564,131.13982543081698,2
5274,5274,5274,1378.4639835357666,212.84083237013164,2
5275,5275,5275,2166.1760807037354,135.52007445979635,2
5276,5276,5276,1376.7679929733276,213.3455532457969,2
5277,5277,5277,2165.3919219970703,135.72341102803728,2
5278,5278,5278,1371.440052986145,214.4180412871249,2
5279,5279,5279,2189.5360946655273,134.37945416604163,2
5280,5280,5280,395.08798718452454,745.1401043547886,2
5281,5281,5281,2197.0720291137695,134.07080067412156,2
5282,5282,5282,1365.664005279541,215.81484933087253,2
5283,5283,5283,2164.5278930664062,136.24125672791814,2
5284,5284,5284,1378.559947013855,214.03892753967742,2
5285,5285,5285,2168.992042541504,136.11532106132688,2
5286,5286,5286,1380.6240558624268,213.9616980145067,2
5287,5287,5287,2243.3760166168213,131.751586723183,2
5288,5288,5288,408.09598565101624,724.6728861403186,2
5289,5289,5289,2246.256113052368,131.73204222732434,2
5290,5290,5290,1381.824016571045,214.26156619762136,2
5291,5291,5291,2174.560070037842,136.22972224301205,2
5292,5292,5292,1371.440052986145,216.12881549624282,2
5293,5293,5293,2173.408031463623,136.45655726885258,2
5294,5294,5294,1387.6639604568481,213.84421071965124,2
5295,5295,5295,2249.8719692230225,131.96844034309052,2
5296,5296,5296,392.38399267196655,757.1163814533064,2
5297,5297,5297,2250.5440711975098,132.07858044203266,2
5298,5298,5298,1393.3119773864746,213.4604826565005,2
5299,5299,5299,2173.1839179992676,136.93525399910507,2
5300,5300,5300,1404.6399593353271,211.97887616759573,2
5301,5301,5301,2164.8480892181396,137.6182344090473,2
5302,5302,5302,1397.007942199707,213.37831962975832,2
5303,5303,5303,2265.0399208068848,131.67975695004512,2
5304,5304,5304,407.6640009880066,732.0456753717132,2
5305,5305,5305,2267.199993133545,131.70320049150237,2
5306,5306,5306,1395.4559564590454,214.09947325755556,2
5307,5307,5307,2173.7120151519775,137.5229730535853,2
5308,5308,5308,1396.2719440460205,214.2164049771537,2
5309,5309,5309,2167.232036590576,138.09016856764813,2
5310,5310,5310,1389.3920183181763,215.52058602040026,2
5311,5311,5311,2206.576108932495,135.7813080859229,2
5312,5312,5312,388.7679874897003,771.105318088831,2
5313,5313,5313,2214.576005935669,135.4437137357449,2
5314,5314,5314,1392.9439783096313,215.45719207760393,2
5315,5315,5315,2170.991897583008,138.31892329230513,2
5316,5316,5316,1406.2559604644775,213.65867767967387,2
5317,5317,5317,2185.231924057007,137.57275679364338,2
5318,5318,5318,1397.7760076522827,215.197594762857,2
5319,5319,5319,2290.127992630005,131.41962129914222,2
5320,5320,5320,412.30401396751404,730.377405502841,2
5321,5321,5321,2293.247938156128,131.38892542263196,2
5322,5322,5322,1409.8880290985107,213.83066333910648,2
5323,5323,5323,2193.648099899292,137.5094148181052,2
5324,5324,5324,1402.8160572052002,215.15101919299673,2
5325,5325,5325,2207.0400714874268,136.82914513032682,2
5326,5326,5326,1402.1600484848022,215.49435264434794,2
5327,5327,5327,2288.1760597229004,132.1261099124567,2
5328,5328,5328,398.6560106277466,758.7947680198505,2
5329,5329,5329,2292.5760746002197,132.02111630288186,2
5330,5330,5330,1401.1199474334717,216.14057708244815,2
5331,5331,5331,2212.9440307617188,136.9259028560704,2
5332,5332,5332,1399.7279405593872,216.59916898910885,2
5333,5333,5333,2218.048095703125,136.76462772004834,2
5334,5334,5334,1392.3360109329224,217.9942176491064,2
5335,5335,5335,2293.519973754883,132.41303508371223,2
5336,5336,5336,412.60799765586853,736.4441499881775,2
5337,5337,5337,2294.5120334625244,132.50469427575817,2
5338,5338,5338,1392.8320407867432,218.40720204294672,2
5339,5339,5339,2231.5359115600586,136.39733282410506,2
5340,5340,5340,1392.5600051879883,218.69550099486582,2
5341,5341,5341,2232.2559356689453,136.50662935775082,2
5342,5342,5342,1375.5680322647095,221.64583373898026,2
5343,5343,5343,2260.335922241211,134.96231874752536,2
5344,5344,5344,393.66400241851807,775.3604426434136,2
5345,5345,5345,2269.007921218872,134.59753683272416,2
5346,5346,5346,1368.1119680404663,223.35476233693882,2
5347,5347,5347,2244.4159984588623,136.225117828398,2
5348,5348,5348,1379.3439865112305,221.7847117003466,2
5349,5349,5349,2259.7920894622803,135.45009230067453,2
5350,5350,5350,1378.2559633255005,222.20890614617343,2
5351,5351,5351,2304.080009460449,132.99560598755332,2
5352,5352,5352,415.3920114040375,738.108437328075,2
5353,5353,5353,2311.903953552246,132.69419929086482,2
5354,5354,5354,1363.6959791183472,225.0855091077172,2
5355,5355,5355,2263.6799812316895,135.67298836246854,2
5356,5356,5356,1357.2479486465454,226.40838495164678,2
5357,5357,5357,2256.511926651001,136.2565227130543,2
5358,5358,5358,1352.6400327682495,227.4342603881132,2
5359,5359,5359,2301.3439178466797,133.75183264481848,2
5360,5360,5360,398.4000086784363,773.0454450079678,2
5361,5361,5361,2305.0079345703125,133.68879002121284,2
5362,5362,5362,1329.103946685791,231.98049830852722,2
5363,5363,5363,2257.1840286254883,136.67416142487073,2
5364,5364,5364,1321.9200372695923,233.50227576968757,2
5365,5365,5365,2248.6560344696045,137.34604115335395,2
5366,5366,5366,1307.9040050506592,236.26866696537934,2
5367,5367,5367,2294.6879863739014,134.7414260945279,2
5368,5368,5368,416.01601243019104,743.6309728965351,2
5369,5369,5369,2288.1760597229004,135.2760053155547,2
5370,5370,5370,1284.8000526428223,241.05564547801254,2
5371,5371,5371,2244.1279888153076,138.08542167222322,2
5372,5372,5372,1271.936058998108,243.76577383947037,2
5373,5373,5373,2231.2960624694824,139.03473656053342,2
5374,5374,5374,1258.7519884109497,246.59417431375863,2
5375,5375,5375,2224.287986755371,139.6286005226522,2
5376,5376,5376,394.9759900569916,786.7505938960032,2
5377,5377,5377,2340.04807472229,132.8695075219338,2
5378,5378,5378,1394.3840265274048,223.10535289102143,2
5379,5379,5379,2355.6480407714844,132.13693407953187,2
5380,5380,5380,1416.1440134048462,219.92236739482323,2
5381,5381,5381,2375.391960144043,131.18485197832518,2
5382,5382,5382,1426.576018333435,218.557722777536,2
5383,5383,5383,2434.1280460357666,128.16212946646937,2
5384,5384,5384,451.84001326560974,690.8129360923009,2
5385,5385,5385,2457.184076309204,127.10113428665238,2
5386,5386,5386,1463.4079933166504,213.53232067824638,2
5387,5387,5387,2391.551971435547,130.7347676071301,2
5388,5388,5388,1480.8319807052612,211.25498788526303,2
5389,5389,5389,2426.2399673461914,129.00923319648626,2
5390,5390,5390,1493.4719800949097,209.70037749224957,2
5391,5391,5391,2475.775957107544,126.5687963575245,2
5392,5392,5392,425.28000473976135,737.2328561928429,2
5393,5393,5393,2528.2719135284424,124.07876907361408,2
5394,5394,5394,1521.7920541763306,206.25643635515442,2
5395,5395,5395,2475.5680561065674,126.8613920652726,2
5396,5396,5396,1528.5439491271973,205.5738589992296,2
5397,5397,5397,2494.4159984588623,126.04289410437131,2
5398,5398,5398,1534.991979598999,204.938015158998,2
5399,5399,5399,2539.7439002990723,123.93102799102527,2
5400,5400,5400,440.6239986419678,714.7318370552418,2
5401,5401,5401,2512.7201080322266,125.40314036359783,2
5402,5402,5402,1542.7039861679077,204.36717117660004,2
5403,5403,5403,2458.0318927764893,128.3356707376475,2
5404,5404,5404,1541.3600206375122,204.77263864509408,2
5405,5405,5405,2450.495958328247,128.8733446699681,2
5406,5406,5406,1532.639980316162,206.16643888332993,2
5407,5407,5407,2476.7839908599854,127.64710586498315,2
5408,5408,5408,431.67999386787415,732.7876184153677,2
5409,5409,5409,2478.303909301758,127.71043319992697,2
5410,5410,5410,1534.8000526428223,206.33361424160557,2
5411,5411,5411,2451.9360065460205,129.2270606639313,2
5412,5412,5412,1556.7679405212402,203.64768621189015,2
5413,5413,5413,2462.415933609009,128.81981295868573,2
5414,5414,5414,1556.7840337753296,203.87143560196859,2
5415,5415,5415,2537.008047103882,125.17094579676633,2
5416,5416,5416,428.4000098705292,741.6798675798955,2
5417,5417,5417,2540.224075317383,125.15104337253368,2
5418,5418,5418,1556.8959712982178,204.30895520833192,2
5419,5419,5419,2472.111940383911,128.7417227832226,2
5420,5420,5420,1586.0799551010132,200.77183055990352,2
5421,5421,5421,2456.33602142334,129.71208504990113,2
5422,5422,5422,1585.0399732589722,201.12604620345053,2
5423,5423,5423,2532.8478813171387,125.93304409901188,2
5424,5424,5424,425.1680076122284,750.6343947192629,2
5425,5425,5425,2534.0960025787354,126.01033304383603,2
5426,5426,5426,1568.4319734573364,203.70593239547398,2
5427,5427,5427,2445.391893386841,130.7257048780238,2
5428,5428,5428,1575.9680271148682,202.95610063203827,2
5429,5429,5429,2419.0080165863037,132.2976753213179,2
5430,5430,5430,1589.9840593338013,201.3894492339536,2
5431,5431,5431,2530.7040214538574,126.59835099876439,2
5432,5432,5432,429.6320080757141,746.126818091979,2
5433,5433,5433,2530.4479598999023,126.75108935521737,2
5434,5434,5434,1588.304042816162,202.0483259861249,2
5435,5435,5435,2423.504114151001,132.4905428776152,2
5436,5436,5436,1577.4400234222412,203.66456977236493,2
5437,5437,5437,2403.856039047241,133.72097649965923,2
5438,5438,5438,1561.568021774292,205.96180945007035,2
5439,5439,5439,2431.551933288574,132.343806699114,2
5440,5440,5440,433.02398920059204,743.5578074886937,2
5441,5441,5441,2456.4640522003174,131.14621480148946,2
5442,5442,5442,1557.6159954071045,206.94036445854144,2
5443,5443,5443,2421.6320514678955,133.17933515890934,2
5444,5444,5444,1569.9679851531982,205.5386732848007,2
5445,5445,5445,2429.0719032287598,132.9178406867414,2
5446,5446,5446,1572.6560354232788,205.413584277539,2
5447,5447,5447,2540.623903274536,127.22186027983419,2
5448,5448,5448,434.6559941768646,744.0388608845592,2
5449,5449,5449,2518.9759731292725,128.4565915474074,2
5450,5450,5450,1578.3040523529053,205.12983510201911,2
5451,5451,5451,2400.6400108337402,134.93714019600029,2
5452,5452,5452,1573.632001876831,205.96544200260143,2
5453,5453,5453,2418.6079502105713,134.0821646293547,2
5454,5454,5454,1577.1839618682861,205.72782958282278,2
5455,5455,5455,2490.799903869629,130.3393107754803,2
5456,5456,5456,429.1040003299713,756.9906535064106,2
5457,5457,5457,2479.4559478759766,131.07970652368977,2
5458,5458,5458,1571.4080333709717,206.93865432672865,2
5459,5459,5459,2389.120101928711,136.18563373826927,2
5460,5460,5460,1562.2559785842896,208.37985353399353,2
5461,5461,5461,2376.784086227417,137.04298015517514,2
5462,5462,5462,1552.8000593185425,209.87926958157368,2
5463,5463,5463,2459.4240188598633,132.58371602191784,2
5464,5464,5464,434.4959855079651,750.8899634747468,2
5465,5465,5465,2470.0961112976074,132.1559261426931,2
5466,5466,5466,1559.0720176696777,209.49453629485944,2
5467,5467,5467,2407.6321125030518,135.73351320117257,2
5468,5468,5468,1555.5039644241333,210.20565292165648,2
5469,5469,5469,2411.3121032714844,135.6751591692095,2
5470,5470,5470,1539.9999618530273,212.5549702002134,2
5471,5471,5471,2435.472011566162,134.4766856964978,2
5472,5472,5472,442.75200366973877,740.1295203181872,2
5473,5473,5473,2442.336082458496,134.24586402701672,2
5474,5474,5474,1543.1040525436401,212.59309915442168,2
5475,5475,5475,2418.3359146118164,135.7268408275229,2
5476,5476,5476,1559.440016746521,210.5967378194976,2
5477,5477,5477,2429.919958114624,135.22788335832897,2
5478,5478,5478,1555.567979812622,211.3523516623187,2
5479,5479,5479,2507.8558921813965,131.16903387613246,2
5480,5480,5480,472.7039933204651,696.2775619643801,2
5481,5481,5481,2506.592035293579,131.37893787467888,2
5482,5482,5482,1539.631962776184,214.00808004912693,2
5483,5483,5483,2439.487934112549,135.14066725397876,2
5484,5484,5484,1538.3679866790771,214.41842437196516,2
5485,5485,5485,2436.2239837646484,135.46985845694024,2
5486,5486,5486,1535.6639623641968,215.03106838792016,2
5487,5487,5487,2515.439987182617,131.34722922809837,2
5488,5488,5488,451.80800557136536,731.675279029078,2
5489,5489,5489,2513.5838985443115,131.5880048919597,2
5490,5490,5490,1523.5519409179688,217.2149758153985,2
5491,5491,5491,2435.6799125671387,135.94527336435172,2
5492,5492,5492,1517.4399614334106,218.32831571342427,2
5493,5493,5493,2418.3359146118164,137.06992246658518,2
5494,5494,5494,1505.903959274292,220.24126142003826,2
5495,5495,5495,2521.6639041900635,131.59696825520655,2
5496,5496,5496,471.16801142692566,704.6839340100115,2
5497,5497,5497,2522.9759216308594,131.6722026943726,2
5498,5498,5498,1488.3359670639038,223.3280249483674,2
5499,5499,5499,2437.6320838928223,136.43097955410008,2
5500,5500,5500,1486.1600399017334,223.89917038948363,2
5501,5501,5501,2432.6720237731934,136.85837208980064,2
5502,5502,5502,1465.391993522644,227.32015289317366,2
5503,5503,5503,2449.1679668426514,136.0849078406278,2
5504,5504,5504,442.59199500083923,753.4626290007069,2
5505,5505,5505,2448.5440254211426,136.2680522734778,2
5506,5506,5506,1493.0399656295776,223.5976237188185,2
5507,5507,5507,2429.3439388275146,137.49478299363847,2
5508,5508,5508,1506.127953529358,221.89622883025893,2
5509,5509,5509,2444.1440105438232,136.81115884149514,2
5510,5510,5510,1514.672040939331,220.8849790298604,2
5511,5511,5511,2545.4719066619873,131.50822634730082,2
5512,5512,5512,465.9680128097534,718.7891577286168,2
5513,5513,5513,2562.1440410614014,130.79478593841048,2
5514,5514,5514,1554.2720556259155,215.72637317536635,2
5515,5515,5515,2466.6080474853516,136.0086099175805,2
5516,5516,5516,1564.2240047454834,214.5872043733378,2
5517,5517,5517,2490.4160499572754,134.8549961488409,2
5518,5518,5518,1572.0959901809692,213.7450294147234,2
5519,5519,5519,2573.568105697632,130.63980159439438,2
5520,5520,5520,451.088011264801,745.737433936208,2
5521,5521,5521,2582.2079181671143,130.34429534276475,2
5522,5522,5522,1588.1919860839844,212.03922211341018,2
5523,5523,5523,2509.3600749969482,134.27406640093682,2
5524,5524,5524,1599.2480516433716,210.80221751814776,2
5525,5525,5525,2518.671989440918,133.923018822659,2
5526,5526,5526,1597.3279476165771,211.28494224093515,2
5527,5527,5527,2586.8160724639893,130.5367629188877,2
5528,5528,5528,503.7279725074768,670.7150175166919,2
5529,5529,5529,2588.5438919067383,130.59129606992934,2
5530,5530,5530,1607.583999633789,210.39320749463062,2
5531,5531,5531,2513.456106185913,134.63862438223498,2
5532,5532,5532,1606.4480543136597,210.77049869543418,2
5533,5533,5533,2508.336067199707,135.05985633424598,2
5534,5534,5534,1599.3599891662598,211.93429178173838,2
5535,5535,5535,2524.4479179382324,134.3434373670838,2
5536,5536,5536,445.6000030040741,761.5055184568694,2
5537,5537,5537,2522.6080417633057,134.58721001645648,2
5538,5538,5538,1597.216010093689,212.67928670717137,2
5539,5539,5539,2492.7680492401123,136.34594351512473,2
5540,5540,5540,1610.640048980713,211.13527396466233,2
5541,5541,5541,2495.215892791748,136.35978827520125,2
5542,5542,5542,1609.3440055847168,211.53423941347606,2
5543,5543,5543,2568.9759254455566,132.5881152253011,2
5544,5544,5544,471.0240066051483,723.5301249808423,2
5545,5545,5545,2566.59197807312,132.8549727276852,2
5546,5546,5546,1615.007996559143,211.2491228519475,2
5547,5547,5547,2496.3040351867676,136.74360167448944,2
5548,5548,5548,1619.2799806594849,210.91982687570902,2
5549,5549,5549,2496.7041015625,136.86963067995973,2
5550,5550,5550,1624.5919466018677,210.45761719745246,2
5551,5551,5551,2588.7041091918945,132.1482038396384,2
5552,5552,5552,451.9200026988983,757.3851813858523,2
5553,5553,5553,2595.1359272003174,131.96322056373177,2
5554,5554,5554,1631.2479972839355,210.05239148094947,2
5555,5555,5555,2513.8559341430664,136.377209645813,2
5556,5556,5556,1636.639952659607,209.586622075663,2
5557,5557,5557,2496.959924697876,137.44837632006707,2
5558,5558,5558,1637.1519565582275,209.7474219472595,2
5559,5559,5559,2624.6399879455566,130.90320399596337,2
5560,5560,5560,466.592013835907,736.7447830362881,2
5561,5561,5561,2630.176067352295,130.76871591651164,2
5562,5562,5562,1636.687994003296,210.26019004041586,2
5563,5563,5563,2524.5440006256104,136.387393924873,2
5564,5564,5564,1640.064001083374,210.05381013206383,2
5565,5565,5565,2519.984006881714,136.78161183114977,2
5566,5566,5566,1627.4240016937256,211.91362707756335,2
5567,5567,5567,2551.215887069702,135.2528573825758,2
5568,5568,5568,449.99998807907104,767.2116222441673,2
5569,5569,5569,2566.2240982055664,134.60682185142875,2
5570,5570,5570,1624.6880292892456,212.7284621843356,2
5571,5571,5571,2540.9278869628906,136.09342106726635,2
5572,5572,5572,1636.687994003296,211.3963197406477,2
5573,5573,5573,2557.1041107177734,135.37819347403465,2
5574,5574,5574,1635.8400583267212,211.73373074277785,2
5575,5575,5575,2663.696050643921,130.10079309395132,2
5576,5576,5576,470.3199863433838,737.2331519393397,2
5577,5577,5577,2676.271915435791,129.62885724170107,2
5578,5578,5578,1639.8240327835083,211.67437125238536,2
5579,5579,5579,2558.0480098724365,135.7658017901387,2
5580,5580,5580,1636.6080045700073,212.31854117155893,2
5581,5581,5581,2577.023983001709,134.91107501337112,2
5582,5582,5582,1640.4160261154175,212.05352130077603,2
5583,5583,5583,2663.8240814208984,130.65539237424116,2
5584,5584,5584,457.3279917240143,761.4448267101653,2
5585,5585,5585,2666.1760807037354,130.68047372101378,2
5586,5586,5586,1631.4719915390015,213.67473172687096,2
5587,5587,5587,2565.5999183654785,135.9493315809786,2
5588,5588,5588,1631.5040588378906,213.9001205995009,2
5589,5589,5589,2571.6800689697266,135.77361630285682,2
5590,5590,5590,1621.7279434204102,215.42069335203837,2
5591,5591,5591,2641.711950302124,132.31619749534923,2
5592,5592,5592,471.2960124015808,742.0577729777265,2
5593,5593,5593,2645.344018936157,132.27637812291852,2
5594,5594,5594,1616.2559986114502,216.6143540805292,2
5595,5595,5595,2560.60791015625,136.80034274697877,2
5596,5596,5596,1612.671971321106,217.32869653887877,2
5597,5597,5597,2556.175947189331,137.18454034104357,2
5598,5598,5598,1593.0880308151245,220.23630056681804,2
5599,5599,5599,2584.7039222717285,135.81589387207768,2
5600,5600,5600,452.9600143432617,775.4150231323282,2
5601,5601,5601,2593.1999683380127,135.51604114326207,2
5602,5602,5602,1588.0160331726074,221.41366779121327,2
5603,5603,5603,2552.5600910186768,137.8211559805453,2
5604,5604,5604,1596.3200330734253,220.49787663838075,2
5605,5605,5605,2564.3680095672607,137.33350242090629,2
5606,5606,5606,1598.7039804458618,220.40488692204912,2
5607,5607,5607,2645.616054534912,133.25847735225395,2
5608,5608,5608,471.0879921913147,748.7761039783585,2
5609,5609,5609,2654.9439430236816,132.93243497113338,2
5610,5610,5610,1593.3599472045898,221.61782252623627,2
5611,5611,5611,2584.2559337615967,136.7147207233977,2
5612,5612,5612,1580.7039737701416,223.63122236789135,2
5613,5613,5613,2578.655958175659,137.15818183214455,2
5614,5614,5614,1575.8559703826904,224.559120718414,2
5615,5615,5615,2644.0000534057617,133.91148245021,2
5616,5616,5616,459.3439996242523,771.2110533321014,2
5617,5617,5617,2640.255928039551,134.2447284984149,2
5618,5618,5618,1542.9760217666626,229.83492488623332,2
5619,5619,5619,2559.8878860473633,138.60731372336167,2
5620,5620,5620,1531.7599773406982,231.76519902049776,2
5621,5621,5621,2533.936023712158,140.1764657032038,2
5622,5622,5622,1511.0080242156982,235.1991505011809,2
5623,5623,5623,2600.368022918701,136.74121339751488,2
5624,5624,5624,472.1759855747223,753.4631834674268,2
5625,5625,5625,2589.2319679260254,137.4759139619003,2
5626,5626,5626,1480.4799556732178,240.56179037564175,2
5627,5627,5627,2514.1758918762207,141.73107574429937,2
5628,5628,5628,1462.4320268630981,243.7903846161975,2
5629,5629,5629,2495.0079917907715,142.97226604150848,2
5630,5630,5630,1454.1280269622803,245.4440650219708,2
5631,5631,5631,2487.663984298706,143.5472440956164,2
5632,5632,5632,456.86399936676025,782.0436550728906,2
5633,5633,5633,2495.392084121704,143.25522011095924,2
5634,5634,5634,1487.023949623108,240.52629434694205,2
5635,5635,5635,2499.056100845337,143.1976039389231,2
5636,5636,5636,1508.8319778442383,237.30236644610844,2
5637,5637,5637,2522.38392829895,142.02438244505888,2
5638,5638,5638,1526.8640518188477,234.7495886860564,2
5639,5639,5639,2615.0240898132324,137.13887594190885,2
5640,5640,5640,502.19202041625977,714.4922129638493,2
5641,5641,5641,2640.655994415283,135.95227102706863,2
5642,5642,5642,1569.0399408340454,228.9260644219581,2
5643,5643,5643,2549.743890762329,140.94951524976497,2
5644,5644,5644,1587.3759984970093,226.52242462306415,2
5645,5645,5645,2587.0399475097656,139.06527519851602,2
5646,5646,5646,1604.1760444641113,224.38849745586822,2
5647,5647,5647,2676.271915435791,134.571508959453,2
5648,5648,5648,485.77600717544556,741.7849178661826,2
5649,5649,5649,2686.3200664520264,134.21064503835382,2
5650,5650,5650,1631.2320232391357,221.1360768186185,2
5651,5651,5651,2601.2320518493652,138.74802851418204,2
5652,5652,5652,1648.0159759521484,219.1164775616745,2
5653,5653,5653,2619.9679374694824,137.90213039895588,2
5654,5654,5654,1648.1599807739258,219.33000239349025,2
5655,5655,5655,2692.064046859741,134.35147398216563,2
5656,5656,5656,502.1600127220154,720.636194965858,2
5657,5657,5657,2701.7600536346436,134.01140352893898,2
5658,5658,5658,1662.335991859436,217.92146858276766,2
5659,5659,5659,2611.311912536621,138.8002753014351,2
5660,5660,5660,1659.0240001678467,218.58815301244027,2
5661,5661,5661,2608.191967010498,139.11370181002462,2
5662,5662,5662,1659.343957901001,218.77776052845266,2
5663,5663,5663,2637.471914291382,137.71518723132544,2
5664,5664,5664,480.3679883480072,756.5291582767219,2
5665,5665,5665,2653.3920764923096,137.03399225141007,2
5666,5666,5666,1661.4559888839722,218.9630655437156,2
5667,5667,5667,2612.4799251556396,139.32744455608213,2
5668,5668,5668,1682.5920343399048,216.4415781314881,2
5669,5669,5669,2625.5199909210205,138.7822861292245,2
5670,5670,5670,1684.8959922790527,216.37449888338278,2
5671,5671,5671,2718.3520793914795,134.184771791465,2
5672,5672,5672,504.256010055542,723.7483373887832,2
5673,5673,5673,2729.9680709838867,133.75523190730948,2
5674,5674,5674,1701.1359930038452,214.76275003909944,2
5675,5675,5675,2655.1361083984375,137.67047293499687,2
5676,5676,5676,1700.8960247039795,215.02026357881013,2
5677,5677,5677,2659.168004989624,137.60711876022583,2
5678,5678,5678,1707.535982131958,214.41062169998057,2
5679,5679,5679,2756.880044937134,132.87024379269033,2
5680,5680,5680,485.6480062007904,754.6635821016237,2
5681,5681,5681,2771.967887878418,132.28669570290626,2
5682,5682,5682,1717.6480293273926,213.5991442202908,2
5683,5683,5683,2692.67201423645,136.32625586525134,2
5684,5684,5684,1720.0959920883179,213.5204713558465,2
5685,5685,5685,2669.7120666503906,137.64390281647613,2
5686,5686,5686,1721.5039730072021,213.57112355061747,2
5687,5687,5687,2803.5519123077393,131.21125162372994,2
5688,5688,5688,505.47200441360474,728.1345715099982,2
5689,5689,5689,2806.8480491638184,131.19548656996352,2
5690,5690,5690,1721.2320566177368,214.05598192494372,2
5691,5691,5691,2695.98388671875,136.7346112704926,2
5692,5692,5692,1724.784016609192,213.84049493981985,2
5693,5693,5693,2685.3280067443848,137.42198129508697,2
5694,5694,5694,1716.9760465621948,215.03945352485482,2
5695,5695,5695,2732.5119972229004,135.19141183110634,2
5696,5696,5696,482.1920096874237,766.5137116469309,2
5697,5697,5697,2735.071897506714,135.20722730656928,2
5698,5698,5698,1717.5840139389038,215.41668633459997,2
5699,5699,5699,2677.759885787964,138.24656055338087,2
5700,5700,5700,1734.4800233840942,213.54296100646377,2
5701,5701,5701,2683.6159229278564,138.09016820771126,2
5702,5702,5702,1731.5360307693481,214.131274329451,2
5703,5703,5703,2806.351900100708,132.18981120674405,2
5704,5704,5704,511.2000107765198,726.0686610006002,2
5705,5705,5705,2804.1279315948486,132.43388472607526,2
5706,5706,5706,1739.2319440841675,213.63273190549165,2
5707,5707,5707,2682.080030441284,138.6059521963017,2
5708,5708,5708,1725.5840301513672,215.54888276948935,2
5709,5709,5709,2703.263998031616,137.66440566995175,2
5710,5710,5710,1730.3520441055298,215.18096462993054,2
5711,5711,5711,2785.2320671081543,133.75347974102368,2
5712,5712,5712,492.031991481781,757.5324668087186,2
5713,5713,5713,2786.911964416504,133.8133421347881,2
5714,5714,5714,1723.8719463348389,216.44407491014772,2
5715,5715,5715,2696.5279579162598,138.44388323660516,2
5716,5716,5716,1723.3760356903076,216.73378047315543,2
5717,5717,5717,2697.648048400879,138.53173835909732,2
5718,5718,5718,1712.3839855194092,218.35406989664466,2
5719,5719,5719,2772.223949432373,134.94660847822175,2
5720,5720,5720,510.55997610092163,733.1136664069669,2
5721,5721,5721,2771.2318897247314,135.13659470741686,2
5722,5722,5722,1715.440034866333,218.42282241314015,2
5723,5723,5723,2689.311981201172,139.39912466628647,2
5724,5724,5724,1712.0640277862549,219.0830954686865,2
5725,5725,5725,2687.2000694274902,139.6549927635101,2
5726,5726,5726,1710.5599641799927,219.5056602602039,2
5727,5727,5727,2712.559938430786,138.49439632413333,2
5728,5728,5728,486.60799860954285,772.4311515183318,2
5729,5729,5729,2724.463939666748,138.03378547340952,2
5730,5730,5730,1696.3200569152832,221.81252439131612,2
5731,5731,5731,2685.136079788208,140.202229829519,2
5732,5732,5732,1709.920048713684,220.27881749169978,2
5733,5733,5733,2697.04008102417,139.7296014714372,2
5734,5734,5734,1706.7840099334717,220.9146392358674,2
5735,5735,5735,2762.239933013916,136.57426215628442,2
5736,5736,5736,511.680006980896,737.6646563524855,2
5737,5737,5737,2774.6880054473877,136.10384315807386,2
5738,5738,5738,1679.4240474700928,224.98380627167285,2
5739,5739,5739,2699.7599601745605,140.0275588995537,2
5740,5740,5740,1682.4959516525269,224.8079394357525,2
5741,5741,5741,2689.919948577881,140.68677703292747,2
5742,5742,5742,1683.840036392212,224.86337703862858,2
5743,5743,5743,2756.783962249756,137.41802767339195,2
5744,5744,5744,493.96800994873047,767.316372587245,2
5745,5745,5745,2755.9518814086914,137.60317798297683,2
5746,5746,5746,1658.8799953460693,228.72408066675467,2
5747,5747,5747,2678.5120964050293,141.72940863530656,2
5748,5748,5748,1654.0000438690186,229.63852957072737,2
5749,5749,5749,2662.015914916992,142.75662567173265,2
5750,5750,5750,1637.4720335006714,232.1986221573195,2
5751,5751,5751,2746.5438842773438,138.50758463380365,2
5752,5752,5752,512.4480128288269,742.7400018880298,2
5753,5753,5753,2734.8480224609375,139.24509970076016,2
5754,5754,5754,1627.0240545272827,234.177731464886,2
5755,5755,5755,2651.2959003448486,143.78307894656973,2
5756,5756,5756,1609.2159748077393,237.01619198601912,2
5757,5757,5757,2636.1279487609863,144.7612079547812,2
5758,5758,5758,1603.4400463104248,238.1180137683067,2
5759,5759,5759,2655.791997909546,143.83917161384974,2
5760,5760,5760,489.327996969223,781.0833517952977,2
5761,5761,5761,2813.2479190826416,135.93009331601908,2
5762,5762,5762,1646.1600065231323,232.4222553942988,2
5763,5763,5763,2821.4240074157715,135.6773951337507,2
5764,5764,5764,1674.3359565734863,228.74905480248526,2
5765,5765,5765,2847.856044769287,134.55811607958026,2
5766,5766,5766,1687.7599954605103,227.16594256483,2
5767,5767,5767,2949.79190826416,130.04344620083205,2
5768,5768,5768,529.1039943695068,725.378552700866,2
5769,5769,5769,2962.4319076538086,129.6233483800548,2
5770,5770,5770,1722.0319509506226,223.1085583446393,2
5771,5771,5771,2870.255947113037,133.92528927904056,2
5772,5772,5772,1727.952003479004,222.5754642036695,2
5773,5773,5773,2906.8000316619873,132.37912675196569,2
5774,5774,5774,1749.168038368225,220.10443891209042,2
5775,5775,5775,2983.839988708496,129.09530008568828,2
5776,5776,5776,537.9840135574341,716.377898673109,2
5777,5777,5777,3010.6561183929443,128.07841536941427,2
5778,5778,5778,1775.1840353012085,217.32977214305473,2
5779,5779,5779,2933.135986328125,131.59999743524293,2
5780,5780,5780,1783.4559679031372,216.5464754669936,2
5781,5781,5781,2954.2078971862793,130.7970198881488,2
5782,5782,5782,1789.8080348968506,216.00201585768414,2
5783,5783,5783,3020.6239223480225,128.05393101479729,2
5784,5784,5784,532.6719880104065,726.5324051551954,2
5785,5785,5785,3019.808053970337,128.22146849397186,2
5786,5786,5786,1799.8720407485962,215.24033183540757,2
5787,5787,5787,2944.8959827423096,131.61957470737502,2
5788,5788,5788,1799.6480464935303,215.49042797540923,2
5789,5789,5789,2924.1440296173096,132.69112745748697,2
5790,5790,5790,1786.8000268936157,217.26498329805185,2
5791,5791,5791,2947.4880695343018,131.7767021202458,2
5792,5792,5792,532.7200293540955,729.4854421884193,2
5793,5793,5793,2963.42396736145,131.20391438967405,2
5794,5794,5794,1789.4879579544067,217.38856114611053,2
5795,5795,5795,2939.552068710327,132.4064553552069,2
5796,5796,5796,1811.0239505767822,215.0259782859177,2
5797,5797,5797,2950.943946838379,132.03191933328145,2
5798,5798,5798,1808.5919618606567,215.5380911805876,2
5799,5799,5799,3034.127950668335,128.54507164475012,2
5800,5800,5800,539.4719839096069,723.3443286007329,2
5801,5801,5801,3041.440010070801,128.3687574008443,2
5802,5802,5802,1814.3999576568604,215.29311526244842,2
5803,5803,5803,2966.2880897521973,131.7572067946542,2
5804,5804,5804,1821.903944015503,214.6281741210571,2
5805,5805,5805,2965.536117553711,131.92692813086742,2
5806,5806,5806,1830.288052558899,213.8659500534567,2
5807,5807,5807,3058.5920810699463,128.04538019630206,2
5808,5808,5808,526.2399911880493,744.6050372176629,2
5809,5809,5809,3053.3440113067627,128.3980379564942,2
5810,5810,5810,1841.4080142974854,213.0141060288833,2
5811,5811,5811,2964.816093444824,132.36856556792821,2
5812,5812,5812,1845.0080156326294,212.81809690206956,2
5813,5813,5813,2942.352056503296,133.51692729145037,2
5814,5814,5814,1852.112054824829,212.22073754342844,2
5815,5815,5815,3070.352077484131,128.0828474473324,2
5816,5816,5816,535.1840257644653,735.1907718657562,2
5817,5817,5817,3076.9920349121094,127.93837051230605,2
5818,5818,5818,1848.4480381011963,213.0805945016438,2
5819,5819,5819,2958.8000774383545,133.186266798795,2
5820,5820,5820,1852.6079654693604,212.8214621489604,2
5821,5821,5821,2953.4080028533936,133.56705370232646,2
5822,5822,5822,1833.8079452514648,215.22501607543123,2
5823,5823,5823,2985.503911972046,132.2673709957267,2
5824,5824,5824,532.6560139656067,741.7324165864213,2
5825,5825,5825,2985.5520725250244,132.40156984288765,2
5826,5826,5826,1854.207992553711,213.29613589212465,2
5827,5827,5827,2950.592041015625,134.10836980018294,2
5828,5828,5828,1876.688003540039,210.95826602887615,2
5829,5829,5829,2964.9760723114014,133.5952351444131,2
5830,5830,5830,1884.2719793319702,210.32556783044862,2
5831,5831,5831,3076.751947402954,128.87439389343453,2
5832,5832,5832,538.4799838066101,736.7378410828316,2
5833,5833,5833,3082.0319652557373,128.7860390640253,2
5834,5834,5834,1897.1840143203735,209.32437992856606,2
5835,5835,5835,2940.7360553741455,135.11281130582395,2
5836,5836,5836,1908.784031867981,208.2663242540658,2
5837,5837,5837,2959.808111190796,134.38027316776981,2
5838,5838,5838,1918.7999963760376,207.39226688325087,2
5839,5839,5839,3052.1600246429443,130.44820921032058,2
5840,5840,5840,527.616024017334,755.0062732494127,2
5841,5841,5841,3042.367935180664,131.0025891455277,2
5842,5842,5842,1917.0399904251099,208.0096489210812,2
5843,5843,5843,2955.535888671875,134.9899440379604,2
5844,5844,5844,1915.6639575958252,208.37292552550028,2
5845,5845,5845,2970.5440998077393,134.44589234539515,2
5846,5846,5846,1906.9119691848755,209.54426734381695,2
5847,5847,5847,3054.447889328003,130.8870130810959,2
5848,5848,5848,538.320004940033,743.038929843519,2
5849,5849,5849,3057.8880310058594,130.87397119846773,2
5850,5850,5850,1909.440040588379,209.6966867190126,2
5851,5851,5851,2972.0160961151123,134.79355667880057,2
5852,5852,5852,1906.4799547195435,210.23775226368042,2
5853,5853,5853,2950.0160217285156,135.93809931887384,2
5854,5854,5854,1894.0000534057617,211.8400952558175,2
5855,5855,5855,2992.255926132202,134.15657372225195,2
5856,5856,5856,540.7040119171143,742.8029294770015,2
5857,5857,5857,3017.4078941345215,133.1746749808447,2
5858,5858,5858,1879.3760538101196,213.9264127628501,2
5859,5859,5859,2976.4959812164307,135.14350837242094,2
5860,5860,5860,1890.0959491729736,212.93104838201447,2
5861,5861,5861,2977.423906326294,135.23979031216663,2
5862,5862,5862,1893.2000398635864,212.79966161686156,2
5863,5863,5863,3061.13600730896,131.67612949296748,2
5864,5864,5864,540.6240224838257,745.9617188950672,2
5865,5865,5865,3063.6799335479736,131.70147926736152,2
5866,5866,5866,1882.0799589157104,214.49545853757203,2
5867,5867,5867,2983.760118484497,135.36748353991334,2
5868,5868,5868,1871.1199760437012,215.9726095803072,2
5869,5869,5869,2967.2319889068604,136.26076468896255,2
5870,5870,5870,1872.2399473190308,216.06418909032544,2
5871,5871,5871,3040.303945541382,133.1218160656402,2
5872,5872,5872,530.2079916000366,763.7335462900105,2
5873,5873,5873,3048.2559204101562,132.9102797836889,2
5874,5874,5874,1841.1680459976196,220.1599881820478,2
5875,5875,5875,2958.559989929199,137.07972632987085,2
5876,5876,5876,1828.4159898757935,221.92199422821946,2
5877,5877,5877,2932.4800968170166,138.44012878609223,2
5878,5878,5878,1803.6799430847168,225.1952702924314,2
5879,5879,5879,3038.048028945923,133.76600007834625,2
5880,5880,5880,542.527973651886,749.4451231023385,2
5881,5881,5881,3019.184112548828,134.7391912905149,2
5882,5882,5882,1778.2080173492432,228.88771952717082,2
5883,5883,5883,2921.5359687805176,139.3847637426067,2
5884,5884,5884,1757.6320171356201,231.8035232835445,2
5885,5885,5885,2903.808116912842,140.37878600717306,2
5886,5886,5886,1752.6880502700806,232.6945133500247,2
5887,5887,5887,2920.4959869384766,139.71900664508462,2
5888,5888,5888,536.3839864730835,761.127819695801,2
5889,5889,5889,2960.4320526123047,137.97473256566317,2
5890,5890,5890,1760.0959539413452,232.18787423768998,2
5891,5891,5891,2956.496000289917,138.29923189542782,2
5892,5892,5892,1782.080054283142,229.55724328588593,2
5893,5893,5893,2978.559970855713,137.41462918955853,2
5894,5894,5894,1801.7760515213013,227.27914139065172,2
5895,5895,5895,3103.8079261779785,132.0038464024807,2
5896,5896,5896,556.2400221824646,736.9536709415922,2
5897,5897,5897,3126.5599727630615,131.17667408233044,2
5898,5898,5898,1849.1359949111938,221.90927152640654,2
5899,5899,5899,2996.17600440979,137.02438534777372,2
5900,5900,5900,1862.4320030212402,220.5492599642122,2
5901,5901,5901,3033.1521034240723,135.49168699389216,2
5902,5902,5902,1880.4800510406494,218.6547320129544,2
5903,5903,5903,3159.0240001678467,130.2253159938456,2
5904,5904,5904,536.8959903717041,766.6177693803321,2
5905,5905,5905,3168.720006942749,129.95884279700587,2
5906,5906,5906,1909.39199924469,215.78200547346086,2
5907,5907,5907,3060.5759620666504,134.6876406255402,2
5908,5908,5908,1926.4639616012573,214.08713313338674,2
5909,5909,5909,3073.1520652770996,134.27275972456414,2
5910,5910,5910,1926.144003868103,214.34022646848314,2
5911,5911,5911,3178.0319213867188,129.97344151337643,2
5912,5912,5912,556.1119914054871,743.1406397325212,2
5913,5913,5913,3183.6159229278564,129.8772141501724,2
5914,5914,5914,1943.3280229568481,212.87655969606016,2
5915,5915,5915,3081.0720920562744,134.33599064985472,2
5916,5916,5916,1935.088038444519,213.99999502083273,2
5917,5917,5917,3069.3440437316895,134.9861255443602,2
5918,5918,5918,1937.7919435501099,213.9181983100657,2
5919,5919,5919,3107.52010345459,133.46305713579773,2
5920,5920,5920,559.552013874054,741.5742696145462,2
5921,5921,5921,3113.8079166412354,133.32861275843226,2
5922,5922,5922,1939.1520023345947,214.20191629945734,2
5923,5923,5923,3080.735921859741,134.896512221381,2
5924,5924,5924,1963.871955871582,211.72004458074184,2
5925,5925,5925,3096.463918685913,134.3473288158139,2
5926,5926,5926,1966.4959907531738,211.6517539364977,2
5927,5927,5927,3208.656072616577,129.7811471662083,2
5928,5928,5928,557.9360127449036,746.7413251463498,2
5929,5929,5929,3219.4559574127197,129.47677051404446,2
5930,5930,5930,1972.7040529251099,211.41321901863242,2
5931,5931,5931,3117.0239448547363,133.86703033538808,2
5932,5932,5932,1980.0000190734863,210.8473894517198,2
5933,5933,5933,3068.1281089782715,136.13805800732882,2
5934,5934,5934,1991.2480115890503,209.86850386080658,2
5935,5935,5935,3192.6400661468506,130.96106735721466,2
5936,5936,5936,541.0400032997131,773.1829978573079,2
5937,5937,5937,3237.1840476989746,129.28964734133632,2
5938,5938,5938,1997.9039430618286,209.59261269701656,2
5939,5939,5939,3125.55193901062,134.0427259611047,2
5940,5940,5940,2001.7120838165283,209.40532426661414,2
5941,5941,5941,3057.7120780944824,137.15513250788203,2
5942,5942,5942,2004.159927368164,209.36089383196256,2
5943,5943,5943,3226.7839908599854,130.09999888530373,2
5944,5944,5944,558.0959916114807,752.5883559120688,2
5945,5945,5945,3269.887924194336,128.5146699190125,2
5946,5946,5946,2009.7920894622803,209.1960970870817,2
5947,5947,5947,3127.824068069458,134.48736792463956,2
5948,5948,5948,2012.239933013916,209.152524944494,2
5949,5949,5949,3075.376033782959,136.91898684013645,2
5950,5950,5950,2001.8560886383057,210.44956847351,2
5951,5951,5951,3138.063907623291,134.31918950982669,2
5952,5952,5952,552.3840188980103,763.4448289385857,2
5953,5953,5953,3143.104076385498,134.23905352800386,2
5954,5954,5954,2003.1681060791016,210.73617338800148,2
5955,5955,5955,3082.9920768737793,136.9944220480368,2
5956,5956,5956,2018.8639163970947,209.30857310388657,2
5957,5957,5957,3082.8800201416016,137.1374825565158,2
5958,5958,5958,2013.8719081878662,210.038858034729,2
5959,5959,5959,3227.9679775238037,131.10550696436678,2
5960,5960,5960,574.2560029029846,737.332252269956,2
5961,5961,5961,3232.480049133301,131.05437030480195,2
5962,5962,5962,2028.3679962158203,208.9580761709586,2
5963,5963,5963,3101.9680500030518,136.70585120745613,2
5964,5964,5964,2017.5681114196777,210.2880989675529,2
5965,5965,5965,3131.2639713287354,135.56315217649072,2
5966,5966,5966,2029.2959213256836,209.28319666387378,2
5967,5967,5967,3231.264114379883,131.4999693881555,2
5968,5968,5968,562.0319843292236,756.4067709978815,2
5969,5969,5969,3224.031925201416,131.9275200388804,2
5970,5970,5970,2018.5279846191406,210.82310933642762,2
5971,5971,5971,3131.279945373535,135.9719458654821,2
5972,5972,5972,2019.5679664611816,210.92638978743074,2
5973,5973,5973,3137.5679969787598,135.83584644042543,2
5974,5974,5974,2005.9680938720703,212.5698320679242,2
5975,5975,5975,3223.8240242004395,132.3342916820062,2
5976,5976,5976,575.5040049552917,741.6746098668053,2
5977,5977,5977,3230.2238941192627,132.20477393021008,2
5978,5978,5978,2012.4480724334717,212.31126832870106,2
5979,5979,5979,3159.6319675445557,135.29419307977423,2
5980,5980,5980,2008.3520412445068,212.95787552015656,2
5981,5981,5981,3160.576105117798,135.38955179377066,2
5982,5982,5982,1998.4320402145386,214.2297780063812,2
5983,5983,5983,3183.3760738372803,134.5547570374479,2
5984,5984,5984,558.5600137710571,767.2464860394673,2
5985,5985,5985,3189.0718936920166,134.44917754852224,2
5986,5986,5986,1987.1679544448853,215.87659440283005,2
5987,5987,5987,3163.935899734497,135.6532158701497,2
5988,5988,5988,2004.5440196990967,214.2198805933229,2
5989,5989,5989,3177.93607711792,135.1909990988967,2
5990,5990,5990,2001.8401145935059,214.7242403958341,2
5991,5991,5991,3248.863935470581,132.37209162460914,2
5992,5992,5992,581.8079710006714,739.5469371723398,2
5993,5993,5993,3251.8720626831055,132.38213404951878,2
5994,5994,5994,1987.7599477767944,216.67872725261483,2
5995,5995,5995,3193.824052810669,134.92318068391265,2
5996,5996,5996,1976.3519763946533,218.147668543585,2
5997,5997,5997,3191.648006439209,135.15034335733097,2
5998,5998,5998,1980.4320335388184,217.9161600475803,2
5999,5999,5999,3263.1518840789795,132.321157989822,2
6000,6000,6000,563.0080103874207,767.3070223330026,2
6001,6001,6001,3266.864061355591,132.3030367607801,2
6002,6002,6002,1950.2719640731812,221.72914956581596,2
6003,6003,6003,3197.887897491455,135.2918982536523,2
6004,6004,6004,1948.6559629440308,222.13494036886223,2
6005,6005,6005,3183.3438873291016,136.04590505406088,2
6006,6006,6006,1925.2959489822388,225.0549047594746,2
6007,6007,6007,3268.5279846191406,132.63272235269372,2
6008,6008,6008,581.5680027008057,745.794649997513,2
6009,6009,6009,3262.495994567871,133.0107127121478,2
6010,6010,6010,1909.2479944229126,227.40031848572394,2
6011,6011,6011,3184.943914413452,136.3855597884199,2
6012,6012,6012,1894.6880102157593,229.37664940757708,2
6013,6013,6013,3171.663999557495,137.09336438370033,2
6014,6014,6014,1886.191964149475,230.63986580186972,2
6015,6015,6015,3180.7680130004883,136.83742573210202,2
6016,6016,6016,559.8880052566528,777.7720188743509,2
6017,6017,6017,3136.176109313965,138.92153968397682,2
6018,6018,6018,1896.5120315551758,229.84282114285034,2
6019,6019,6019,3140.4480934143066,138.8709498598501,2
6020,6020,6020,1911.1520051956177,228.30963461503347,2
6021,6021,6021,3147.8400230407715,138.68299892200264,2
6022,6022,6022,1923.1359958648682,227.11313512676315,2
6023,6023,6023,3245.327949523926,134.6511277537002,2
6024,6024,6024,587.4559879302979,744.2340747744232,2
6025,6025,6025,3293.839931488037,132.80017862081974,2
6026,6026,6026,1959.7760438919067,223.3114199533192,2
6027,6027,6027,3149.343967437744,139.0315849564805,2
6028,6028,6028,1966.8960571289062,222.72466626602696,2
6029,6029,6029,3172.2240447998047,138.16625767542857,2
6030,6030,6030,1976.6559600830078,221.84561342763212,2
6031,6031,6031,3251.2478828430176,134.94223491761474,2
6032,6032,6032,571.1359977722168,768.554129398553,2
6033,6033,6033,3250.351905822754,135.1137626320602,2
6034,6034,6034,1997.7279901504517,219.94270329811482,2
6035,6035,6035,3159.104108810425,139.15470038609618,2
6036,6036,6036,2013.6959552764893,218.41566903858157,2
6037,6037,6037,3164.815902709961,139.0417006338986,2
6038,6038,6038,2007.1361064910889,219.3474036564818,2
6039,6039,6039,3237.328052520752,136.06247729358793,2
6040,6040,6040,587.8239870071411,749.7103516373622,2
6041,6041,6041,3233.2799434661865,136.36822717222634,2
6042,6042,6042,2024.735927581787,217.87317850524028,2
6043,6043,6043,3150.048017501831,140.11047468540485,2
6044,6044,6044,2023.6001014709473,218.2120202736804,2
6045,6045,6045,3143.376111984253,140.54731807805163,2
6046,6046,6046,2015.0399208068848,219.35663214801443,2
6047,6047,6047,3171.8080043792725,139.4257568665621,2
6048,6048,6048,565.3120279312134,782.6671702054022,2
6049,6049,6049,3177.2000789642334,139.3272882714741,2
6050,6050,6050,2007.0080757141113,220.67188237018712,2
6051,6051,6051,3137.2480392456055,141.24159000464365,2
6052,6052,6052,2033.951997756958,217.96464503828207,2
6053,6053,6053,3141.535997390747,141.1887121848666,2
6054,6054,6054,2030.4319858551025,218.5590524674037,2
6055,6055,6055,3239.7119998931885,137.04589567363954,2
6056,6056,6056,588.1919860839844,755.2113217138835,2
6057,6057,6057,3242.9120540618896,137.0463728207901,2
6058,6058,6058,2028.8639068603516,219.1618140184134,2
6059,6059,6059,3142.335891723633,141.5729387586189,2
6060,6060,6060,2030.3199291229248,219.22162394981456,2
6061,6061,6061,3138.335943222046,141.89379914019392,2
6062,6062,6062,2034.3360900878906,219.00553346460637,2
6063,6063,6063,3255.0880908966064,136.93988354435558,2
6064,6064,6064,572.0319747924805,779.6277130308808,2
6065,6065,6065,3257.4079036712646,136.97782483646526,2
6066,6066,6066,2032.560110092163,219.63108927280786,2
6067,6067,6067,3137.7439498901367,142.34246409482782,2
6068,6068,6068,2035.248041152954,219.55805082650255,2
6069,6069,6069,3121.9680309295654,143.20327709598075,2
6070,6070,6070,2030.4958820343018,220.28958047029604,2
6071,6071,6071,3278.0959606170654,136.51772162818554,2
6072,6072,6072,591.1679863929749,757.3809489040367,2
6073,6073,6073,3273.423910140991,136.84772712945258,2
6074,6074,6074,2027.6799201965332,221.03190054008124,2
6075,6075,6075,3130.9120655059814,143.2181212274112,2
6076,6076,6076,2025.9521007537842,221.43900331359407,2
6077,6077,6077,3125.1680850982666,143.6231091717061,2
6078,6078,6078,2016.0961151123047,222.74135133631026,2
6079,6079,6079,3197.9360580444336,140.49363524571052,2
6080,6080,6080,568.6240196228027,790.5248608706045,2
6081,6081,6081,3207.376003265381,140.21843975390894,2
6082,6082,6082,2019.0560817718506,222.85421925533421,2
6083,6083,6083,3143.1360244750977,143.22547419791653,2
6084,6084,6084,2032.3200225830078,221.6182473248275,2
6085,6085,6085,3161.263942718506,142.54467087063014,2
6086,6086,6086,2032.0000648498535,221.87180793486507,2
6087,6087,6087,3332.240104675293,135.3641354874557,2
6088,6088,6088,616.5279746055603,731.9832441224152,2
6089,6089,6089,3346.112012863159,134.93587907466886,2
6090,6090,6090,2051.248073577881,220.22351358608057,2
6091,6091,6091,3201.359987258911,141.1761329374821,2
6092,6092,6092,2038.5279655456543,221.81606974175853,2
6093,6093,6093,3219.7439670562744,140.5083687842478,2
6094,6094,6094,2054.863929748535,220.26945464140297,2
6095,6095,6095,3363.503932952881,134.63537542304516,2
6096,6096,6096,599.5360016822815,755.700315244955,2
6097,6097,6097,3364.975929260254,134.70900204794347,2
6098,6098,6098,2047.8079319000244,221.46394655440812,2
6099,6099,6099,3247.2000122070312,139.73231550021043,2
6100,6100,6100,2047.8401184082031,221.67843862384484,2
6101,6101,6101,3264.863967895508,139.11308436374532,2
6102,6102,6102,2034.3201160430908,223.37126926703152,2
6103,6103,6103,3378.511905670166,134.56578580971987,2
6104,6104,6104,617.4079775810242,736.7180895687537,2
6105,6105,6105,3381.1519145965576,134.59295138009216,2
6106,6106,6106,2031.6479206085205,224.1052071146399,2
6107,6107,6107,3279.4721126556396,138.90242040116794,2
6108,6108,6108,2024.735927581787,225.09129077801205,2
6109,6109,6109,3281.5520763397217,138.95080603645292,2
6110,6110,6110,2002.2239685058594,227.84577009156158,2
6111,6111,6111,3320.080041885376,137.47327941009857,2
6112,6112,6112,591.4080142974854,772.1342674032506,2
6113,6113,6113,3336.927890777588,136.9135278759463,2
6114,6114,6114,1986.143946647644,230.14183833931943,2
6115,6115,6115,3280.9760570526123,139.38508961897818,2
6116,6116,6116,1996.351957321167,229.18981601118136,2
6117,6117,6117,3286.04793548584,139.30655188641347,2
6118,6118,6118,1999.8879432678223,229.0091060380308,2
6119,6119,6119,3379.456043243408,135.58902984819696,2
6120,6120,6120,619.2319989204407,740.3394152744696,2
6121,6121,6121,3380.016088485718,135.69953725500977,2
6122,6122,6122,1986.3359928131104,231.0240852284531,2
6123,6123,6123,3284.575939178467,139.77949489845972,2
6124,6124,6124,1969.8879718780518,233.18145793340378,2
6125,6125,6125,3270.911931991577,140.50100271889053,2
6126,6126,6126,1968.400001525879,233.58643385265975,2
6127,6127,6127,3356.271982192993,137.06181835282146,2
6128,6128,6128,598.2239842414856,769.3473187765298,2
6129,6129,6129,3352.8640270233154,137.33553334305793,2
6130,6130,6130,1923.02405834198,239.5668384914574,2
6131,6131,6131,3253.200054168701,141.68150882432582,2
6132,6132,6132,1906.3520431518555,241.89858614653915,2
6133,6133,6133,3229.775905609131,142.84876807481984,2
6134,6134,6134,1876.255989074707,246.01932300061037,2
6135,6135,6135,3330.512046813965,138.66366920719815,2
6136,6136,6136,622.704029083252,742.0007986655038,2
6137,6137,6137,3314.527988433838,139.46867497245984,2
6138,6138,6138,1843.7919616699219,250.8411196917872,2
6139,6139,6139,3218.5280323028564,143.7691151339516,2
6140,6140,6140,1813.8240575790405,255.2348371748433,2
6141,6141,6141,3207.103967666626,144.4222972225597,2
6142,6142,6142,1804.368019104004,256.8232343234019,2
6143,6143,6143,3207.087993621826,144.56416953200394,2
6144,6144,6144,594.0639972686768,780.819019669041,2
6145,6145,6145,3441.9519901275635,134.83133947861967,2
6146,6146,6146,1968.224048614502,235.9028183802768,2
6147,6147,6147,3469.327926635742,133.898059471267,2
6148,6148,6148,2003.2000541687012,232.010291042484,2
6149,6149,6149,3492.6559925079346,133.13359600700602,2
6150,6150,6150,2036.207914352417,228.47212542534226,2
6151,6151,6151,3611.999988555908,128.86038853175253,2
6152,6152,6152,660.6079936027527,704.9124020985199,2
6153,6153,6153,3622.9920387268066,128.5947863461842,2
6154,6154,6154,2095.184087753296,222.47452300376835,2
6155,6155,6155,3499.408006668091,133.26606867829352,2
6156,6156,6156,2113.0080223083496,220.81302290669316,2
6157,6157,6157,3545.135974884033,131.6753735521442,2
6158,6158,6158,2139.72806930542,218.2681992743147,2
6159,6159,6159,3649.00803565979,128.0518296456732,2
6160,6160,6160,629.2639970779419,742.9152059721222,2
6161,6161,6161,3678.0319213867188,127.16515586565592,2
6162,6162,6162,2178.544044494629,214.79725793863966,2
6163,6163,6163,3573.456048965454,131.01410485502964,2
6164,6164,6164,2200.3519535064697,212.87552527292667,2
6165,6165,6165,3600.4159450531006,130.15970693438544,2
6166,6166,6166,2202.608108520508,212.8645412582865,2
6167,6167,6167,3703.2480239868164,126.66862059673646,2
6168,6168,6168,661.8720293045044,709.0699205965162,2
6169,6169,6169,3697.7920532226562,126.97897633502416,2
6170,6170,6170,2218.319892883301,211.7684773540068,2
6171,6171,6171,3600.6879806518555,130.53024281679447,2
6172,6172,6172,2208.0159187316895,212.96368242041666,2
6173,6173,6173,3592.576026916504,130.95221810456457,2
6174,6174,6174,2210.6881141662598,212.9131056668816,2
6175,6175,6175,3627.5041103363037,129.81741837539693,2
6176,6176,6176,657.2480201721191,716.8405610847151,2
6177,6177,6177,3649.7600078582764,129.15121362804516,2
6178,6178,6178,2214.224100112915,212.98652809349815,2
6179,6179,6179,3598.4320640563965,131.12070431756948,2
6180,6180,6180,2251.2640953063965,209.6857783074771,2
6181,6181,6181,3612.0479106903076,130.75331976749445,2
6182,6182,6182,2253.0879974365234,209.7195145833678,2
6183,6183,6183,3718.8639640808105,127.12104167834178,2
6184,6184,6184,660.0000262260437,716.6291760812908,2
6185,6185,6185,3717.888116836548,127.27783848768352,2
6186,6186,6186,2260.8160972595215,209.40859642935126,2
6187,6187,6187,3586.047887802124,132.08523065661205,2
6188,6188,6188,2262.495994567871,209.45613803595356,2
6189,6189,6189,3573.6799240112305,132.67093545574903,2
6190,6190,6190,2268.928050994873,209.06494491617175,2
6191,6191,6191,3707.376003265381,128.01055283413305,2
6192,6192,6192,633.8559985160828,749.0869549039262,2
6193,6193,6193,3703.0720710754395,128.2835799563682,2
6194,6194,6194,2273.7441062927246,209.02681944404026,2
6195,6195,6195,3556.5919876098633,133.6964519423418,2
6196,6196,6196,2274.1758823394775,209.18964041717194,2
6197,6197,6197,3525.424003601074,135.00912635184366,2
6198,6198,6198,2271.183967590332,209.6681182939269,2
6199,6199,6199,3716.0959243774414,128.20589319900716,2
6200,6200,6200,655.9200286865234,726.698346068958,2
6201,6201,6201,3712.239980697632,128.4633212512247,2
6202,6202,6202,2267.103910446167,210.45238668487107,2
6203,6203,6203,3530.303955078125,135.21449170612178,2
6204,6204,6204,2266.319990158081,210.72891621747013,2
6205,6205,6205,3519.4079875946045,135.76434784890256,2
6206,6206,6206,2253.551959991455,212.1278710759403,2
6207,6207,6207,3570.319890975952,133.95782957567525,2
6208,6208,6208,649.616003036499,736.59438743401,2
6209,6209,6209,3564.176082611084,134.3184970556458,2
6210,6210,6210,2260.9119415283203,211.8464293997363,2
6211,6211,6211,3510.0159645080566,136.52289582368368,2
6212,6212,6212,2284.3680381774902,209.87381728493153,2
6213,6213,6213,3524.399995803833,136.09709787909605,2
6214,6214,6214,2284.7039699554443,210.04570526367084,2
6215,6215,6215,3716.3679599761963,129.19172211168112,2
6216,6216,6216,655.6479930877686,732.6427846286368,2
6217,6217,6217,3730.3519248962402,128.8317162299285,2
6218,6218,6218,2319.9360370635986,207.25553497267342,2
6219,6219,6219,3533.263921737671,136.14935469678053,2
6220,6220,6220,2305.2799701690674,208.77450991980945,2
6221,6221,6221,3564.5439624786377,135.0848436126942,2
6222,6222,6222,2318.7201023101807,207.76466534965826,2
6223,6223,6223,3715.712070465088,129.71414738108905,2
6224,6224,6224,635.200023651123,759.1511286102382,2
6225,6225,6225,3714.992046356201,129.86441834329088,2
6226,6226,6226,2316.06388092041,208.4043649781294,2
6227,6227,6227,3556.960105895996,135.76492954349712,2
6228,6228,6228,2310.6720447540283,209.09203874296696,2
6229,6229,6229,3564.9120807647705,135.59265502960253,2
6230,6230,6230,2299.0241050720215,210.35392057572622,2
6231,6231,6231,3682.368040084839,131.3941581925235,2
6232,6232,6232,657.0720076560974,736.714747692247,2
6233,6233,6233,3691.8880939483643,131.1815771089766,2
6234,6234,6234,2305.248022079468,210.19032970296877,2
6235,6235,6235,3576.2240886688232,135.5547202106251,2
6236,6236,6236,2301.392078399658,210.74520463686676,2
6237,6237,6237,3572.751998901367,135.81706993802345,2
6238,6238,6238,2288.6719703674316,212.12045799034286,2
6239,6239,6239,3617.0239448547363,134.2837833653066,2
6240,6240,6240,654.6559929847717,742.2848842862479,2
6241,6241,6241,3645.279884338379,133.37107889323048,2
6242,6242,6242,2213.536024093628,219.7428203930716,2
6243,6243,6243,3606.8639755249023,134.92121275329757,2
6244,6244,6244,2232.719898223877,218.06423186146588,2
6245,6245,6245,3626.591920852661,134.31627348231498,2
6246,6246,6246,2229.1839122772217,218.62007310745105,2
6247,6247,6247,3738.816022872925,130.40985688066627,2
6248,6248,6248,657.4079990386963,742.024208250144,2
6249,6249,6249,3742.016077041626,130.42352102448518,2
6250,6250,6250,2213.023900985718,220.6398447764217,2
6251,6251,6251,3642.064094543457,134.1315391000105,2
6252,6252,6252,2205.615997314453,221.5934916191666,2
6253,6253,6253,3639.8720741271973,134.34118084253095,2
6254,6254,6254,2203.968048095703,221.97207012628917,2
6255,6255,6255,3748.0640411376953,130.58850045727343,2
6256,6256,6256,636.7200016975403,769.0803636236574,2
6257,6257,6257,3761.1520290374756,130.25894975890603,2
6258,6258,6258,2181.663990020752,224.67192622972962,2
6259,6259,6259,3661.520004272461,133.93171780729915,2
6260,6260,6260,2183.7120056152344,224.67649156042043,2
6261,6261,6261,3632.783889770508,135.1205934776949,2
6262,6262,6262,2163.424015045166,227.00087918074965,2
6263,6263,6263,3771.9199657440186,130.2611061094143,2
6264,6264,6264,660.6879830360413,744.0272384387902,2
6265,6265,6265,3759.968042373657,130.80039875539066,2
6266,6266,6266,2135.807991027832,230.37691602380946,2
6267,6267,6267,3638.335943222046,135.30264384823374,2
6268,6268,6268,2128.3199787139893,231.40888897805408,2
6269,6269,6269,3622.960090637207,136.00699811499592,2
6270,6270,6270,2103.1041145324707,234.40768461888177,2
6271,6271,6271,3605.583906173706,136.7932889254022,2
6272,6272,6272,657.584011554718,750.4070394432624,2
6273,6273,6273,3593.9838886260986,137.3661519174833,2
6274,6274,6274,2184.1280460357666,226.14419449651243,2
6275,6275,6275,3609.5359325408936,136.90515982816066,2
6276,6276,6276,2207.551956176758,223.9586632462541,2
6277,6277,6277,3634.9918842315674,136.07643912816206,2
6278,6278,6278,2221.2159633636475,222.79382197244797,2
6279,6279,6279,3752.768039703369,131.93187163178226,2
6280,6280,6280,666.9120192527771,742.7461039838463,2
6281,6281,6281,3780.128002166748,131.1021668572955,2
6282,6282,6282,2259.903907775879,219.39858320080918,2
6283,6283,6283,3655.7440757751465,135.69235813336263,2
6284,6284,6284,2271.28005027771,218.50824980711562,2
6285,6285,6285,3690.880060195923,134.52899854557796,2
6286,6286,6286,2284.6879959106445,217.43338442761657,2
6287,6287,6287,3779.4880867004395,131.50049752899045,2
6288,6288,6288,643.7119841575623,772.4600007171678,2
6289,6289,6289,3783.792018890381,131.47631493865475,2
6290,6290,6290,2308.608055114746,215.59154525918945,2
6291,6291,6291,3684.8480701446533,135.135503788207,2
6292,6292,6292,2329.263925552368,213.8835761421315,2
6293,6293,6293,3698.9119052886963,134.7501330867998,2
6294,6294,6294,2322.671890258789,214.69520618017174,2
6295,6295,6295,3780.064105987549,131.98301160018565,2
6296,6296,6296,666.7839884757996,748.5813296341864,2
6297,6297,6297,3781.4080715179443,132.0618961776155,2
6298,6298,6298,2341.7439460754395,213.35290394208832,2
6299,6299,6299,3689.2800331115723,135.4887385375344,2
6300,6300,6300,2339.4880294799805,213.76215381241363,2
6301,6301,6301,3680.2399158477783,135.95096766585223,2
6302,6302,6302,2329.4079303741455,214.891700456948,2
6303,6303,6303,3707.9520225524902,135.06344127647367,2
6304,6304,6304,662.2880101203918,756.5396885818888,2
6305,6305,6305,3709.968090057373,135.11858675912436,2
6306,6306,6306,2319.3600177764893,216.23387373591032,2
6307,6307,6307,3673.935890197754,136.57364959054635,2
6308,6308,6308,2347.872018814087,213.8112879242718,2
6309,6309,6309,3694.960117340088,135.9257765465546,2
6310,6310,6310,2348.4959602355957,213.95786516472972,2
6311,6311,6311,3796.031951904297,132.43253029253592,2
6312,6312,6312,670.2079772949219,750.4493287084168,2
6313,6313,6313,3793.6959266662598,132.64010145277712,2
6314,6314,6314,2355.520009994507,213.7257896990542,2
6315,6315,6315,3690.9279823303223,136.4628662930447,2
6316,6316,6316,2356.544017791748,213.83599083551334,2
6317,6317,6317,3690.095901489258,136.62336358860824,2
6318,6318,6318,2365.8080101013184,213.20106141765865,2
6319,6319,6319,3803.5359382629395,132.67452384016744,2
6320,6320,6320,647.167980670929,780.1250233001199,2
6321,6321,6321,3816.848039627075,132.33736923185234,2
6322,6322,6322,2374.0479946136475,212.86486104854038,2
6323,6323,6323,3698.6238956451416,136.6971216319931,2
6324,6324,6324,2375.6799697875977,212.9205814254623,2
6325,6325,6325,3671.40793800354,137.8411674201463,2
6326,6326,6326,2374.016046524048,213.27203271996555,2
6327,6327,6327,3826.159954071045,132.3915836364938,2
6328,6328,6328,668.4960126876831,758.1071382407329,2
6329,6329,6329,3829.535961151123,132.4003492124385,2
6330,6330,6330,2379.136085510254,213.21700641231087,2
6331,6331,6331,3687.1519088745117,137.643562816189,2
6332,6332,6332,2403.6641120910645,211.24135031257788,2
6333,6333,6333,3671.583890914917,138.3582320782581,2
6334,6334,6334,2368.2079315185547,214.6072262675462,2
6335,6335,6335,3702.4478912353516,137.33489455819003,2
6336,6336,6336,668.9599752426147,760.4582350797618,2
6337,6337,6337,3719.2959785461426,136.84230360847732,2
6338,6338,6338,2368.1280612945557,215.02131631582586,2
6339,6339,6339,3671.1199283599854,138.76938982638572,2
6340,6340,6340,2388.256072998047,213.4110381891267,2
6341,6341,6341,3681.6799640655518,138.50237517084767,2
6342,6342,6342,2374.3679523468018,214.86253083552626,2
6343,6343,6343,3819.5838928222656,133.62818713660084,2
6344,6344,6344,670.7519888877869,761.3030145683671,2
6345,6345,6345,3834.415912628174,133.237248877321,2
6346,6346,6346,2389.8561000823975,213.87422424905722,2
6347,6347,6347,3674.704074859619,139.1595833102657,2
6348,6348,6348,2371.920108795166,215.69530545608345,2
6349,6349,6349,3696.2881088256836,138.47780206197638,2
6350,6350,6350,2381.7598819732666,215.00729518364938,2
6351,6351,6351,3811.7599487304688,134.40975559666012,2
6352,6352,6352,659.0560078620911,777.7484254771538,2
6353,6353,6353,3814.352035522461,134.4453509215118,2
6354,6354,6354,2367.9039478302,216.67437152513727,2
6355,6355,6355,3673.072099685669,139.74851672362416,2
6356,6356,6356,2360.7680797576904,217.53459665750424,2
6357,6357,6357,3682.3999881744385,139.52616886703652,2
6358,6358,6358,2340.287923812866,219.64548216209278,2
6359,6359,6359,3789.599895477295,135.7072690369672,2
6360,6360,6360,671.6480255126953,766.0543803538283,2
6361,6361,6361,3784.287929534912,136.02602585931245,2
6362,6362,6362,2336.8160724639893,220.38724652940624,2
6363,6363,6363,3672.991991043091,140.28000865519863,2
6364,6364,6364,2330.2559852600098,221.21617382327275,2
6365,6365,6365,3667.695999145508,140.61507670487262,2
6366,6366,6366,2311.6159439086914,223.2102928480152,2
6367,6367,6367,3717.3759937286377,138.8666808514617,2
6368,6368,6368,672.4479794502258,768.0340366049509,2
6369,6369,6369,3714.6880626678467,139.09816224162506,2
6370,6370,6370,2292.639970779419,225.4822879251533,2
6371,6371,6371,3649.3918895721436,141.7203800720443,2
6372,6372,6372,2301.9840717315674,224.77861078629476,2
6373,6373,6373,3655.5519104003906,141.61484966501234,2
6374,6374,6374,2304.111957550049,224.7825508438862,2
6375,6375,6375,3773.6799716949463,137.31105251017487,2
6376,6376,6376,673.9680171012878,769.1935486518644,2
6377,6377,6377,3789.0560626983643,136.88259046149898,2
6378,6378,6378,2303.584098815918,225.25760816404468,2
6379,6379,6379,3678.0478954315186,141.1466002176931,2
6380,6380,6380,2286.57603263855,227.14667545984125,2
6381,6381,6381,3669.8238849639893,141.59600704846875,2
6382,6382,6382,2285.680055618286,227.44948430473625,2
6383,6383,6383,3767.040014266968,138.07158028694604,2
6384,6384,6384,660.6559753417969,787.6499746161893,2
6385,6385,6385,3761.4879608154297,138.4053966604057,2
6386,6386,6386,2238.192081451416,232.71232403531587,2
6387,6387,6387,3638.511896133423,143.2177824565484,2
6388,6388,6388,2225.5680561065674,234.2522866076922,2
6389,6389,6389,3614.1440868377686,144.3188957622245,2
6390,6390,6390,2190.063953399658,238.27351579845487,2
6391,6391,6391,3713.007926940918,140.60817515467357,2
6392,6392,6392,694.2560076713562,752.3512519941428,2
6393,6393,6393,3697.9360580444336,141.31384445580397,2
6394,6394,6394,2156.0161113739014,242.4911480067007,2
6395,6395,6395,3593.775987625122,145.54612239358144,2
6396,6396,6396,2128.9920806884766,245.79968099400946,2
6397,6397,6397,3571.1679458618164,146.60499687579198,2
6398,6398,6398,2119.904041290283,247.08506771145656,2
6399,6399,6399,3588.0160331726074,146.0534940627424,2
6400,6400,6400,677.0399808883667,774.3826285001135,2
6401,6401,6401,3888.5281085968018,134.89263385864558,2
6402,6402,6402,2273.711919784546,230.8030621864038,2
6403,6403,6403,3903.712034225464,134.49394346992872,2
6404,6404,6404,2305.567979812622,227.8274417094784,2
6405,6405,6405,3933.727979660034,133.59280635755016,2
6406,6406,6406,2331.2160968780518,225.53204893192844,2
6407,6407,6407,4088.9601707458496,128.64155685577458,2
6408,6408,6408,702.0000219345093,749.6531654996093,2
6409,6409,6409,4120.575904846191,127.77411799131819,2
6410,6410,6410,2393.55206489563,220.07018344218417,2
6411,6411,6411,3964.2560482025146,132.93692502555487,2
6412,6412,6412,2411.5679264068604,218.6306457647952,2
6413,6413,6413,4013.455867767334,131.43021659471736,2
6414,6414,6414,2430.624008178711,217.11962447183987,2
6415,6415,6415,4164.927959442139,126.768830551566,2
6416,6416,6416,679.5200109481812,777.3575319068591,2
6417,6417,6417,4187.136173248291,126.21443525110358,2
6418,6418,6418,2474.6720790863037,213.6542201822615,2
6419,6419,6419,4050.528049468994,130.59317443495934,2
6420,6420,6420,2498.0480670928955,211.85283941148433,2
6421,6421,6421,4066.959857940674,130.18714996368266,2
6422,6422,6422,2498.703956604004,211.99523276696414,2
6423,6423,6423,4197.0720291137695,126.26917390452878,2
6424,6424,6424,701.3760209083557,755.9545382822248,2
6425,6425,6425,4212.959766387939,125.91053811672086,2
6426,6426,6426,2523.5679149627686,210.29897804824077,2
6427,6427,6427,4084.832191467285,129.98123988424615,2
6428,6428,6428,2514.4639015197754,211.25752856620295,2
6429,6429,6429,4079.2322158813477,130.28122819508988,2
6430,6430,6430,2518.6080932617188,211.1068472393531,2
6431,6431,6431,4126.67179107666,128.90376286581647,2
6432,6432,6432,698.1440186500549,762.2950178174648,2
6433,6433,6433,4124.544143676758,129.09062212130067,2
6434,6434,6434,2514.8959159851074,211.8132625776448,2
6435,6435,6435,4064.1441345214844,131.13135462474153,2
6436,6436,6436,2549.168109893799,209.16047774276177,2
6437,6437,6437,4084.7678184509277,130.59096982121616,2
6438,6438,6438,2548.2239723205566,209.43309738115312,2
6439,6439,6439,4225.327968597412,126.36443111781387,2
6440,6440,6440,702.0320296287537,760.9054080943904,2
6441,6441,6441,4232.736110687256,126.26084742032891,2
6442,6442,6442,2556.6558837890625,209.13170566528763,2
6443,6443,6443,4100.751876831055,130.44603933154238,2
6444,6444,6444,2565.1841163635254,208.63062006117516,2
6445,6445,6445,4104.032039642334,130.46319743075452,2
6446,6446,6446,2575.968027114868,207.95072121759415,2
6447,6447,6447,4253.935813903809,125.98303704873872,2
6448,6448,6448,682.1600198745728,785.9932554865719,2
6449,6449,6449,4264.736175537109,125.7809748642756,2
6450,6450,6450,2589.0400409698486,207.28619160287835,2
6451,6451,6451,4123.91996383667,130.19697482258536,2
6452,6452,6452,2592.832088470459,207.175635169219,2
6453,6453,6453,4099.535942077637,131.093238587789,2
6454,6454,6454,2591.536045074463,207.4720628910068,2
6455,6455,6455,4310.815811157227,124.78410498489764,2
6456,6456,6456,733.6320281028748,733.5712087484463,2
6457,6457,6457,4311.776161193848,124.87231058787651,2
6458,6458,6458,2594.048023223877,207.6567754341495,2
6459,6459,6459,4136.079788208008,130.29775747906754,2
6460,6460,6460,2594.6080684661865,207.80490069112213,2
6461,6461,6461,4133.72802734375,130.49303118004647,2
6462,6462,6462,2582.655906677246,208.9605529179164,2
6463,6463,6463,4174.943923950195,129.32480041148474,2
6464,6464,6464,702.5120258331299,768.918439577445,2
6465,6465,6465,4179.503917694092,129.30366854355344,2
6466,6466,6466,2586.4319801330566,209.0431952377056,2
6467,6467,6467,4118.671894073486,131.3352733691558,2
6468,6468,6468,2596.400022506714,208.4339338209972,2
6469,6469,6469,4138.512134552002,130.8269498348614,2
6470,6470,6470,2598.304033279419,208.47446606020347,2
6471,6471,6471,4315.135955810547,125.58845324265218,2
6472,6472,6472,740.0640249252319,732.6157113916951,2
6473,6473,6473,4325.136184692383,125.41429182132902,2
6474,6474,6474,2614.9120330810547,207.5348317582117,2
6475,6475,6475,4134.31978225708,131.32434652976707,2
6476,6476,6476,2602.288007736206,208.73494199611397,2
6477,6477,6477,4175.312042236328,130.15556709743052,2
6478,6478,6478,2611.392021179199,208.20001374534746,2
6479,6479,6479,4295.135974884033,126.64178355673273,2
6480,6480,6480,713.9679789543152,762.2128723434271,2
6481,6481,6481,4298.56014251709,126.65812440237025,2
6482,6482,6482,2605.855941772461,209.02906242986867,2
6483,6483,6483,4162.864208221436,130.9078879147077,2
6484,6484,6484,2598.3359813690186,209.82812835495642,2
6485,6485,6485,4175.695896148682,130.62643492623206,2
6486,6486,6486,2591.5679931640625,210.5708358613199,2
6487,6487,6487,4287.871837615967,127.32682022267517,2
6488,6488,6488,740.5440211296082,737.584258273828,2
6489,6489,6489,4295.152187347412,127.22860390087483,2
6490,6490,6490,2593.3918952941895,210.81229527710127,2
6491,6491,6491,4188.720226287842,130.58204606487678,2
6492,6492,6492,2593.0240154266357,211.03718736132262,2
6493,6493,6493,4186.831951141357,130.76173505477195,2
6494,6494,6494,2571.8400478363037,212.9721885421324,2
6495,6495,6495,4257.13586807251,128.72116176975786,2
6496,6496,6496,709.9840044975281,772.1816553599677,2
6497,6497,6497,4173.488140106201,131.42240555930817,2
6498,6498,6498,2569.551944732666,213.55596920656563,2
6499,6499,6499,4141.9358253479,132.54588244420404,2
6500,6500,6500,2590.4641151428223,212.02764276459305,2
6501,6501,6501,4159.247875213623,132.11608336129208,2
6502,6502,6502,2588.736057281494,212.3650862240918,2
6503,6503,6503,4259.439945220947,129.12750458451873,2
6504,6504,6504,742.1759963035583,741.4206695832502,2
6505,6505,6505,4314.44787979126,127.59882390250013,2
6506,6506,6506,2567.280054092407,214.53538095854944,2
6507,6507,6507,4212.287902832031,130.81404319859774,2
6508,6508,6508,2556.6720962524414,215.62424756466208,2
6509,6509,6509,4192.848205566406,131.54176669829954,2
6510,6510,6510,2555.7920932769775,215.8974133504377,2
6511,6511,6511,4283.999919891357,128.86163211599685,2
6512,6512,6512,715.5519723892212,771.8483642940478,2
6513,6513,6513,4284.416198730469,128.9678849495828,2
6514,6514,6514,2526.8800258636475,218.77043778485665,2
6515,6515,6515,4165.37618637085,132.77583032227,2
6516,6516,6516,2519.9201107025146,219.576799217553,2
6517,6517,6517,4117.504119873047,134.44328523053622,2
6518,6518,6518,2500.9119510650635,221.4494786304421,2
6519,6519,6519,4269.040107727051,129.79043970917556,2
6520,6520,6520,744.8480129241943,744.2264816197028,2
6521,6521,6521,4257.023811340332,130.27663036429811,2
6522,6522,6522,2466.9439792633057,224.91224039132481,2
6523,6523,6523,4111.695766448975,135.00540576556511,2
6524,6524,6524,2455.951929092407,226.12677596390537,2
6525,6525,6525,4094.655990600586,135.69196228582447,2
6526,6526,6526,2430.255889892578,228.72793003561875,2
6527,6527,6527,4095.9200859069824,135.77485856705982,2
6528,6528,6528,710.5439901351929,783.0319130531801,2
6529,6529,6529,4190.624237060547,132.82850389097237,2
6530,6530,6530,2466.8800830841064,225.74674700189442,2
6531,6531,6531,4191.999912261963,132.9069776343028,2
6532,6532,6532,2490.6558990478516,223.79727434411484,2
6533,6533,6533,4217.152118682861,132.23569536499735,2
6534,6534,6534,2506.880044937134,222.55319465115895,2
6535,6535,6535,4369.7919845581055,127.73385157061313,2
6536,6536,6536,765.5199766159058,729.4736314793606,2
6537,6537,6537,4384.960174560547,127.40890910417225,2
6538,6538,6538,2552.1600246429443,219.0064182288873,2
6539,6539,6539,4136.99197769165,135.1696935003531,2
6540,6540,6540,2564.1119480133057,218.18568742034384,2
6541,6541,6541,4183.216094970703,133.79877685853089,2
6542,6542,6542,2580.944061279297,216.9616740544317,2
6543,6543,6543,4301.695823669434,130.2330041402413,2
6544,6544,6544,749.3600249290466,747.9444535636515,2
6545,6545,6545,4316.832065582275,129.89540680090485,2
6546,6546,6546,2612.2241020202637,214.75711759880556,2
6547,6547,6547,4194.015979766846,133.821821698734,2
6548,6548,6548,2633.471965789795,213.21969038527436,2
6549,6549,6549,4210.3681564331055,133.4242881919168,2
6550,6550,6550,2631.632089614868,213.56433227041643,2
6551,6551,6551,4304.463863372803,130.62723306530913,2
6552,6552,6552,764.4479870796204,735.8744436819472,2
6553,6553,6553,4390.016078948975,128.19892652619632,2
6554,6554,6554,2658.0801010131836,211.82696439937246,2
6555,6555,6555,4298.783779144287,131.03957693404442,2
6556,6556,6556,2656.224012374878,212.16909891877845,2
6557,6557,6557,4301.375865936279,131.0805191081045,2
6558,6558,6558,2650.768041610718,212.8004326931747,2
6559,6559,6559,4339.4880294799805,130.0482144262598,2
6560,6560,6560,743.2479858398438,759.6399085589463,2
6561,6561,6561,4270.736217498779,132.2626929398178,2
6562,6562,6562,2639.983892440796,214.06092449053585,2
6563,6563,6563,4238.768100738525,133.38210009542487,2
6564,6564,6564,2672.3039150238037,211.6653967043122,2
6565,6565,6565,4262.8960609436035,132.74844522592892,2
6566,6566,6566,2667.151927947998,212.26817005043083,2
6567,6567,6567,4376.895904541016,129.40910290746262,2
6568,6568,6568,765.8560276031494,739.9157863096901,2
6569,6569,6569,4382.480144500732,129.36232848182965,2
6570,6570,6570,2669.3921089172363,212.47788367444576,2
6571,6571,6571,4267.087936401367,132.98198286031885,2
6572,6572,6572,2675.152063369751,212.21407570412703,2
6573,6573,6573,4264.304161071777,133.19033717596017,2
6574,6574,6574,2685.199975967407,211.61305658185998,2
6575,6575,6575,4394.7038650512695,129.3563198355273,2
6576,6576,6576,751.7920136451721,756.5152750085381,2
6577,6577,6577,4487.984180450439,126.78334441207674,2
6578,6578,6578,2697.983980178833,210.99503528789194,2
6579,6579,6579,4348.127841949463,130.98071302858887,2
6580,6580,6580,2702.672004699707,210.8212254425258,2
6581,6581,6581,4315.616130828857,132.08784669467767,2
6582,6582,6582,2698.9119052886963,211.30750419028456,2
6583,6583,6583,4502.528190612793,126.719987175993,2
6584,6584,6584,766.4960026741028,744.7140851570758,2
6585,6585,6585,4508.9921951293945,126.65369078857138,2
6586,6586,6586,2702.928066253662,211.37843927304178,2
6587,6587,6587,4344.704151153564,131.56269981104097,2
6588,6588,6588,2705.264091491699,211.38837451861204,2
6589,6589,6589,4332.0159912109375,132.06826339024516,2
6590,6590,6590,2692.1279430389404,212.61335646398763,2
6591,6591,6591,4352.896213531494,131.55447271218446,2
6592,6592,6592,759.7919702529907,754.0269913424305,2
6593,6593,6593,4279.615879058838,133.9289403328527,2
6594,6594,6594,2693.4878826141357,212.89320396402462,2
6595,6595,6595,4249.4401931762695,135.0027682872729,2
6596,6596,6596,2717.695951461792,211.18889078201914,2
6597,6597,6597,4274.720191955566,134.3265174236622,2
6598,6598,6598,2709.0721130371094,212.0539485159622,2
6599,6599,6599,4458.032131195068,128.92026407264396,2
6600,6600,6600,774.1919755935669,742.6995088126018,2
6601,6601,6601,4542.031764984131,126.65111768631803,2
6602,6602,6602,2728.0960083007812,210.95844012266434,2
6603,6603,6603,4347.343921661377,132.4432680803321,2
6604,6604,6604,2715.9199714660645,212.0968510780722,2
6605,6605,6605,4387.119770050049,131.36176363004228,2
6606,6606,6606,2722.4318981170654,211.78182140415387,2
6607,6607,6607,4526.080131530762,127.44437666217658,2
6608,6608,6608,760.8000040054321,758.5244642294713,2
6609,6609,6609,4528.848171234131,127.48218249512885,2
6610,6610,6610,2716.671943664551,212.6166036893125,2
6611,6611,6611,4376.304149627686,132.04561074923518,2
6612,6612,6612,2710.2880477905273,213.31091591069247,2
6613,6613,6613,4377.952098846436,132.1157389881913,2
6614,6614,6614,2692.67201423645,214.90133370442737,2
6615,6615,6615,4496.399879455566,128.75218669832742,2
6616,6616,6616,774.1760015487671,748.1295010867317,2
6617,6617,6617,4487.215995788574,129.13275731986894,2
6618,6618,6618,2679.7280311584473,216.331402039106,2
6619,6619,6619,4354.127883911133,133.2005317209551,2
6620,6620,6620,2671.760082244873,217.1733382259658,2
6621,6621,6621,4337.744235992432,133.82486623008282,2
6622,6622,6622,2638.7360095977783,220.09064399910366,2
6623,6623,6623,4374.911785125732,132.80822134732523,2
6624,6624,6624,753.2479763031006,771.7079840040551,2
6625,6625,6625,4316.768169403076,134.71902090364446,2
6626,6626,6626,2623.7759590148926,221.7468922043346,2
6627,6627,6627,4263.023853302002,136.54102059859255,2
6628,6628,6628,2639.4081115722656,220.63324263904985,2
6629,6629,6629,4281.792163848877,136.06564029354945,2
6630,6630,6630,2641.0720348358154,220.69390244262482,2
6631,6631,6631,4400.991916656494,132.50019228052008,2
6632,6632,6632,777.6319980621338,750.2213609905825,2
6633,6633,6633,4403.200149536133,132.55361020449803,2
6634,6634,6634,2616.0640716552734,223.20710816479783,2
6635,6635,6635,4280.928134918213,136.4629765645811,2
6636,6636,6636,2595.439910888672,225.18432133991692,2
6637,6637,6637,4270.880222320557,136.907757480564,2
6638,6638,6638,2584.59210395813,226.3339624260791,2
6639,6639,6639,4370.751857757568,133.90039272059306,2
6640,6640,6640,763.0239725112915,767.3545119073377,2
6641,6641,6641,4369.376182556152,134.06363768370088,2
6642,6642,6642,2529.4559001922607,231.68584300341269,2
6643,6643,6643,4241.072177886963,138.24425400515474,2
6644,6644,6644,2509.82403755188,233.70908366155737,2
6645,6645,6645,4201.519966125488,139.671732368598,2
6646,6646,6646,2476.1760234832764,237.0988745162467,2
6647,6647,6647,4330.319881439209,135.6397726097745,2
6648,6648,6648,779.3440222740173,754.0042943671796,2
6649,6649,6649,4351.535797119141,135.10033751467816,2
6650,6650,6650,2417.695999145508,243.2726241048811,2
6651,6651,6651,4209.936141967773,139.770439517157,2
6652,6652,6652,2392.416000366211,246.0650988481469,2
6653,6653,6653,4173.295974731445,141.12481303028113,2
6654,6654,6654,2362.2078895568848,249.43665252025266,2
6655,6655,6655,4110.591888427734,143.40682284941542,2
6656,6656,6656,769.7280049324036,766.1832401223224,2
6657,6657,6657,4093.935966491699,144.12012195970343,2
6658,6658,6658,2405.951976776123,245.343419287594,2
6659,6659,6659,4123.136043548584,143.22847757643763,2
6660,6660,6660,2441.279888153076,242.01100204326673,2
6661,6661,6661,4161.056041717529,142.0511426993478,2
6662,6662,6662,2473.855972290039,239.0393885819434,2
6663,6663,6663,4301.82409286499,137.52662585047443,2
6664,6664,6664,792.2880053520203,747.0538010038684,2
6665,6665,6665,4336.800098419189,136.54036289702273,2
6666,6666,6666,2542.5760746002197,232.99787900550743,2
6667,6667,6667,4198.863983154297,141.15281854897384,2
6668,6668,6668,2560.767889022827,231.550942904968,2
6669,6669,6669,4249.504089355469,139.5962964487873,2
6670,6670,6670,2588.2880687713623,229.29515966965792,2
6671,6671,6671,4388.927936553955,135.2833557545701,2
6672,6672,6672,775.3599882125854,766.1163355428844,2
6673,6673,6673,4407.3920249938965,134.8378095399451,2
6674,6674,6674,2637.8560066223145,225.39149163388248,2
6675,6675,6675,4272.336006164551,139.2253776134972,2
6676,6676,6676,2665.7280921936035,223.23543398693374,2
6677,6677,6677,4297.728061676025,138.52724344634893,2
6678,6678,6678,2667.7279472351074,223.26862681830576,2
6679,6679,6679,4425.568103790283,134.64657094930962,2
6680,6680,6680,792.3200130462646,752.4172735558425,2
6681,6681,6681,4435.056209564209,134.47925128791206,2
6682,6682,6682,2690.9759044647217,221.73773170766887,2
6683,6683,6683,4297.520160675049,138.9077434555259,2
6684,6684,6684,2676.111936569214,223.16960469659847,2
6685,6685,6685,4299.344062805176,138.97351073134513,2
6686,6686,6686,2680.5920600891113,222.99667398557037,2
6687,6687,6687,4346.767902374268,137.5806996916828,2
6688,6688,6688,792.7839756011963,754.681885302094,2
6689,6689,6689,4377.408027648926,136.7403079076196,2
6690,6690,6690,2684.2401027679443,223.09353674527458,2
6691,6691,6691,4310.480117797852,138.98804271670608,2
6692,6692,6692,2721.695899963379,220.22072773966585,2
6693,6693,6693,4328.911781311035,138.5203994460693,2
6694,6694,6694,2731.0879230499268,219.6602319921112,2
6695,6695,6695,4497.632026672363,133.4436212635323,2
6696,6696,6696,826.1759877204895,726.7813298819126,2
6697,6697,6697,4503.920078277588,133.37677652036174,2
6698,6698,6698,2742.464065551758,219.14142406933857,2
6699,6699,6699,4354.559898376465,138.07519341327009,2
6700,6700,6700,2749.5200634002686,218.77490839477875,2
6701,6701,6701,4350.895881652832,138.3152795587901,2
6702,6702,6702,2763.184070587158,217.88806877714276,2
6703,6703,6703,4522.799968719482,133.17732069069064,2
6704,6704,6704,790.448009967804,762.3575437333885,2
6705,6705,6705,4525.599956512451,133.21409559907073,2
6706,6706,6706,2772.0959186553955,217.5767020084048,2
6707,6707,6707,4363.999843597412,138.2707085499305,2
6708,6708,6708,2775.5680084228516,217.49900992951288,2
6709,6709,6709,4338.096141815186,139.220823585825,2
6710,6710,6710,2771.631956100464,218.00276211640656,2
6711,6711,6711,4550.0640869140625,132.8538665203678,2
6712,6712,6712,820.2080130577087,737.329875626867,2
6713,6713,6713,4540.431976318359,133.254769887467,2
6714,6714,6714,2771.4080810546875,218.41050721683874,2
6715,6715,6715,4358.911991119385,138.92805199640796,2
6716,6716,6716,2775.167942047119,218.30957694945639,2
6717,6717,6717,4352.591991424561,139.25412922234966,2
6718,6718,6718,2761.4879608154297,219.58710849673312,2
6719,6719,6719,4423.840045928955,137.13379770054703,2
6720,6720,6720,801.0560274124146,757.6609815427175,2
6721,6721,6721,4420.495986938477,137.36012622025504,2
6722,6722,6722,2761.9359493255615,219.94389777371146,2
6723,6723,6723,4341.487884521484,139.98475322268115,2
6724,6724,6724,2785.167932510376,218.30401526272593,2
6725,6725,6725,4362.160205841064,139.4457396212749,2
6726,6726,6726,2776.9439220428467,219.14596312925124,2
6727,6727,6727,4550.6720542907715,133.7884861625975,2
6728,6728,6728,825.2480030059814,738.0800419817377,2
6729,6729,6729,4555.727958679199,133.75924166347048,2
6730,6730,6730,2795.4559326171875,218.08336410770565,2
6731,6731,6731,4356.6718101501465,139.99545027950595,2
6732,6732,6732,2776.400089263916,219.77600155522748,2
6733,6733,6733,4386.191844940186,139.17723876537937,2
6734,6734,6734,2789.344072341919,218.9511562462906,2
6735,6735,6735,4538.8641357421875,134.6156686952891,2
6736,6736,6736,800.1440167427063,763.9555126593679,2
6737,6737,6737,4542.479991912842,134.62837837365515,2
6738,6738,6738,2778.559923171997,220.1928680543081,2
6739,6739,6739,4382.880210876465,139.655088295374,2
6740,6740,6740,2774.7199535369873,220.69400092770016,2
6741,6741,6741,4386.271953582764,139.6713793684385,2
6742,6742,6742,2760.175943374634,222.05444636498336,2
6743,6743,6743,4516.4642333984375,135.76596140840198,2
6744,6744,6744,822.4319815635681,745.9035778274686,2
6745,6745,6745,4518.400192260742,135.82858116490266,2
6746,6746,6746,2766.9761180877686,221.9032155204615,2
6747,6747,6747,4384.160041809082,140.11212720065888,2
6748,6748,6748,2761.967897415161,222.50336890560362,2
6749,6749,6749,4387.167930603027,140.14061581943855,2
6750,6750,6750,2748.944044113159,223.75637340353225,2
6751,6751,6751,4440.608024597168,138.57723133710354,2
6752,6752,6752,805.5040240287781,764.2924723539371,2
6753,6753,6753,4462.224006652832,138.02853434424614,2
6754,6754,6754,2740.9439086914062,224.80864937589448,2
6755,6755,6755,4404.399871826172,139.96495679090097,2
6756,6756,6756,2763.4239196777344,223.17801262425297,2
6757,6757,6757,4412.320137023926,139.83784970828702,2
6758,6758,6758,2757.7600479125977,223.83504449244373,2
6759,6759,6759,4533.055782318115,136.2342394653245,2
6760,6760,6760,825.9999752044678,747.9801096205387,2
6761,6761,6761,4535.776138305664,136.27343134110075,2
6762,6762,6762,2742.5599098205566,225.4755067488973,2
6763,6763,6763,4419.375896453857,139.98684166929846,2
6764,6764,6764,2727.328062057495,226.93600821203754,2
6765,6765,6765,4408.976078033447,140.44156359455363,2
6766,6766,6766,2726.0799407958984,227.24136476024947,2
6767,6767,6767,4530.144214630127,136.80642601277563,2
6768,6768,6768,801.3759851455688,773.7037859343549,2
6769,6769,6769,4526.927947998047,137.02504575808805,2
6770,6770,6770,2689.37611579895,230.7514602938463,2
6771,6771,6771,4394.08016204834,141.29293984763902,2
6772,6772,6772,2686.271905899048,231.22291601680567,2
6773,6773,6773,4364.640235900879,142.3720605246494,2
6774,6774,6774,2652.048110961914,234.41433927173878,2
6775,6775,6775,4511.727809906006,137.85261322379228,2
6776,6776,6776,826.0480165481567,753.2599808811785,2
6777,6777,6777,4488.768100738525,138.6804630792981,2
6778,6778,6778,2627.824068069458,236.99457413126137,2
6779,6779,6779,4340.06404876709,143.55911048248137,2
6780,6780,6780,2601.1838912963867,239.63377064023797,2
6781,6781,6781,4316.671848297119,144.4648509309334,2
6782,6782,6782,2593.3120250701904,240.57393846354222,2
6783,6783,6783,4355.1201820373535,143.31620604830567,2
6784,6784,6784,813.0720257759094,767.9951797777145,2
6785,6785,6785,4628.672122955322,134.96561360477898,2
6786,6786,6786,2691.472053527832,232.21041083922856,2
6787,6787,6787,4630.144119262695,135.04205370297785,2
6788,6788,6788,2719.775915145874,229.99710684269715,2
6789,6789,6789,4668.560028076172,134.0492765166153,2
6790,6790,6790,2739.487886428833,228.54405785169178,2
6791,6791,6791,4840.384006500244,129.40509317046653,2
6792,6792,6792,834.1919779777527,751.2024890183159,2
6793,6793,6793,4892.735958099365,128.13360947389754,2
6794,6794,6794,2790.0478839874268,224.7993061221692,2
6795,6795,6795,4685.056209564209,133.93175912576004,2
6796,6796,6796,2803.1840324401855,223.94351758829632,2
6797,6797,6797,4739.7918701171875,132.50203054390073,2
6798,6798,6798,2825.2639770507812,222.38958493353798,2
6799,6799,6799,4881.375789642334,128.7724256206174,2
6800,6800,6800,808.8480234146118,777.4810369755298,2
6801,6801,6801,4903.984069824219,128.29190956661313,2
6802,6802,6802,2866.895914077759,219.54722531964526,2
6803,6803,6803,4775.184154510498,131.86856608644237,2
6804,6804,6804,2890.4640674591064,217.94922829875753,2
6805,6805,6805,4799.3597984313965,131.32006074143246,2
6806,6806,6806,2889.5840644836426,218.20791337478298,2
6807,6807,6807,4923.247814178467,128.12844359963665,2
6808,6808,6808,836.1279964447021,754.7721579799264,2
6809,6809,6809,4948.592185974121,127.58462256144011,2
6810,6810,6810,2919.264078140259,216.37044991229197,2
6811,6811,6811,4839.695930480957,130.57034750511718,2
6812,6812,6812,2918.447971343994,216.62169922627118,2
6813,6813,6813,4827.583789825439,131.01328679721783,2
6814,6814,6814,2906.8639278411865,217.67656759837507,2
6815,6815,6815,4860.288143157959,130.2463492089766,2
6816,6816,6816,814.4479990005493,777.5984393959728,2
6817,6817,6817,4859.936237335205,130.37049255062053,2
6818,6818,6818,2901.535987854004,218.4605510727494,2
6819,6819,6819,4821.839809417725,131.51621115231092,2
6820,6820,6820,2940.2880668640137,215.77108146299938,2
6821,6821,6821,4844.992160797119,131.00294701355617,2
6822,6822,6822,2937.648057937622,216.15504511517062,2
6823,6823,6823,4997.519969940186,127.11639600343676,2
6824,6824,6824,836.5439772605896,759.7282458827898,2
6825,6825,6825,5001.61600112915,127.12401973811222,2
6826,6826,6826,2946.9919204711914,215.84893108573362,2
6827,6827,6827,4850.38423538208,131.20293809380442,2
6828,6828,6828,2955.552101135254,215.41300214584328,2
6829,6829,6829,4843.743801116943,131.49830951651984,2
6830,6830,6830,2969.1519737243652,214.61480572201768,2
6831,6831,6831,5009.247779846191,127.26539720132881,2
6832,6832,6832,811.7759823799133,785.6649353756261,2
6833,6833,6833,5017.888069152832,127.15788281457704,2
6834,6834,6834,2985.6960773468018,213.80079782777352,2
6835,6835,6835,4851.712226867676,131.6286778538602,2
6836,6836,6836,2991.6160106658936,213.5651125793341,2
6837,6837,6837,4816.192150115967,132.71589184634365,2
6838,6838,6838,2992.8479194641113,213.66463052973987,2
6839,6839,6839,5034.480094909668,127.07296947798912,2
6840,6840,6840,838.4320139884949,763.3618436816782,2
6841,6841,6841,5024.816036224365,127.42909551831588,2
6842,6842,6842,2999.5200634002686,213.56369880381,2
6843,6843,6843,4825.839996337891,132.799578664093,2
6844,6844,6844,3004.8000812530518,213.3754332503311,2
6845,6845,6845,4801.599979400635,133.58705535692448,2
6846,6846,6846,2989.5999431610107,214.6483742548825,2
6847,6847,6847,4827.231884002686,132.99423567646514,2
6848,6848,6848,823.0080008506775,780.3998791264866,2
6849,6849,6849,4829.951763153076,133.03585369112005,2
6850,6850,6850,2993.5998916625977,214.73753115449838,2
6851,6851,6851,4778.192043304443,134.5948049541431,2
6852,6852,6852,3020.400047302246,213.01863141959353,2
6853,6853,6853,4799.1838455200195,134.1234771730761,2
6854,6854,6854,3016.4480209350586,213.48454979455587,2
6855,6855,6855,4995.10383605957,128.9756877723326,2
6856,6856,6856,844.2080020904541,763.471725494188,2
6857,6857,6857,5008.656024932861,128.73932775102946,2
6858,6858,6858,3037.872076034546,212.35033776210403,2
6859,6859,6859,4791.024208068848,134.7051001059617,2
6860,6860,6860,3022.9759216308594,213.5834782473806,2
6861,6861,6861,4775.279998779297,135.26748398567653,2
6862,6862,6862,3036.384105682373,212.82636496701494,2
6863,6863,6863,4907.055854797363,131.7501113548457,2
6864,6864,6864,822.2399950027466,786.616808983902,2
6865,6865,6865,4982.687950134277,129.86374738409262,2
6866,6866,6866,3030.3680896759033,213.62201575361564,2
6867,6867,6867,4810.671806335449,134.62490454515952,2
6868,6868,6868,3037.9679203033447,213.27388078518766,2
6869,6869,6869,4820.687770843506,134.46261127685105,2
6870,6870,6870,3018.2559490203857,214.85434534154547,2
6871,6871,6871,4961.487770080566,130.76090452833367,2
6872,6872,6872,855.9839725494385,758.2524375577759,2
6873,6873,6873,4965.63196182251,130.76589771982978,2
6874,6874,6874,3024.480104446411,214.7869282700749,2
6875,6875,6875,4830.895900726318,134.5303970744408,2
6876,6876,6876,3017.519950866699,215.47031646476842,2
6877,6877,6877,4820.752143859863,134.93116361406297,2
6878,6878,6878,2994.2240715026855,217.33627168971756,2
6879,6879,6879,4868.527889251709,133.723662200909,2
6880,6880,6880,824.400007724762,790.0549950230632,2
6881,6881,6881,4829.3280601501465,134.92671932122607,2
6882,6882,6882,2985.743999481201,218.33403066346997,2
6883,6883,6883,4773.536205291748,136.62276910166236,2
6884,6884,6884,3003.5998821258545,217.22534818659352,2
6885,6885,6885,4803.936004638672,135.8765827895528,2
6886,6886,6886,3002.0480155944824,217.52712332373673,2
6887,6887,6887,4912.09602355957,133.0005376671312,2
6888,6888,6888,857.9840064048767,761.7811442461465,2
6889,6889,6889,4995.344161987305,130.89803735922487,2
6890,6890,6890,2985.2960109710693,219.12920380287864,2
6891,6891,6891,4860.112190246582,134.6574701002521,2
6892,6892,6892,2965.61598777771,220.77550541755315,2
6893,6893,6893,4842.879772186279,135.2543194807201,2
6894,6894,6894,2963.104009628296,221.15508866332516,2
6895,6895,6895,4983.215808868408,131.55977182109478,2
6896,6896,6896,836.1279964447021,784.4205971583882,2
6897,6897,6897,4978.655815124512,131.7948894062262,2
6898,6898,6898,2908.9760780334473,225.66251078550542,2
6899,6899,6899,4812.047958374023,136.47669081417632,2
6900,6900,6900,2894.912004470825,226.95612128635307,2
6901,6901,6901,4767.4880027771,137.87212490500562,2
6902,6902,6902,2850.032091140747,230.73055481027754,2
6903,6903,6903,4949.920177459717,132.90625486240054,2
6904,6904,6904,859.4239950180054,765.8167637199974,2
6905,6905,6905,4939.455986022949,133.30361422658515,2
6906,6906,6906,2810.256004333496,234.40336034020174,2
6907,6907,6907,4770.112037658691,138.15601061007067,2
6908,6908,6908,2778.4481048583984,237.29287204289932,2
6909,6909,6909,4735.040187835693,139.30025273122095,2
6910,6910,6910,2763.808012008667,238.7570841146873,2
6911,6911,6911,4702.640056610107,140.3818417133714,2
6912,6912,6912,833.5840106010437,792.3039269668701,2
6913,6913,6913,4813.327789306641,137.27271648980704,2
6914,6914,6914,2776.479959487915,238.0803641780715,2
6915,6915,6915,4829.648017883301,136.9276227379888,2
6916,6916,6916,2811.7599487304688,235.29717282256513,2
6917,6917,6917,4858.11185836792,136.2435064738012,2
6918,6918,6918,2847.1839427948,232.57131206423207,2
6919,6919,6919,5032.671928405762,131.63196579115237,2
6920,6920,6920,900.3040194511414,736.1377508944541,2
6921,6921,6921,5061.823844909668,130.987398265305,2
6922,6922,6922,2920.111894607544,227.1565620896007,2
6923,6923,6923,4885.280132293701,135.83870053781882,2
6924,6924,6924,2942.624092102051,225.61417743771258,2
6925,6925,6925,4941.391944885254,134.4126136234723,2
6926,6926,6926,2967.360019683838,223.92738904084763,2
6927,6927,6927,5093.408107757568,130.5139949326913,2
6928,6928,6928,883.4559917449951,752.7811093231714,2
6929,6929,6929,5124.656200408936,129.83056426788352,2
6930,6930,6930,3018.7840461730957,220.4944453856549,2
6931,6931,6931,4974.703788757324,133.85989061036022,2
6932,6932,6932,3047.6319789886475,218.59646562610166,2
6933,6933,6933,5001.584053039551,133.2557704531552,2
6934,6934,6934,3045.520067214966,218.93744329117106,2
6935,6935,6935,5136.352062225342,129.87172465374016,2
6936,6936,6936,899.3440270423889,742.0469671730476,2
6937,6937,6937,5130.847930908203,130.1235598669987,2
6938,6938,6938,3075.376033782959,217.18741513452875,2
6939,6939,6939,4992.208003997803,133.85296195648945,2
6940,6940,6940,3063.215970993042,218.2382092318748,2
6941,6941,6941,4970.399856567383,134.55653680625227,2
6942,6942,6942,3065.279960632324,218.27986558134037,2
6943,6943,6943,5015.823841094971,133.45326885879481,2
6944,6944,6944,912.2560024261475,734.0783277797216,2
6945,6945,6945,5029.53577041626,133.20448403820626,2
6946,6946,6946,3062.160015106201,218.88018711156565,2
6947,6947,6947,4978.687763214111,134.68120760662438,2
6948,6948,6948,3102.0638942718506,216.25127967954484,2
6949,6949,6949,5002.575874328613,134.15388263112933,2
6950,6950,6950,3099.951982498169,216.58553222457746,2
6951,6951,6951,5156.320095062256,130.26627407115814,2
6952,6952,6952,939.2160177230835,715.4738996520464,2
6953,6953,6953,5169.087886810303,130.0567111790474,2
6954,6954,6954,3105.3919792175293,216.5796401320864,2
6955,6955,6955,5026.063919067383,133.87312190706328,2
6956,6956,6956,3113.392114639282,216.20956077676414,2
6957,6957,6957,5029.488086700439,133.89742402746253,2
6958,6958,6958,3120.7520961761475,215.8857605669849,2
6959,6959,6959,5202.879905700684,129.54680414965847,2
6960,6960,6960,886.4480257034302,760.6842730174866,2
6961,6961,6961,5209.343910217285,129.49764403899033,2
6962,6962,6962,3125.5199909210205,215.9284023830945,2
6963,6963,6963,5036.59200668335,134.05481242039554,2
6964,6964,6964,3133.71205329895,215.5495869433545,2
6965,6965,6965,4995.728015899658,135.2678452668535,2
6966,6966,6966,3126.3999938964844,216.2399164252251,2
6967,6967,6967,5232.079982757568,129.26860222987898,2
6968,6968,6968,902.8159976005554,749.4715914010336,2
6969,6969,6969,5216.976165771484,129.7545323015476,2
6970,6970,6970,3127.984046936035,216.50294113979177,2
6971,6971,6971,5004.608154296875,135.37708694342066,2
6972,6972,6972,3128.7999153137207,216.6328632197108,2
6973,6973,6973,4984.255790710449,136.04690591879626,2
6974,6974,6974,3115.391969680786,217.75248939782998,2
6975,6975,6975,5003.0717849731445,135.6519050532958,2
6976,6976,6976,915.3280258178711,741.7757844192776,2
6977,6977,6977,4988.624095916748,136.1618315202348,2
6978,6978,6978,3112.623929977417,218.321365507503,2
6979,6979,6979,4948.912143707275,137.37251414787136,2
6980,6980,6980,3136.847972869873,216.82172355256003,2
6981,6981,6981,4964.064121246338,137.07098290083394,2
6982,6982,6982,3125.4398822784424,217.80025275666307,2
6983,6983,6983,5178.5759925842285,131.50606057518883,2
6984,6984,6984,909.4880223274231,749.1101884602105,2
6985,6985,6985,5187.503814697266,131.39256713776066,2
6986,6986,6986,3141.535997390747,217.05695146525665,2
6987,6987,6987,4949.776172637939,137.82140238523868,2
6988,6988,6988,3119.1039085388184,218.8058059481946,2
6989,6989,6989,4992.991924285889,136.7458809650792,2
6990,6990,6990,3128.880023956299,218.30948862535882,2
6991,6991,6991,5161.680221557617,132.39049518952694,2
6992,6992,6992,894.864022731781,763.9715863076012,2
6993,6993,6993,5155.375957489014,132.66618437797172,2
6994,6994,6994,3110.304117202759,219.9905494075501,2
6995,6995,6995,4970.655918121338,137.71443065580746,2
6996,6996,6996,3106.287956237793,220.4640012516519,2
6997,6997,6997,4973.008155822754,137.76739479982842,2
6998,6998,6998,3087.2321128845215,222.01510703501745,2
6999,6999,6999,5124.864101409912,133.799848821231,2
7000,7000,7000,941.0399794578552,728.9807181148809,2
7001,7001,7001,5130.703926086426,133.76216049275877,2
7002,7002,7002,3093.424081802368,221.95087057574173,2
7003,7003,7003,4968.495845794678,138.24755003777966,2
7004,7004,7004,3084.127902984619,222.81069195054948,2
7005,7005,7005,4954.480171203613,138.7574531523435,2
7006,7006,7006,3067.823886871338,224.18676488414877,2
7007,7007,7007,5001.61600112915,137.56754987401382,2
7008,7008,7008,921.6160178184509,746.8996585512893,2
7009,7009,7009,5036.975860595703,136.7188214748673,2
7010,7010,7010,3058.0480098724365,225.2888770143078,2
7011,7011,7011,4973.120212554932,138.5928863979551,2
7012,7012,7012,3084.04803276062,223.58084054831608,2
7013,7013,7013,4996.592044830322,138.0599208830197,2
7014,7014,7014,3083.5039615631104,223.81169153360116,2
7015,7015,7015,5161.424160003662,133.76530107719535,2
7016,7016,7016,940.0320053100586,734.777918507334,2
7017,7017,7017,5167.744159698486,133.71601350062136,2
7018,7018,7018,3067.3279762268066,225.3771442186602,2
7019,7019,7019,5002.319812774658,138.256089495083,2
7020,7020,7020,3055.6480884552,226.43210080837298,2
7021,7021,7021,4985.648155212402,138.83702158130143,2
7022,7022,7022,3054.5120239257812,226.70997654348278,2
7023,7023,7023,5162.559986114502,134.19393560507766,2
7024,7024,7024,913.3920073509216,758.7982093888864,2
7025,7025,7025,5176.303863525391,133.95200504666025,2
7026,7026,7026,3015.3119564056396,230.04997067662694,2
7027,7027,7027,4977.392196655273,139.4241462089999,2
7028,7028,7028,3006.8159103393555,230.89706606802002,2
7029,7029,7029,4934.319972991943,140.76131555709594,2
7030,7030,7030,2974.8480319976807,233.57759674647534,2
7031,7031,7031,5174.208164215088,134.34991394233032,2
7032,7032,7032,943.4080123901367,737.1689283982923,2
7033,7033,7033,5145.343780517578,135.21891627696326,2
7034,7034,7034,2948.751926422119,236.04719826416485,2
7035,7035,7035,4918.511867523193,141.57565428436294,2
7036,7036,7036,2921.168088912964,238.4794383986427,2
7037,7037,7037,4886.528015136719,142.6238828769921,2
7038,7038,7038,2911.792039871216,239.45142654309805,2
7039,7039,7039,4923.3598709106445,141.67763863034088,2
7040,7040,7040,922.2559928894043,756.6525274763734,2
7041,7041,7041,4831.5839767456055,144.49189814397755,2
7042,7042,7042,2916.192054748535,239.4980245003875,2
7043,7043,7043,4765.744209289551,146.61294990445177,2
7044,7044,7044,2946.7198848724365,237.21884321497376,2
7045,7045,7045,4792.031764984131,145.9329291929925,2
7046,7046,7046,2963.9840126037598,236.03807027873057,2
7047,7047,7047,5020.175933837891,139.4196129518757,2
7048,7048,7048,949.7439861297607,737.2607770198953,2
7049,7049,7049,5051.136016845703,138.68307544318466,2
7050,7050,7050,3020.9760665893555,231.97974249137314,2
7051,7051,7051,4820.720195770264,145.43542848994917,2
7052,7052,7052,3034.640073776245,231.13180876939703,2
7053,7053,7053,4870.368003845215,144.07541179639793,2
7054,7054,7054,3053.7760257720947,229.8789370941216,2
7055,7055,7055,5081.503868103027,138.20660201763738,2
7056,7056,7056,922.0799803733826,761.9686775408509,2
7057,7057,7057,5107.872009277344,137.61010986754243,2
7058,7058,7058,3090.4159545898438,227.54013976003012,2
7059,7059,7059,4905.4718017578125,143.40977610062143,2
7060,7060,7060,3118.0319786071777,225.71661767060615,2
7061,7061,7061,4927.807807922363,142.88112755331971,2
7062,7062,7062,3109.1840267181396,226.55137766145992,2
7063,7063,7063,5105.152130126953,138.03490672401884,2
7064,7064,7064,950.2400159835815,741.9057758352507,2
7065,7065,7065,5108.096122741699,138.0725777868578,2
7066,7066,7066,3134.2079639434814,225.12466789351944,2
7067,7067,7067,4939.568042755127,142.90462919350324,2
7068,7068,7068,3129.2479038238525,225.67302386016132,2
7069,7069,7069,4935.58406829834,143.14144166965391,2
7070,7070,7070,3126.62410736084,226.05419191134982,2
7071,7071,7071,4994.143962860107,141.58311075539302,2
7072,7072,7072,932.8479766845703,758.308419138259,2
7073,7073,7073,5017.663955688477,141.03905767378114,2
7074,7074,7074,3117.311954498291,227.11451814322683,2
7075,7075,7075,4928.959846496582,143.6990999740925,2
7076,7076,7076,3151.8399715423584,224.81708346545636,2
7077,7077,7077,4939.104080200195,143.52561103293593,2
7078,7078,7078,3146.672010421753,225.37731125302332,2
7079,7079,7079,5111.855983734131,138.7928592541704,2
7080,7080,7080,952.2240161895752,745.4021448023321,2
7081,7081,7081,5132.431983947754,138.3536356843864,2
7082,7082,7082,3149.951934814453,225.5245557509897,2
7083,7083,7083,4951.312065124512,143.536192473081,2
7084,7084,7084,3157.007932662964,225.21119761909208,2
7085,7085,7085,4958.223819732666,143.45755740577906,2
7086,7086,7086,3176.0640144348145,224.04961010794665,2
7087,7087,7087,5173.920154571533,137.5933902607653,2
7088,7088,7088,940.4799938201904,757.2714099436384,2
7089,7089,7089,5181.295871734619,137.5138786852305,2
7090,7090,7090,3186.7520809173584,223.67653331689627,2
7091,7091,7091,4985.24808883667,143.04269244670746,2
7092,7092,7092,3193.0079460144043,223.42726903216473,2
7093,7093,7093,4957.280158996582,143.97146092676422,2
7094,7094,7094,3192.4800872802734,223.65332081876065,2
7095,7095,7095,5225.088119506836,136.70788863507616,2
7096,7096,7096,956.9439888000488,746.7655890373294,2
7097,7097,7097,5221.1198806762695,136.92752123772345,2
7098,7098,7098,3190.160036087036,224.19478718731182,2
7099,7099,7099,4993.855953216553,143.27998030001893,2
7100,7100,7100,3191.119909286499,224.31686064722348,2
7101,7101,7101,4987.184047698975,143.59295661695322,2
7102,7102,7102,3172.6720333099365,225.8118970048653,2
7103,7103,7103,5091.008186340332,140.78346316100124,2
7104,7104,7104,931.9519996643066,769.3878246801106,2
7105,7105,7105,5110.544204711914,140.36379229214333,2
7106,7106,7106,3177.7279376983643,225.83377435130177,2
7107,7107,7107,5011.295795440674,143.26460408487367,2
7108,7108,7108,3205.631971359253,224.057038936834,2
7109,7109,7109,5047.599792480469,142.35431127650764,2
7110,7110,7110,3200.7040977478027,224.59147738956074,2
7111,7111,7111,5296.544075012207,135.77801054366617,2
7112,7112,7112,966.6879773139954,744.2501352453554,2
7113,7113,7113,5301.936149597168,135.75440433183755,2
7114,7114,7114,3227.08797454834,223.13144257828287,2
7115,7115,7115,5068.79997253418,142.11815334071017,2
7116,7116,7116,3208.9760303497314,224.5801361481211,2
7117,7117,7117,5117.904186248779,140.8733174730352,2
7118,7118,7118,3228.111982345581,223.4371353932741,2
7119,7119,7119,5297.679901123047,136.2075749735337,2
7120,7120,7120,947.6479887962341,761.7683618122704,2
7121,7121,7121,5304.416179656982,136.14928404216985,2
7122,7122,7122,3215.775966644287,224.672603810127,2
7123,7123,7123,5130.015850067139,140.89647300495972,2
7124,7124,7124,3216.8478965759277,224.7870053221002,2
7125,7125,7125,5148.752212524414,140.5020335782123,2
7126,7126,7126,3198.2719898223877,226.28306631050185,2
7127,7127,7127,5287.439823150635,136.93196310167696,2
7128,7128,7128,966.159999370575,749.6939666058171,2
7129,7129,7129,5291.5520668029785,136.94077016156103,2
7130,7130,7130,3201.3280391693115,226.44795695104952,2
7131,7131,7131,5162.784099578857,140.47445025662796,2
7132,7132,7132,3194.6399211883545,227.11304742792709,2
7133,7133,7133,5160.912036895752,140.64367656043078,2
7134,7134,7134,3164.400100708008,229.476343413568,2
7135,7135,7135,5201.519966125488,139.66309376509543,2
7136,7136,7136,936.0319972038269,776.4327128592189,2
7137,7137,7137,5219.855785369873,139.28956480825082,2
7138,7138,7138,3140.944004058838,231.57913773822708,2
7139,7139,7139,5169.487953186035,140.76497707853596,2
7140,7140,7140,3158.8480472564697,230.46017950508082,2
7141,7141,7141,5185.535907745361,140.4473175769904,2
7142,7142,7142,3156.3680171966553,230.83512778180742,2
7143,7143,7143,5297.9841232299805,137.58189708760645,2
7144,7144,7144,967.3600196838379,753.8174713963562,2
7145,7145,7145,5297.8081703186035,137.70206919480205,2
7146,7146,7146,3128.5760402679443,233.2772120218292,2
7147,7147,7147,5212.160110473633,140.0824064438904,2
7148,7148,7148,3104.720115661621,235.26708507454057,2
7149,7149,7149,5195.680141448975,140.64473524234486,2
7150,7150,7150,3098.975896835327,235.9010764641796,2
7151,7151,7151,5271.215915679932,138.74569731178664,2
7152,7152,7152,948.3360052108765,771.5254799940908,2
7153,7153,7153,5273.568153381348,138.8002050726638,2
7154,7154,7154,3027.5840759277344,241.8692126010108,2
7155,7155,7155,5166.543960571289,141.7943026016553,2
7156,7156,7156,3008.3999633789062,243.61578039937388,2
7157,7157,7157,5124.94421005249,143.0651667091007,2
7158,7158,7158,2959.439992904663,247.8537758436076,2
7159,7159,7159,5213.98401260376,140.73994848932168,2
7160,7160,7160,974.4639992713928,753.3612247850145,2
7161,7161,7161,5178.415775299072,141.825427009013,2
7162,7162,7162,2909.3120098114014,252.547251232648,2
7163,7163,7163,5068.640232086182,145.01849131862042,2
7164,7164,7164,2862.799882888794,256.865475747459,2
7165,7165,7165,5027.935981750488,146.31499623705974,2
7166,7166,7166,2849.600076675415,258.2715050494544,2
7167,7167,7167,4999.728202819824,147.2637357588243,2
7168,7168,7168,910.4480147361755,809.0378355950877,2
7169,7169,7169,5299.583911895752,139.0477493834794,2
7170,7170,7170,3050.5120754241943,241.66553279337106,2
7171,7171,7171,5389.872074127197,136.83295489743665,2
7172,7172,7172,3100.97599029541,237.93176961222215,2
7173,7173,7173,5433.680057525635,135.84336317551353,2
7174,7174,7174,3148.0960845947266,234.5665787208854,2
7175,7175,7175,5579.232215881348,132.41014895331807,2
7176,7176,7176,1001.64794921875,737.8399727453519,2
7177,7177,7177,5622.623920440674,131.4981970923021,2
7178,7178,7178,3239.1040325164795,228.3575952110877,2
7179,7179,7179,5487.45584487915,134.8499584499703,2
7180,7180,7180,3268.6400413513184,226.48332475727395,2
7181,7181,7181,5568.719863891602,132.99319046091207,2
7182,7182,7182,3296.544075012207,224.75393875425632,2
7183,7183,7183,5658.991813659668,130.98106860392377,2
7184,7184,7184,967.1199917793274,766.7408566787219,2
7185,7185,7185,5678.5759925842285,130.63840551201298,2
7186,7186,7186,3362.99204826355,220.68143220713304,2
7187,7187,7187,5581.39181137085,133.0241275829091,2
7188,7188,7188,3399.3759155273438,218.5017943885663,2
7189,7189,7189,5611.91987991333,132.41097528809982,2
7190,7190,7190,3398.9601135253906,218.71098605772056,2
7191,7191,7191,5694.479942321777,130.60018566660813,2
7192,7192,7192,1003.2000541687012,741.6371646755165,2
7193,7193,7193,5711.919784545898,130.31009961446335,2
7194,7194,7194,3434.367895126343,216.81757386117388,2
7195,7195,7195,5609.312057495117,132.8044993957173,2
7196,7196,7196,3426.8479347229004,217.47464295705964,2
7197,7197,7197,5584.928035736084,133.4955909862026,2
7198,7198,7198,3426.7680644989014,217.66109603716927,2
7199,7199,7199,5606.448173522949,133.09406956117752,2
7200,7200,7200,954.0479779243469,782.4512155291156,2
7201,7201,7201,5648.431777954102,132.2149425822575,2
7202,7202,7202,3423.487901687622,218.23306355127033,2
7203,7203,7203,5608.719825744629,133.2620512479903,2
7204,7204,7204,3477.776050567627,215.0054633926061,2
7205,7205,7205,5633.327960968018,132.79047224537172,2
7206,7206,7206,3473.8080501556396,215.43038211292952,2
7207,7207,7207,5782.896041870117,129.46374827860257,2
7208,7208,7208,1000.5279779434204,748.5918458407716,2
7209,7209,7209,5789.487838745117,129.42403223363743,2
7210,7210,7210,3478.1439304351807,215.5203283684151,2
7211,7211,7211,5636.288166046143,133.0525778258905,2
7212,7212,7212,3483.920097351074,215.342109833812,2
7213,7213,7213,5628.479957580566,133.34804971334157,2
7214,7214,7214,3493.2000637054443,214.9487630237586,2
7215,7215,7215,5809.840202331543,129.29294104311992,2
7216,7216,7216,970.2240228652954,774.5465889132442,2
7217,7217,7217,5829.567909240723,128.96258973744733,2
7218,7218,7218,3498.591899871826,214.97469553152348,2
7219,7219,7219,5633.3441734313965,133.56566645912625,2
7220,7220,7220,3501.055955886841,215.0020181009439,2
7221,7221,7221,5586.063861846924,134.80814547526847,2
7222,7222,7222,3494.767904281616,215.5679091515694,2
7223,7223,7223,5859.407901763916,128.62610177849444,2
7224,7224,7224,1001.3600587844849,752.9617985395149,2
7225,7225,7225,5832.6239585876465,129.3241320897107,2
7226,7226,7226,3495.9518909454346,215.85316442896615,2
7227,7227,7227,5577.6801109313965,135.34759920821952,2
7228,7228,7228,3495.6319332122803,216.0522180634675,2
7229,7229,7229,5544.159889221191,136.27899538881,2
7230,7230,7230,3475.9199619293213,217.4578650483235,2
7231,7231,7231,5595.168113708496,135.14872107762307,2
7232,7232,7232,959.231972694397,788.6450867677785,2
7233,7233,7233,5604.0802001953125,135.04578978859436,2
7234,7234,7234,3475.8079051971436,217.8260129611671,2
7235,7235,7235,5530.543804168701,136.95496004915026,2
7236,7236,7236,3510.2241039276123,215.8692716126441,2
7237,7237,7237,5547.728061676025,136.64399438442936,2
7238,7238,7238,3501.2800693511963,216.60021349978183,2
7239,7239,7239,5811.007976531982,130.56123634694936,2
7240,7240,7240,1011.9839906692505,750.0186317157545,2
7241,7241,7241,5820.735931396484,130.4510986224773,2
7242,7242,7242,3531.3920974731445,215.10951262521957,2
7243,7243,7243,5533.616065979004,137.33348081125865,2
7244,7244,7244,3510.1120471954346,216.59296208947208,2
7245,7245,7245,5582.687854766846,136.23911671876283,2
7246,7246,7246,3521.0559368133545,216.09865322407512,2
7247,7247,7247,5781.375885009766,131.6659791001834,2
7248,7248,7248,976.9600033760071,779.4850058881153,2
7249,7249,7249,5773.295879364014,131.95944472915608,2
7250,7250,7250,3502.5761127471924,217.59876886792745,2
7251,7251,7251,5560.256004333496,137.1288782221093,2
7252,7252,7252,3501.728057861328,217.83164238112494,2
7253,7253,7253,5572.207927703857,136.94800632977316,2
7254,7254,7254,3475.3119945526123,219.66903901710765,2
7255,7255,7255,5748.991966247559,132.84663071959363,2
7256,7256,7256,1015.9039497375488,752.0888826442565,2
7257,7257,7257,5743.0877685546875,133.0932136143135,2
7258,7258,7258,3484.3358993530273,219.4627777321889,2
7259,7259,7259,5573.391914367676,137.2589908823579,2
7260,7260,7260,3480.544090270996,219.88353893842284,2
7261,7261,7261,5559.728145599365,137.71008601706754,2
7262,7262,7262,3459.2480659484863,221.42008981538194,2
7263,7263,7263,5612.095832824707,136.53784677235646,2
7264,7264,7264,966.2879705429077,793.3246142527242,2
7265,7265,7265,5610.752105712891,136.68339908817975,2
7266,7266,7266,3443.5200691223145,222.79916445718513,2
7267,7267,7267,5543.824195861816,138.44778968621017,2
7268,7268,7268,3470.0160026550293,221.28056616352595,2
7269,7269,7269,5552.239894866943,138.35210775531678,2
7270,7270,7270,3458.6880207061768,222.18863378232524,2
7271,7271,7271,5734.528064727783,134.06479458192254,2
7272,7272,7272,1013.327956199646,758.9996610578745,2
7273,7273,7273,5737.631797790527,134.1028734416692,2
7274,7274,7274,3434.5920085906982,224.11696403027747,2
7275,7275,7275,5550.384044647217,138.74136231936103,2
7276,7276,7276,3420.720100402832,225.2114813665338,2
7277,7277,7277,5524.623870849609,139.5032754958351,2
7278,7278,7278,3417.4718856811523,225.61148231664947,2
7279,7279,7279,5715.983867645264,134.94418023887076,2
7280,7280,7280,978.3679842948914,788.7182700036246,2
7281,7281,7281,5706.319808959961,135.28416981990026,2
7282,7282,7282,3373.296022415161,228.94310324507646,2
7283,7283,7283,5488.128185272217,140.7786119951347,2
7284,7284,7284,3364.959955215454,229.69942433044807,2
7285,7285,7285,5436.351776123047,142.23651818231752,2
7286,7286,7286,3326.848030090332,232.52225900171211,2
7287,7287,7287,5688.960075378418,136.0327313871196,2
7288,7288,7288,1014.9439573287964,762.8041116492827,2
7289,7289,7289,5685.503959655762,136.22752928042894,2
7290,7290,7290,3293.6480045318604,235.2531226572681,2
7291,7291,7291,5440.976142883301,142.46706215683287,2
7292,7292,7292,3261.791944503784,237.74627424741325,2
7293,7293,7293,5412.64009475708,143.33078718192843,2
7294,7294,7294,3255.311965942383,238.41559410829652,2
7295,7295,7295,5441.664218902588,142.68362830123004,2
7296,7296,7296,970.0800180435181,800.7130610097306,2
7297,7297,7297,5642.640113830566,137.71482115992583,2
7298,7298,7298,3264.7359371185303,238.1187055116414,2
7299,7299,7299,5591.023921966553,139.10051444109214,2
7300,7300,7300,3296.8640327453613,235.99214049240493,2
7301,7301,7301,5637.599945068359,138.06474233470323,2
7302,7302,7302,3323.1360912323,234.31891858730614,2
7303,7303,7303,5903.0561447143555,131.96445962173632,2
7304,7304,7304,1045.9519624710083,745.0759584473756,2
7305,7305,7305,5929.903984069824,131.47494417184814,2
7306,7306,7306,3389.6639347076416,230.09774191649208,2
7307,7307,7307,5677.519798278809,137.43225116054148,2
7308,7308,7308,3399.4719982147217,229.62234271496862,2
7309,7309,7309,5749.919891357422,135.81323288204007,2
7310,7310,7310,3425.391912460327,228.0719409531356,2
7311,7311,7311,5970.736026763916,130.89783888597006,2
7312,7312,7312,1017.7919864654541,768.209222565478,2
7313,7313,7313,6001.535892486572,130.3329748595268,2
7314,7314,7314,3463.2160663604736,225.95152462155116,2
7315,7315,7315,5801.727771759033,134.93221201460298,2
7316,7316,7316,3486.5760803222656,224.62181892775794,2
7317,7317,7317,5830.0957679748535,134.38582815907174,2
7318,7318,7318,3476.5920639038086,225.4516803975787,2
7319,7319,7319,6004.096031188965,130.59832511751537,2
7320,7320,7320,1048.624038696289,748.0720516146757,2
7321,7321,7321,6025.455951690674,130.2420730669856,2
7322,7322,7322,3498.863935470581,224.38411866690927,2
7323,7323,7323,5853.6481857299805,134.17465307339017,2
7324,7324,7324,3489.6960258483887,225.15801107833695,2
7325,7325,7325,5823.232173919678,134.98601511553647,2
7326,7326,7326,3480.4320335388184,225.9423187622001,2
7327,7327,7327,5875.423908233643,133.89654293089282,2
7328,7328,7328,1021.5679407119751,770.4050526052049,2
7329,7329,7329,5863.59977722168,134.27644697658118,2
7330,7330,7330,3467.0560359954834,227.18573505081537,2
7331,7331,7331,5802.976131439209,135.79033818747922,2
7332,7332,7332,3506.495952606201,224.81434668421295,2
7333,7333,7333,5825.791835784912,135.36927035906476,2
7334,7334,7334,3505.5038928985596,225.06204400635946,2
7335,7335,7335,6005.040168762207,131.43603016275753,2
7336,7336,7336,1048.2560396194458,753.2525149090993,2
7337,7337,7337,6017.4241065979,131.2728552138904,2
7338,7338,7338,3519.040107727051,224.56336181244072,2
7339,7339,7339,5836.128234863281,135.46148518728018,2
7340,7340,7340,3531.519889831543,223.9528114445156,2
7341,7341,7341,5851.600170135498,135.21380180417876,2
7342,7342,7342,3553.152084350586,222.77135134807236,2
7343,7343,7343,6061.2640380859375,130.6433707949901,2
7344,7344,7344,1019.9520587921143,776.6909437941172,2
7345,7345,7345,6086.6241455078125,130.2053746549977,2
7346,7346,7346,3572.59202003479,221.92148194527942,2
7347,7347,7347,5893.53609085083,134.58112915899602,2
7348,7348,7348,3583.103895187378,221.45119974047108,2
7349,7349,7349,5856.592178344727,135.54070949880568,2
7350,7350,7350,3582.3678970336914,221.6776090075964,2
7351,7351,7351,6154.2558670043945,129.0903313528795,2
7352,7352,7352,1051.6480207443237,755.746391129496,2
7353,7353,7353,6166.959762573242,128.92958322501408,2
7354,7354,7354,3588.1121158599854,221.68426460591652,2
7355,7355,7355,5923.711776733398,134.33343108884577,2
7356,7356,7356,3593.535900115967,221.530317258361,2
7357,7357,7357,5904.640197753906,134.87728801645645,2
7358,7358,7358,3573.391914367676,222.96089332395087,2
7359,7359,7359,5947.775840759277,134.00833519917094,2
7360,7360,7360,1004.6559572219849,793.681166441155,2
7361,7361,7361,5736.89603805542,139.04759097436758,2
7362,7362,7362,3575.632095336914,223.18479714306457,2
7363,7363,7363,5658.143997192383,141.09785164360412,2
7364,7364,7364,3608.288049697876,221.34521359925068,2
7365,7365,7365,5694.143772125244,140.32007905409554,2
7366,7366,7366,3596.112012863159,222.275670205164,2
7367,7367,7367,5941.152095794678,134.5957462176433,2
7368,7368,7368,1060.8799457550049,754.0716395526473,2
7369,7369,7369,5937.039852142334,134.79869914115807,2
7370,7370,7370,3617.055892944336,221.34883443790932,2
7371,7371,7371,5683.040142059326,140.93813022615083,2
7372,7372,7372,3593.8398838043213,222.96015170486336,2
7373,7373,7373,5721.759796142578,140.09836777391783,2
7374,7374,7374,3607.1999073028564,222.3152139764874,2
7375,7375,7375,5893.02396774292,136.13752856621647,2
7376,7376,7376,1051.4240264892578,763.3343794053006,2
7377,7377,7377,5901.264190673828,136.0580643948971,2
7378,7378,7378,3587.984085083008,223.86976342605965,2
7379,7379,7379,5702.832221984863,140.90679343154852,2
7380,7380,7380,3587.984085083008,224.0518700576683,2
7381,7381,7381,5719.456195831299,140.61151045586598,2
7382,7382,7382,3562.175989151001,225.85865953460478,2
7383,7383,7383,5872.4799156188965,137.05884282946496,2
7384,7384,7384,1061.344027519226,758.6629569019873,2
7385,7385,7385,5875.760078430176,137.0936819233118,2
7386,7386,7386,3566.5760040283203,225.9469182773095,2
7387,7387,7387,5702.447891235352,141.3751137375763,2
7388,7388,7388,3557.5520992279053,226.70410654535098,2
7389,7389,7389,5695.519924163818,141.66208186102614,2
7390,7390,7390,3527.6639461517334,228.81058125747043,2
7391,7391,7391,5761.760234832764,140.1471984308347,2
7392,7392,7392,1034.2880487442017,781.0419559201437,2
7393,7393,7393,5774.623870849609,139.9485530120074,2
7394,7394,7394,3507.2319507598877,230.5174705633121,2
7395,7395,7395,5696.271896362305,141.9887119971418,2
7396,7396,7396,3527.26411819458,229.39435300528422,2
7397,7397,7397,5710.048198699951,141.7611010236825,2
7398,7398,7398,3524.832010269165,229.7389081876167,2
7399,7399,7399,5867.008209228516,138.08050977732088,2
7400,7400,7400,1064.6560192108154,761.2299046604281,2
7401,7401,7401,5874.192237854004,138.02350545786666,2
7402,7402,7402,3499.392032623291,231.78463288891973,2
7403,7403,7403,5742.159843444824,141.311649584315,2
7404,7404,7404,3472.480058670044,233.77037068973243,2
7405,7405,7405,5732.399940490723,141.66700137472975,2
7406,7406,7406,3470.288038253784,234.10764463251948,2
7407,7407,7407,5861.072063446045,138.66918670986956,2
7408,7408,7408,1054.6720027923584,770.930981832536,2
7409,7409,7409,5863.823890686035,138.7164166287463,2
7410,7410,7410,3396.5439796447754,239.57824390812223,2
7411,7411,7411,5716.720104217529,142.40115314748732,2
7412,7412,7412,3377.74395942688,241.1068236190949,2
7413,7413,7413,5714.032173156738,142.58351428635746,2
7414,7414,7414,3327.008008956909,244.98184125007208,2
7415,7415,7415,5834.03205871582,139.76378404226355,2
7416,7416,7416,1066.2720203399658,765.0171054211104,2
7417,7417,7417,5801.424026489258,140.66311265991567,2
7418,7418,7418,3275.3279209136963,249.25030316850257,2
7419,7419,7419,5656.879901885986,144.37405359193016,2
7420,7420,7420,3229.1359901428223,253.02030589422873,2
7421,7421,7421,5617.775917053223,145.4966112907448,2
7422,7422,7422,3217.1359062194824,254.1695019210091,2
7423,7423,7423,5628.960132598877,145.32495748132405,2
7424,7424,7424,1016.5599584579468,805.0278148761593,2
7425,7425,7425,5893.792152404785,138.90713484288008,2
7426,7426,7426,3426.352024078369,239.0357452463755,2
7427,7427,7427,5931.392192840576,138.1381470534,2
7428,7428,7428,3478.912115097046,235.6146135301652,2
7429,7429,7429,5959.568023681641,137.5961522579317,2
7430,7430,7430,3520.4319953918457,233.02390589388182,2
7431,7431,7431,6147.808074951172,133.4908438872367,2
7432,7432,7432,1098.863959312439,747.1420317121928,2
7433,7433,7433,6183.248043060303,132.83292175150896,2
7434,7434,7434,3617.072105407715,227.16451899854556,2
7435,7435,7435,5971.199989318848,137.66111957736794,2
7436,7436,7436,3650.3360271453857,225.2761909031911,2
7437,7437,7437,6047.647953033447,136.03067031925332,2
7438,7438,7438,3680.5601119995117,223.60659201321835,2
7439,7439,7439,6208.064079284668,132.62258258340484,2
7440,7440,7440,1059.999942779541,777.0392570401349,2
7441,7441,7441,6346.384048461914,129.83672717406697,2
7442,7442,7442,3734.3358993530273,220.7423252736355,2
7443,7443,7443,6180.848121643066,133.4215496618253,2
7444,7444,7444,3770.303964614868,218.8128003765001,2
7445,7445,7445,6205.1520347595215,133.00613548657154,2
7446,7446,7446,3768.8961029052734,219.07101775385607,2
7447,7447,7447,6352.223873138428,130.03140691228595,2
7448,7448,7448,1098.4959602355957,752.2298021075818,2
7449,7449,7449,6382.880210876465,129.51116931340437,2
7450,7450,7450,3806.080102920532,217.28056888908486,2
7451,7451,7451,6214.511871337891,133.12715895156708,2
7452,7452,7452,3796.704053878784,217.9926186162584,2
7453,7453,7453,6191.679954528809,133.72569374300136,2
7454,7454,7454,3798.7520694732666,218.05056244243247,2
7455,7455,7455,6248.1279373168945,132.62427579321383,2
7456,7456,7456,1075.0720500946045,771.0989691891353,2
7457,7457,7457,6110.144138336182,135.72847500972824,2
7458,7458,7458,3795.2799797058105,218.60158835720742,2
7459,7459,7459,6046.288013458252,137.27232399623614,2
7460,7460,7460,3848.5119342803955,215.75140890273883,2
7461,7461,7461,6071.023941040039,136.8230193833989,2
7462,7462,7462,3842.816114425659,216.24502591641664,2
7463,7463,7463,6267.568111419678,132.63900589756742,2
7464,7464,7464,1099.776029586792,756.2069042371025,2
7465,7465,7465,6274.0159034729,132.60924933095265,2
7466,7466,7466,3849.0400314331055,216.24273444672423,2
7467,7467,7467,6094.399929046631,136.62730421701357,2
7468,7468,7468,3861.4559173583984,215.72071060540506,2
7469,7469,7469,6097.616195678711,136.6649947578808,2
7470,7470,7470,3878.3040046691895,214.95618832260928,2
7471,7471,7471,6314.095973968506,132.08546396196417,2
7472,7472,7472,1065.1520490646362,783.3015359907273,2
7473,7473,7473,6325.4241943359375,131.95482863922396,2
7474,7474,7474,3892.8799629211426,214.49553872743306,2
7475,7475,7475,6133.791923522949,136.1866532424239,2
7476,7476,7476,3900.4480838775635,214.25125379985246,2
7477,7477,7477,6086.544036865234,137.35401824128962,2
7478,7478,7478,3895.1520919799805,214.71478878219335,2
7479,7479,7479,6382.688045501709,131.0862007532491,2
7480,7480,7480,1100.5439758300781,760.5493304969342,2
7481,7481,7481,6402.991771697998,130.77538768411438,2
7482,7482,7482,3900.928020477295,214.74109851263165,2
7483,7483,7483,6138.224124908447,136.52572439858562,2
7484,7484,7484,3906.032085418701,214.6325205411448,2
7485,7485,7485,6119.919776916504,137.04389090416709,2
7486,7486,7486,3887.1519565582275,215.8479585796537,2
7487,7487,7487,6172.624111175537,135.98270127713113,2
7488,7488,7488,1075.3920078277588,780.8375647501488,2
7489,7489,7489,6209.904193878174,135.27470249317668,2
7490,7490,7490,3889.0719413757324,216.08741382724887,2
7491,7491,7491,6147.183895111084,136.76443683596807,2
7492,7492,7492,3923.3438968658447,214.37143953857154,2
7493,7493,7493,6172.624111175537,136.3098884946945,2
7494,7494,7494,3912.911891937256,215.11514769919006,2
7495,7495,7495,6435.743808746338,130.84169441387868,2
7496,7496,7496,1147.8400230407715,733.9008075710547,2
7497,7497,7497,6444.047927856445,130.77772145408753,2
7498,7498,7498,3945.4240798950195,213.6842993076761,2
7499,7499,7499,6174.352169036865,136.59935842784355,2
7500,7500,7500,3921.4398860931396,215.16331360637355,2
7501,7501,7501,6222.11217880249,135.65932608506156,2
7502,7502,7502,3942.5439834594727,214.18281788578562,2
7503,7503,7503,6400.224208831787,131.98957997257287,2
7504,7504,7504,1101.5199422836304,767.2132729399058,2
7505,7505,7505,6413.455963134766,131.8226288774215,2
7506,7506,7506,3925.5359172821045,215.45507116836785,2
7507,7507,7507,6229.887962341309,135.81539680980302,2
7508,7508,7508,3922.9440689086914,215.76980608328466,2
7509,7509,7509,6241.184234619141,135.67796024365788,2
7510,7510,7510,3895.6799507141113,217.4535672122434,2
7511,7511,7511,6402.575969696045,132.363591103509,2
7512,7512,7512,1149.392008781433,737.612996243841,2
7513,7513,7513,6412.9438400268555,132.25519052579887,2
7514,7514,7514,3910.0639820098877,216.99998501094973,2
7515,7515,7515,6252.863883972168,135.74941778690703,2
7516,7516,7516,3899.247884750366,217.7757232396022,2
7517,7517,7517,6258.575916290283,135.7338356501928,2
7518,7518,7518,3883.6960792541504,218.82237289463922,2
7519,7519,7519,6294.432163238525,135.0683805416655,2
7520,7520,7520,1092.576026916504,778.4520207718211,2
7521,7521,7521,6324.880123138428,134.5254529661823,2
7522,7522,7522,3874.6719360351562,219.68228932615284,2
7523,7523,7523,6288.415908813477,135.41348754310866,2
7524,7524,7524,3906.752109527588,218.0522141577625,2
7525,7525,7525,6319.791793823242,134.84869186401485,2
7526,7526,7526,3900.6080627441406,218.56988485846836,2
7527,7527,7527,6467.599868774414,131.87200223745762,2
7528,7528,7528,1135.2959871292114,751.5531928035351,2
7529,7529,7529,6479.008197784424,131.74476211804927,2
7530,7530,7530,3873.2481002807617,220.46497716944646,2
7531,7531,7531,6329.360008239746,134.96716942469774,2
7532,7532,7532,3854.5119762420654,221.71318984178737,2
7533,7533,7533,6325.007915496826,135.16766908375405,2
7534,7534,7534,3848.367929458618,222.2441082259822,2
7535,7535,7535,6462.528228759766,132.3967463603951,2
7536,7536,7536,1102.5919914245605,776.314738334071,2
7537,7537,7537,6455.088138580322,132.65492088142537,2
7538,7538,7538,3800.8480072021484,225.381306519169,2
7539,7539,7539,6307.3601722717285,135.87000587114724,2
7540,7540,7540,3790.208101272583,226.19394637253544,2
7541,7541,7541,6275.231838226318,136.67435800816833,2
7542,7542,7542,3752.687931060791,228.63732448263121,2
7543,7543,7543,6449.488162994385,133.0874392388194,2
7544,7544,7544,1136.5599632263184,755.5142871041054,2
7545,7545,7545,6430.624008178711,133.58405127674308,2
7546,7546,7546,3688.960075378418,232.95736389444247,2
7547,7547,7547,6259.984016418457,137.33455395272233,2
7548,7548,7548,3679.4400215148926,233.74586789157667,2
7549,7549,7549,6239.823818206787,137.88783231146778,2
7550,7550,7550,3633.8560581207275,236.86622040971434,2
7551,7551,7551,6242.767810821533,137.9323781367233,2
7552,7552,7552,1098.7839698791504,783.9775468427551,2
7553,7553,7553,6180.992126464844,139.4216632414443,2
7554,7554,7554,3684.3199729919434,233.99339396352838,2
7555,7555,7555,6191.247940063477,139.3013114802115,2
7556,7556,7556,3724.224090576172,231.67012785702653,2
7557,7557,7557,6239.871978759766,138.32560641052706,2
7558,7558,7558,3749.119997024536,230.31451938302655,2
7559,7559,7559,6463.967800140381,133.6361167732364,2
7560,7560,7560,1141.6319608688354,756.953608185892,2
7561,7561,7561,6491.551876068115,133.17391826584688,2
7562,7562,7562,3816.688060760498,226.59657873210466,2
7563,7563,7563,6263.967990875244,138.1219709861751,2
7564,7564,7564,3827.728033065796,226.12234641831517,2
7565,7565,7565,6335.216045379639,136.6769764515761,2
7566,7566,7566,3854.3519973754883,224.7385800730782,2
7567,7567,7567,6512.4640464782715,133.06255517750003,2
7568,7568,7568,1112.3679876327515,779.3362614730426,2
7569,7569,7569,6525.008201599121,132.91207845615543,2
7570,7570,7570,3894.0799236297607,222.79876197078508,2
7571,7571,7571,6364.3999099731445,136.37421800944978,2
7572,7572,7572,3920.464038848877,221.47480958681228,2
7573,7573,7573,6389.647960662842,135.9430266552418,2
7574,7574,7574,3911.3919734954834,222.16444588943304,2
7575,7575,7575,6531.6481590271,133.09297249095644,2
7576,7576,7576,1143.839955329895,760.2993704667198,2
7577,7577,7577,6551.087856292725,132.80316752740637,2
7578,7578,7578,3943.21608543396,220.72077975108385,2
7579,7579,7579,6401.936054229736,136.0048466124143,2
7580,7580,7580,3935.728073120117,221.31585511431652,2
7581,7581,7581,6381.328105926514,136.55210849802913,2
7582,7582,7582,3920.383930206299,222.35798795607448,2
7583,7583,7583,6414.720058441162,135.94882405295832,2
7584,7584,7584,1103.6479473114014,790.4864114804914,2
7585,7585,7585,6454.864025115967,135.2102615723683,2
7586,7586,7586,3905.247926712036,223.5732810047481,2
7587,7587,7587,6402.527809143066,136.423370275514,2
7588,7588,7588,3954.5600414276123,220.96006478347834,2
7589,7589,7589,6424.592018127441,136.06239158401607,2
7590,7590,7590,3943.9361095428467,221.73050823111961,2
7591,7591,7591,6586.1921310424805,132.8288994210572,2
7592,7592,7592,1145.6960439682007,763.887107739975,2
7593,7593,7593,6583.487987518311,132.98851845312416,2
7594,7594,7594,3941.375970840454,222.22550897148486,2
7595,7595,7595,6413.919925689697,136.61229792415577,2
7596,7596,7596,3949.7599601745605,221.92905348943282,2
7597,7597,7597,6390.83194732666,137.21417455090807,2
7598,7598,7598,3961.632013320923,221.43880588460277,2
7599,7599,7599,6588.079929351807,133.21111689735474,2
7600,7600,7600,1117.568016052246,785.59155898298,2
7601,7601,7601,6604.159832000732,132.9917246015409,2
7602,7602,7602,3970.031976699829,221.31945222929716,2
7603,7603,7603,6391.456127166748,137.5261087560099,2
7604,7604,7604,3981.2960624694824,220.86751548503818,2
7605,7605,7605,6332.496166229248,138.91614256970303,2
7606,7606,7606,3974.031925201416,221.4458813104269,2
7607,7607,7607,6613.120079040527,133.12629206238927,2
7608,7608,7608,1148.8319635391235,766.6285648170921,2
7609,7609,7609,6591.023921966553,133.67797560581684,2
7610,7610,7610,3975.1040935516357,221.73561779925012,2
7611,7611,7611,6337.600231170654,139.13305479969085,2
7612,7612,7612,3978.303909301758,221.7320018698176,2
7613,7613,7613,6305.456161499023,139.95260107941306,2
7614,7614,7614,3958.3520889282227,223.0253305554316,2
7615,7615,7615,6358.960151672363,138.88444740729108,2
7616,7616,7616,1112.6879453659058,794.0309279628794,2
7617,7617,7617,6385.536193847656,138.41542532913357,2
7618,7618,7618,3956.432104110718,223.48541382659252,2
7619,7619,7619,6336.160182952881,139.60396987718926,2
7620,7620,7620,3982.480049133301,222.19859109967902,2
7621,7621,7621,6370.048046112061,138.9706767851319,2
7622,7622,7622,3970.304012298584,223.05556676585277,2
7623,7623,7623,6646.336078643799,133.29855972537274,2
7624,7624,7624,1156.9119691848755,766.087443863561,2
7625,7625,7625,6661.1199378967285,133.10742630614772,2
7626,7626,7626,3994.623899459839,222.04679165714228,2
7627,7627,7627,6379.600048065186,139.09060052050043,2
7628,7628,7628,3964.735984802246,223.89674311397468,2
7629,7629,7629,6432.447910308838,138.05640570439738,2
7630,7630,7630,3980.7839393615723,223.1695835625979,2
7631,7631,7631,6651.72815322876,133.61027701509488,2
7632,7632,7632,1127.392053604126,788.6242209120588,2
7633,7633,7633,6650.176048278809,133.74656607838276,2
7634,7634,7634,3958.832025527954,224.7601884773924,2
7635,7635,7635,6427.008152008057,138.4995202584091,2
7636,7636,7636,3958.0318927764893,224.982358665973,2
7637,7637,7637,6442.016124725342,138.28547312802345,2
7638,7638,7638,3927.135944366455,226.9305796307927,2
7639,7639,7639,6638.783931732178,134.29226277068818,2
7640,7640,7640,1158.0959558486938,770.1326332207017,2
7641,7641,7641,6632.927894592285,134.5164255696834,2
7642,7642,7642,3915.5519008636475,227.9597178571744,2
7643,7643,7643,6427.296161651611,138.92911279578303,2
7644,7644,7644,3902.224063873291,228.91793944844218,2
7645,7645,7645,6393.727779388428,139.76818424000504,2
7646,7646,7646,3855.952024459839,231.846879473879,2
7647,7647,7647,6485.072135925293,137.9076807938074,2
7648,7648,7648,1117.0719861984253,800.9261485723767,2
7649,7649,7649,6483.920097351074,138.040436566092,2
7650,7650,7650,3828.57608795166,233.8713478407185,2
7651,7651,7651,6384.943962097168,140.29025723943673,2
7652,7652,7652,3849.7118949890137,232.7698092894708,2
7653,7653,7653,6392.655849456787,140.2309289385843,2
7654,7654,7654,3860.1438999176025,232.3228220966433,2
7655,7655,7655,6626.560211181641,135.38714569229293,2
7656,7656,7656,1162.0960235595703,772.3137285014494,2
7657,7657,7657,6623.88801574707,135.54795048640872,2
7658,7658,7658,3835.455894470215,234.18500781588776,2
7659,7659,7659,6407.311916351318,140.23949451639763,2
7660,7660,7660,3801.8240928649902,236.44181583440817,2
7661,7661,7661,6383.823871612549,140.86577412651064,2
7662,7662,7662,3797.136068344116,236.91921144356326,2
7663,7663,7663,6598.063945770264,136.39861236430272,2
7664,7664,7664,1130.0159692764282,796.7313439512649,2
7665,7665,7665,6594.367980957031,136.5819456619536,2
7666,7666,7666,3698.607921600342,243.611701399844,2
7667,7667,7667,6341.68004989624,142.13533524775474,2
7668,7668,7668,3672.4319458007812,245.54016972188606,2
7669,7669,7669,6280.8637619018555,143.62393976602482,2
7670,7670,7670,3610.192060470581,249.96878583860425,2
7671,7671,7671,6532.559871673584,138.19825048013126,2
7672,7672,7672,1161.9999408721924,777.2302089947661,2
7673,7673,7673,6512.527942657471,138.7317902340277,2
7674,7674,7674,3543.2798862457275,255.08793690178103,2
7675,7675,7675,6250.607967376709,144.65814341088497,2
7676,7676,7676,3484.5120906829834,259.5929645274103,2
7677,7677,7677,6200.687885284424,145.93677543640663,2
7678,7678,7678,3467.0560359954834,261.1039597010942,2
7679,7679,7679,6227.807998657227,145.41485798426334,2
7680,7680,7680,1125.2800226211548,805.1059698808948,2
7681,7681,7681,6360.367774963379,142.49547141748707,2
7682,7682,7682,3658.1599712371826,247.85073486804444,2
7683,7683,7683,6313.568115234375,143.66389107062463,2
7684,7684,7684,3707.7760696411133,244.72512955611924,2
7685,7685,7685,6370.672225952148,142.48736335109925,2
7686,7686,7686,3762.5279426574707,241.35227792371248,2
7687,7687,7687,6674.528121948242,136.10687779090978,2
7688,7688,7688,1240.7200336456299,732.4809342149863,2
7689,7689,7689,6719.056129455566,135.31044093415954,2
7690,7690,7690,3870.3360557556152,234.99592926755128,2
7691,7691,7691,6420.87984085083,141.7045799476343,2
7692,7692,7692,3907.776117324829,232.92609618565285,2
7693,7693,7693,6501.359939575195,140.0596323810827,2
7694,7694,7694,3947.9520320892334,230.73563593576375,2
7695,7695,7695,6780.704021453857,134.39437142024224,2
7696,7696,7696,1201.3440132141113,758.8532252580685,2
7697,7697,7697,6827.55184173584,133.57631210810888,2
7698,7698,7698,4033.599853515625,226.1886994042816,2
7699,7699,7699,6570.96004486084,138.9006020378761,2
7700,7700,7700,4079.5841217041016,223.81349979825862,2
7701,7701,7701,6612.336158752441,138.1390425822417,2
7702,7702,7702,4083.0078125,223.80012647012293,2
7703,7703,7703,6864.2401695251465,133.173317552675,2
7704,7704,7704,1239.7600412368774,737.6344364314539,2
7705,7705,7705,6854.640007019043,133.46373468383638,2
7706,7706,7706,4111.695766448975,222.58507331694082,2
7707,7707,7707,6596.7841148376465,138.78860192297392,2
7708,7708,7708,4089.600086212158,223.96196657760066,2
7709,7709,7709,6580.848217010498,139.23302489937043,2
7710,7710,7710,4094.4480895996094,223.87095939214504,2
7711,7711,7711,6678.912162780762,137.2955221618327,2
7712,7712,7712,1196.895956993103,766.4338164869298,2
7713,7713,7713,6711.071968078613,136.7439414387234,2
7714,7714,7714,4100.319862365723,223.8984887774873,2
7715,7715,7715,6621.103763580322,138.70987897845208,2
7716,7716,7716,4164.559841156006,220.61627409271813,2
7717,7717,7717,6658.751964569092,138.0329146537717,2
7718,7718,7718,4174.223899841309,220.27670832390086,2
7719,7719,7719,6894.351959228516,133.41961033578147,2
7720,7720,7720,1241.5039539337158,741.1972334718232,2
7721,7721,7721,6912.447929382324,133.17379633473178,2
7722,7722,7722,4195.919990539551,219.47860401827637,2
7723,7723,7723,6695.248126983643,137.6009472182256,2
7724,7724,7724,4214.111804962158,218.70098409889627,2
7725,7725,7725,6682.079792022705,137.97925719933804,2
7726,7726,7726,4224.559783935547,218.32961385925842,2
7727,7727,7727,6934.1278076171875,133.06716068204028,2
7728,7728,7728,1201.151967048645,768.4814328465544,2
7729,7729,7729,6932.1441650390625,133.20862073744777,2
7730,7730,7730,4247.024059295654,217.5122676731914,2
7731,7731,7731,6701.295852661133,137.90443193386517,2
7732,7732,7732,4262.063980102539,216.91299301277922,2
7733,7733,7733,6641.9358253479,139.24491714364865,2
7734,7734,7734,4257.279872894287,217.32530475592108,2
7735,7735,7735,6971.695899963379,132.76161123936313,2
7736,7736,7736,1246.0800409317017,743.0763499106162,2
7737,7737,7737,6957.151889801025,133.14237546889206,2
7738,7738,7738,4260.8160972595215,217.48203193749782,2
7739,7739,7739,6680.1438331604,138.77100134226123,2
7740,7740,7740,4264.5440101623535,217.4604473045864,2
7741,7741,7741,6654.335975646973,139.41723763832061,2
7742,7742,7742,4246.687889099121,218.5441335018576,2
7743,7743,7743,6714.560031890869,138.27390006259907,2
7744,7744,7744,1218.8160419464111,762.0577196249586,2
7745,7745,7745,6712.495803833008,138.42363025678483,2
7746,7746,7746,4249.48787689209,218.73882707763377,2
7747,7747,7747,6673.312187194824,139.34430420179177,2
7748,7748,7748,4285.344123840332,217.07665921362545,2
7749,7749,7749,6727.08797454834,138.33748347262866,2
7750,7750,7750,4271.471977233887,217.95033537897052,2
7751,7751,7751,6997.776031494141,133.08930827601037,2
7752,7752,7752,1248.5599517822266,746.2114131452656,2
7753,7753,7753,7022.863864898682,132.7165543123406,2
7754,7754,7754,4298.831939697266,216.8986848538356,2
7755,7755,7755,6740.4961585998535,138.383253369253,2
7756,7756,7756,4276.944160461426,218.17742748629368,2
7757,7757,7757,6810.207843780518,137.07271137671978,2
7758,7758,7758,4289.328098297119,217.715853304564,2
7759,7759,7759,7022.960186004639,133.02309399670332,2
7760,7760,7760,1212.5760316848755,770.7369497493731,2
7761,7761,7761,7022.35221862793,133.13751219739788,2
7762,7762,7762,4275.568008422852,218.7545485450034,2
7763,7763,7763,6817.391872406006,137.24625273210012,2
7764,7764,7764,4276.527881622314,218.8745508968637,2
7765,7765,7765,6844.575881958008,136.80684682279116,2
7766,7766,7766,4252.6397705078125,220.2741621071145,2
7767,7767,7767,7007.023811340332,133.73845994491435,2
7768,7768,7768,1251.952052116394,748.8070937534941,2
7769,7769,7769,7025.3119468688965,133.49338539137491,2
7770,7770,7770,4265.632152557373,219.94274997142554,2
7771,7771,7771,6864.096164703369,136.7342658816843,2
7772,7772,7772,4262.335777282715,220.28286281438187,2
7773,7773,7773,6849.008083343506,137.14131833459118,2
7774,7774,7774,4234.032154083252,221.92664756733546,2
7775,7775,7775,6875.008106231689,136.72816151270462,2
7776,7776,7776,1213.0240201950073,775.2278219526313,2
7777,7777,7777,6919.712066650391,135.94970481501238,2
7778,7778,7778,4228.096008300781,222.58145227932388,2
7779,7779,7779,6887.135982513428,136.6981547436238,2
7780,7780,7780,4271.471977233887,220.49118173307173,2
7781,7781,7781,6921.631813049316,136.12182019068152,2
7782,7782,7782,4258.080005645752,221.35526582081198,2
7783,7783,7783,7063.007831573486,133.50004103902282,2
7784,7784,7784,1254.639983177185,751.8294851558123,2
7785,7785,7785,7076.015949249268,133.3573765262804,2
7786,7786,7786,4236.400127410889,222.8313140687528,2
7787,7787,7787,6951.119899749756,135.8581636377755,2
7788,7788,7788,4217.487812042236,224.00307904779288,2
7789,7789,7789,6943.088054656982,136.1201547061024,2
7790,7790,7790,4218.063831329346,224.1450854720787,2
7791,7791,7791,7095.823764801025,133.29282979571323,2
7792,7792,7792,1214.2239809036255,779.2521718042892,2
7793,7793,7793,7122.943878173828,132.8876134226507,2
7794,7794,7794,4171.487808227539,226.99705426451757,2
7795,7795,7795,6984.528064727783,135.6254797706106,2
7796,7796,7796,4166.816234588623,227.42653750977288,2
7797,7797,7797,6935.8720779418945,136.68206254278354,2
7798,7798,7798,4120.704174041748,230.14855401614466,2
7799,7799,7799,7167.1037673950195,132.37411339208668,2
7800,7800,7800,1257.696032524109,754.6370310918561,2
7801,7801,7801,7135.856151580811,133.05608558149868,2
7802,7802,7802,4088.1919860839844,232.33602297768593,2
7803,7803,7803,6942.383766174316,136.8693482321878,2
7804,7804,7804,4060.959815979004,234.0739509875797,2
7805,7805,7805,6917.07181930542,137.4758561268615,2
7806,7806,7806,4045.0878143310547,235.1731208063571,2
7807,7807,7807,6906.271934509277,137.79671332238382,2
7808,7808,7808,1234.4160079956055,771.2370141487904,2
7809,7809,7809,6978.928089141846,136.46696743297576,2
7810,7810,7810,4076.1117935180664,233.7421371796282,2
7811,7811,7811,6991.83988571167,136.3196413307147,2
7812,7812,7812,4130.176067352295,230.85970358335072,2
7813,7813,7813,7024.112224578857,135.7975788393942,2
7814,7814,7814,4153.503894805908,229.73945913022683,2
7815,7815,7815,7234.752178192139,131.94510513123595,2
7816,7816,7816,1264.9600505828857,754.9302672064324,2
7817,7817,7817,7254.879951477051,131.68008587537025,2
7818,7818,7818,4223.264217376709,226.2917605135369,2
7819,7819,7819,7021.599769592285,136.15937961293318,2
7820,7820,7820,4259.679794311523,224.5294440387821,2
7821,7821,7821,7087.088108062744,135.00474140197176,2
7822,7822,7822,4277.552127838135,223.76291951344268,2
7823,7823,7823,7232.4957847595215,132.39201653621666,2
7824,7824,7824,1223.199963569641,783.103313421137,2
7825,7825,7825,7232.448101043701,132.4944566296598,2
7826,7826,7826,4320.559978485107,221.87557092729395,2
7827,7827,7827,7059.408187866211,135.8462651606306,2
7828,7828,7828,4352.11181640625,220.43593905089318,2
7829,7829,7829,7087.520122528076,135.41119474602215,2
7830,7830,7830,4337.296009063721,221.3585081566184,2
7831,7831,7831,7208.4641456604,133.2413195063492,2
7832,7832,7832,1265.679955482483,759.1439404361319,2
7833,7833,7833,7215.087890625,133.22101846090428,2
7834,7834,7834,4371.632099151611,219.95664721983556,2
7835,7835,7835,7059.5197677612305,136.2610839540233,2
7836,7836,7836,4365.776062011719,220.42041837312564,2
7837,7837,7837,7016.160011291504,137.2081949323723,2
7838,7838,7838,4349.055767059326,221.43730973474615,2
7839,7839,7839,7054.880142211914,136.5596356022488,2
7840,7840,7840,1238.5120391845703,778.1762126709305,2
7841,7841,7841,7045.760154724121,136.84108278871034,2
7842,7842,7842,4327.311992645264,222.89088122495068,2
7843,7843,7843,6988.080024719238,138.07618241360458,2
7844,7844,7844,4379.104137420654,220.4232886173262,2
7845,7845,7845,6986.400127410889,138.2150656475289,2
7846,7846,7846,4368.480205535889,221.12840576634815,2
7847,7847,7847,7169.712066650391,134.78427862410305,2
7848,7848,7848,1267.5520181655884,762.6779449912165,2
7849,7849,7849,7171.760082244873,134.84884477553265,2
7850,7850,7850,4366.0478591918945,221.59016144616157,2
7851,7851,7851,6945.631980895996,139.3455677991662,2
7852,7852,7852,4365.856170654297,221.76930951687697,2
7853,7853,7853,6935.152053833008,139.66281797940846,2
7854,7854,7854,4384.27209854126,221.00657120491934,2
7855,7855,7855,7187.664031982422,134.8592669936817,2
7856,7856,7856,1228.7520170211792,789.1692893272264,2
7857,7857,7857,7194.687843322754,134.83054785848657,2
7858,7858,7858,4392.528057098389,220.92838857472168,2
7859,7859,7859,6935.264110565186,139.9809244581004,2
7860,7860,7860,4399.792194366455,220.73208667525347,2
7861,7861,7861,6870.639801025391,141.40546803472424,2
7862,7862,7862,4390.624046325684,221.36189425495306,2
7863,7863,7863,7218.3518409729,134.69664415290592,2
7864,7864,7864,1271.9520330429077,764.6976865637736,2
7865,7865,7865,7238.111972808838,134.43144882330466,2
7866,7866,7866,4390.175819396973,221.72257236059963,2
7867,7867,7867,6904.928207397461,141.02570475428954,2
7868,7868,7868,4391.007900238037,221.84969241599217,2
7869,7869,7869,6893.072128295898,141.37603867768016,2
7870,7870,7870,4364.223957061768,223.38147986712093,2
7871,7871,7871,7020.912170410156,138.90765914039716,2
7872,7872,7872,1243.872046470642,784.3493552767342,2
7873,7873,7873,7081.200122833252,137.83003986667345,2
7874,7874,7874,4361.936092376709,223.83960392138584,2
7875,7875,7875,6943.984031677246,140.6607632296178,2
7876,7876,7876,4398.960113525391,222.124822579699,2
7877,7877,7877,7003.744125366211,139.56684492880288,2
7878,7878,7878,4390.3679847717285,222.7291205875634,2
7879,7879,7879,7351.744174957275,133.06165198324317,2
7880,7880,7880,1297.4239587783813,754.2698262805552,2
7881,7881,7881,7367.487907409668,132.8784478488814,2
7882,7882,7882,4432.384014129639,220.95401996171802,2
7883,7883,7883,7041.359901428223,139.13872923542496,2
7884,7884,7884,4405.02405166626,222.4956673817171,2
7885,7885,7885,7103.184223175049,138.03270863383852,2
7886,7886,7886,4429.4562339782715,221.4368520876126,2
7887,7887,7887,7372.159957885742,133.09776670762895,2
7888,7888,7888,1262.8159523010254,777.3035337060835,2
7889,7889,7889,7400.144100189209,132.69534477212315,2
7890,7890,7890,4416.175842285156,222.44090205694522,2
7891,7891,7891,7149.119853973389,137.45911636882428,2
7892,7892,7892,4415.487766265869,222.64479138335037,2
7893,7893,7893,7189.519882202148,136.79065056187963,2
7894,7894,7894,4389.711856842041,224.12244312449462,2
7895,7895,7895,7417.312145233154,132.69050371333168,2
7896,7896,7896,1300.4800081253052,757.0903913327461,2
7897,7897,7897,7407.951831817627,132.9591591451169,2
7898,7898,7898,4390.624046325684,224.41667953979754,2
7899,7899,7899,7192.768096923828,137.04092417765582,2
7900,7900,7900,4377.295970916748,225.27103640046604,2
7901,7901,7901,7194.047927856445,137.12064713696253,2
7902,7902,7902,4338.031768798828,227.48268390142425,2
7903,7903,7903,7262.063980102539,135.9395633746621,2
7904,7904,7904,1251.2799501419067,789.2531151130486,2
7905,7905,7905,7292.031764984131,135.48370565170598,2
7906,7906,7906,4307.472229003906,229.44465205769848,2
7907,7907,7907,7209.663867950439,137.13559486193742,2
7908,7908,7908,4331.744194030762,228.33220760980518,2
7909,7909,7909,7232.416152954102,136.80794356030736,2
7910,7910,7910,4331.424236297607,228.52237231929044,2
7911,7911,7911,7417.759895324707,133.49081286469095,2
7912,7912,7912,1301.8560409545898,760.8969946705132,2
7913,7913,7913,7424.831867218018,133.46483970488842,2
7914,7914,7914,4304.5759201049805,230.29672476164,2
7915,7915,7915,7278.143882751465,136.25803332910903,2
7916,7916,7916,4280.00020980835,231.794732233535,2
7917,7917,7917,7254.144191741943,136.8124898255821,2
7918,7918,7918,4273.695945739746,232.31265440249928,2
7919,7919,7919,7411.568164825439,134.00805916238815,2
7920,7920,7920,1265.8079862594604,784.9422556861151,2
7921,7921,7921,7403.776168823242,134.25076059261536,2
7922,7922,7922,4188.015937805176,237.42485646248662,2
7923,7923,7923,7213.424205780029,137.89784858860048,2
7924,7924,7924,4169.26383972168,238.6733985428055,2
7925,7925,7925,7143.631935119629,139.35056639131417,2
7926,7926,7926,4105.711936950684,242.55136571797968,2
7927,7927,7927,7360.415935516357,135.3487388068527,2
7928,7928,7928,1302.672028541565,765.0429760280994,2
7929,7929,7929,7339.295864105225,135.8409949180523,2
7930,7930,7930,4054.8958778381348,245.96303926100785,2
7931,7931,7931,7140.992164611816,139.71894212773398,2
7932,7932,7932,4006.624221801758,249.11478289000996,2
7933,7933,7933,7099.567890167236,140.64051304543267,2
7934,7934,7934,3986.560106277466,250.55799646294832,2
7935,7935,7935,7113.952159881592,140.46232365535502,2
7936,7936,7936,1260.4000568389893,793.0974600389891,2
7937,7937,7937,7121.151924133301,140.42643978947376,2
7938,7938,7938,4178.976058959961,239.3830501132298,2
7939,7939,7939,7139.920234680176,140.16321207303062,2
7940,7940,7940,4230.031967163086,236.6725300828919,2
7941,7941,7941,7194.208145141602,139.21068963209538,2
7942,7942,7942,4277.008056640625,234.24998702549405,2
7943,7943,7943,7465.856075286865,134.24683941224907,2
7944,7944,7944,1364.0960454940796,735.0260856484183,2
7945,7945,7945,7522.848129272461,133.33046872860416,2
7946,7946,7946,4379.231929779053,229.12777152742063,2
7947,7947,7947,7262.015819549561,138.22367772096942,2
7948,7948,7948,4416.096210479736,227.38669243687383,2
7949,7949,7949,7372.047901153564,136.26343672303207,2
7950,7950,7950,4451.456069946289,225.75079574179094,2
7951,7951,7951,7576.911926269531,132.67925277269995,2
7952,7952,7952,1335.9359502792358,752.7893613505904,2
7953,7953,7953,7616.079807281494,132.09654439179326,2
7954,7954,7954,4532.544136047363,222.04689973646254,2
7955,7955,7955,7453.08780670166,135.08723415879942,2
7956,7956,7956,4574.607849121094,220.17116895069157,2
7957,7957,7957,7496.208190917969,134.41150076471055,2
7958,7958,7958,4560.448169708252,221.02137472345893,2
7959,7959,7959,7656.367778778076,131.6990744557632,2
7960,7960,7960,1351.7600297927856,746.2246624903005,2
7961,7961,7961,7685.904026031494,131.29189304788036,2
7962,7962,7962,4595.759868621826,219.65403570111278,2
7963,7963,7963,7507.088184356689,134.52054723405897,2
7964,7964,7964,4582.911968231201,220.43585425401628,2
7965,7965,7965,7474.624156951904,135.2066261833455,2
7966,7966,7966,4587.520122528076,220.38037597421192,2
7967,7967,7967,7510.672092437744,134.65908079575547,2
7968,7968,7968,1325.3120183944702,763.4134999316486,2
7969,7969,7969,7564.335823059082,133.8044862223847,2
7970,7970,7970,4588.096141815186,220.68481450770474,2
7971,7971,7971,7495.503902435303,135.1349198674829,2
7972,7972,7972,4651.23176574707,217.85317075749896,2
7973,7973,7973,7519.631862640381,134.8027365103043,2
7974,7974,7974,4651.936054229736,217.98416853258,2
7975,7975,7975,7701.504230499268,131.7184199851095,2
7976,7976,7976,1351.5039682388306,750.8757977783961,2
7977,7977,7977,7704.368114471436,131.76854384191742,2
7978,7978,7978,4658.656120300293,217.99746203171935,2
7979,7979,7979,7479.551792144775,135.83128745027014,2
7980,7980,7980,4663.77592086792,217.9219587828871,2
7981,7981,7981,7457.824230194092,136.32948201777876,2
7982,7982,7982,4683.199882507324,217.18132171447186,2
7983,7983,7983,7689.807891845703,132.31616140280244,2
7984,7984,7984,1338.1279706954956,760.6658720981375,2
7985,7985,7985,7710.959911346436,132.05240397523997,2
7986,7986,7986,4695.888042449951,216.9202913919038,2
7987,7987,7987,7434.895992279053,137.0585558512482,2
7988,7988,7988,4695.024013519287,217.12325764653139,2
7989,7989,7989,7373.40784072876,138.3053572196284,2
7990,7990,7990,4693.039894104004,217.37824971009968,2
7991,7991,7991,7747.119903564453,131.73255341929658,2
7992,7992,7992,1352.944016456604,754.5996423782894,2
7993,7993,7993,7730.720043182373,132.11115466724019,2
7994,7994,7994,4690.415859222412,217.82668280022818,2
7995,7995,7995,7391.503810882568,138.27784249332078,2
7996,7996,7996,4691.440105438232,217.9426242033395,2
7997,7997,7997,7349.311828613281,139.17608284951464,2
7998,7998,7998,4664.144039154053,219.3826312811699,2
7999,7999,7999,7429.647922515869,137.774502731938,2
8000,8000,8000,1327.0879983901978,771.6142420413314,2
8001,8001,8001,7449.20015335083,137.51597848276467,2
8002,8002,8002,4660.143852233887,219.90054910531725,2
8003,8003,8003,7352.3359298706055,139.43220791763275,2
8004,8004,8004,4702.335834503174,218.09092421752848,2
8005,8005,8005,7389.279842376709,138.839132112233,2
8006,8006,8006,4688.655853271484,218.8912474170824,2
8007,8007,8007,7737.936019897461,132.68271410437498,2
8008,8008,8008,1395.4399824142456,736.0223914804715,2
8009,8009,8009,7747.488021850586,132.61845472496492,2
8010,8010,8010,4726.143836975098,217.4806433013384,2
8011,8011,8011,7378.943920135498,139.34647312553622,2
8012,8012,8012,4701.695919036865,218.77529580150093,2
8013,8013,8013,7453.616142272949,138.05381129812392,2
8014,8014,8014,4716.65620803833,218.24474120748437,2
8015,8015,8015,7725.887775421143,133.2883464895873,2
8016,8016,8016,1351.5520095825195,762.2024819527328,2
8017,8017,8017,7715.407848358154,133.56933322005787,2
8018,8018,8018,4694.032192230225,219.62515838098386,2
8019,8019,8019,7439.919948577881,138.61887612314064,2
8020,8020,8020,4687.215805053711,220.1091775820588,2
8021,8021,8021,7459.375858306885,138.36079668416934,2
8022,8022,8022,4657.663822174072,221.67148439967707,2
8023,8023,8023,7689.536094665527,134.31986060258248,2
8024,8024,8024,1395.4880237579346,740.4174439745888,2
8025,8025,8025,7682.176113128662,134.5491194198933,2
8026,8026,8026,4664.0801429748535,221.6978378275639,2
8027,8027,8027,7450.496196746826,138.8367974494988,2
8028,8028,8028,4656.928062438965,222.20435059974952,2
8029,8029,8029,7423.664093017578,139.44278779419025,2
8030,8030,8030,4635.88809967041,223.37969160075795,2
8031,8031,8031,7496.384143829346,138.19331663182487,2
8032,8032,8032,1335.4560136795044,776.017485353666,2
8033,8033,8033,7482.240200042725,138.55801419848567,2
8034,8034,8034,4621.391773223877,224.41541801692185,2
8035,8035,8035,7389.904022216797,140.39409478538462,2
8036,8036,8036,4659.872055053711,222.72849748876575,2
8037,8037,8037,7404.5281410217285,140.221469016219,2
8038,8038,8038,4648.287773132324,223.45032675205502,2
8039,8039,8039,7641.568183898926,135.97328475421003,2
8040,8040,8040,1394.0479755401611,745.6249327411007,2
8041,8041,8041,7631.968021392822,136.24596210666954,2
8042,8042,8042,4610.032081604004,225.64112391471053,2
8043,8043,8043,7388.815879821777,140.8345975781846,2
8044,8044,8044,4581.32791519165,227.2243152287981,2
8045,8045,8045,7360.447883605957,141.4828823894639,2
8046,8046,8046,4576.272010803223,227.64507009476264,2
8047,8047,8047,7590.335845947266,137.30014860968782,2
8048,8048,8048,1353.0559539794922,770.5097561691831,2
8049,8049,8049,7586.368083953857,137.47441091132052,2
8050,8050,8050,4518.415927886963,230.90398640833152,2
8051,8051,8051,7320.479869842529,142.57386562890053,2
8052,8052,8052,4507.023811340332,231.6602079156752,2
8053,8053,8053,7256.688117980957,143.93441095613875,2
8054,8054,8054,4457.968235015869,234.38396772790836,2
8055,8055,8055,7535.120010375977,138.71916191257117,2
8056,8056,8056,1399.9040126800537,746.947554804233,2
8057,8057,8057,7518.064022064209,139.1374587016075,2
8058,8058,8058,4416.431903839111,236.94101596231044,2
8059,8059,8059,7253.312110900879,144.32351493392196,2
8060,8060,8060,4369.455814361572,239.66674031992926,2
8061,8061,8061,7210.991859436035,145.27863605769375,2
8062,8062,8062,4360.223770141602,240.35302862952966,2
8063,8063,8063,7248.640060424805,144.63168309567848,2
8064,8064,8064,1342.2080278396606,781.3789744470861,2
8065,8065,8065,7316.336154937744,143.40010177661495,2
8066,8066,8066,4342.368125915527,241.70075695061354,2
8067,8067,8067,7308.7358474731445,143.65604332095245,2
8068,8068,8068,4396.736145019531,238.88960952405165,2
8069,8069,8069,7390.28787612915,142.17648928289702,2
8070,8070,8070,4445.47176361084,236.44642051358568,2
8071,8071,8071,7689.216136932373,136.75082935586468,2
8072,8072,8072,1427.9839992523193,736.6312080855002,2
8073,8073,8073,7745.696067810059,135.85461665700416,2
8074,8074,8074,4541.823863983154,231.77465484643557,2
8075,8075,8075,7483.903884887695,140.7114334908114,2
8076,8076,8076,4562.096118927002,230.9162495681421,2
8077,8077,8077,7573.919773101807,139.14241722082662,2
8078,8078,8078,4613.743782043457,228.50098117868785,2
8079,8079,8079,7827.695846557617,134.73141710555822,2
8080,8080,8080,1370.5600500106812,769.7789119066894,2
8081,8081,8081,7879.40788269043,133.94661205451214,2
8082,8082,8082,4687.535762786865,225.2381439130166,2
8083,8083,8083,7703.392028808594,137.1089270316355,2
8084,8084,8084,4706.287860870361,224.50727720947305,2
8085,8085,8085,7754.288196563721,136.3101294994942,2
8086,8086,8086,4709.136009216309,224.53806346696888,2
8087,8087,8087,7957.087993621826,132.9346401414538,2
8088,8088,8088,1423.9840507507324,743.1017744799385,2
8089,8089,8089,7968.287944793701,132.8463059156437,2
8090,8090,8090,4746.111869812012,223.1195317446118,2
8091,8091,8091,7805.424213409424,135.71882400985825,2
8092,8092,8092,4748.079776763916,223.19250711879775,2
8093,8093,8093,7791.007995605469,136.07080897773017,2
8094,8094,8094,4720.767974853516,224.65026767194757,2
8095,8095,8095,7846.352100372314,135.21122952150708,2
8096,8096,8096,1375.1840591430664,771.7571552809773,2
8097,8097,8097,7875.8721351623535,134.8043034632271,2
8098,8098,8098,4718.255996704102,225.10327441451196,2
8099,8099,8099,7816.192150115967,135.93427185413248,2
8100,8100,8100,4769.839763641357,222.83390064839037,2
8101,8101,8101,7818.431854248047,135.99603199512222,2
8102,8102,8102,4767.280101776123,223.1187368285144,2
8103,8103,8103,7986.976146697998,133.22481473716542,2
8104,8104,8104,1423.408031463623,747.8231077799027,2
8105,8105,8105,7986.879825592041,133.3250954694396,2
8106,8106,8106,4760.159969329834,223.78359485720648,2
8107,8107,8107,7822.735786437988,136.22344294606802,2
8108,8108,8108,4775.392055511475,223.23494679220028,2
8109,8109,8109,7833.871841430664,136.13049838497778,2
8110,8110,8110,4802.703857421875,222.12976141582843,2
8111,8111,8111,8076.239585876465,132.14295241170478,2
8112,8112,8112,1374.959945678711,776.4683801963427,2
8113,8113,8113,8106.687545776367,131.74404363844496,2
8114,8114,8114,4830.73616027832,221.16769279869857,2
8115,8115,8115,7927.008152008057,134.82991580868426,2
8116,8116,8116,4828.656196594238,221.4266177298202,2
8117,8117,8117,7886.896133422852,135.61586930165478,2
8118,8118,8118,4848.656177520752,220.676327396576,2
8119,8119,8119,8219.200134277344,130.22910755684026,2
8120,8120,8120,1430.7359457015991,748.4082993909246,2
8121,8121,8121,8220.879554748535,130.2987477177271,2
8122,8122,8122,4831.920146942139,221.76816485142794,2
8123,8123,8123,7953.872203826904,134.77233305536882,2
8124,8124,8124,4836.160182952881,221.73745713137976,2
8125,8125,8125,7917.344093322754,135.49416238644065,2
8126,8126,8126,4779.071807861328,224.55198245540552,2
8127,8127,8127,7982.304096221924,134.4907780792411,2
8128,8128,8128,1390.9759521484375,772.0784997362736,2
8129,8129,8129,7973.616123199463,134.73674237366157,2
8130,8130,8130,4797.999858856201,223.99658724796356,2
8131,8131,8131,7899.119853973389,136.10785050200127,2
8132,8132,8132,4830.863952636719,222.63697808110888,2
8133,8133,8133,7940.159797668457,135.50429773339502,2
8134,8134,8134,4840.015888214111,222.37999317914347,2
8135,8135,8135,8223.823547363281,130.9268997016865,2
8136,8136,8136,1438.4160041809082,748.8215062827763,2
8137,8137,8137,8214.863777160645,131.16639349538042,2
8138,8138,8138,4853.407859802246,222.093712146401,2
8139,8139,8139,7903.8238525390625,136.4287463075988,2
8140,8140,8140,4833.439826965332,223.1756940434002,2
8141,8141,8141,7935.408115386963,135.98593528536858,2
8142,8142,8142,4853.328227996826,222.4250139005241,2
8143,8143,8143,8124.2876052856445,132.92234998074414,2
8144,8144,8144,1419.9680089950562,760.7898861978947,2
8145,8145,8145,8112.640380859375,133.21129083938536,2
8146,8146,8146,4813.007831573486,224.61908023086778,2
8147,8147,8147,7867.728233337402,137.45919444236364,2
8148,8148,8148,4803.584098815918,225.22555103192335,2
8149,8149,8149,7867.184162139893,137.5699667876613,2
8150,8150,8150,4753.551959991455,227.76373522630985,2
8151,8151,8151,8042.12760925293,134.6764670403698,2
8152,8152,8152,1440.5759572982788,752.1186301401385,2
8153,8153,8153,8023.903846740723,135.08172777946098,2
8154,8154,8154,4734.272003173828,229.02817408908993,2
8155,8155,8155,7769.919872283936,139.59997858139593,2
8156,8156,8156,4697.184085845947,231.00642874561322,2
8157,8157,8157,7734.752178192139,140.33790182010867,2
8158,8158,8158,4643.6638832092285,233.8408179262,2
8159,8159,8159,7823.872089385986,138.8414221177855,2
8160,8160,8160,1390.8799886703491,781.2873870152087,2
8161,8161,8161,7844.49577331543,138.5782574145685,2
8162,8162,8162,4619.887828826904,235.39017728318638,2
8163,8163,8163,7703.343868255615,141.22126599813132,2
8164,8164,8164,4634.799957275391,234.8053508069317,2
8165,8165,8165,7724.559783935547,140.93693552790862,2
8166,8166,8166,4661.168098449707,233.64869354405474,2
8167,8167,8167,7991.888046264648,136.32272882441256,2
8168,8168,8168,1422.287940979004,766.2838190934849,2
8169,8169,8169,7989.8881912231445,136.45705115318935,2
8170,8170,8170,4605.87215423584,236.80141121523468,2
8171,8171,8171,7692.9121017456055,141.82893993737724,2
8172,8172,8172,4558.512210845947,239.4373774625578,2
8173,8173,8173,7647.408008575439,142.77765044177306,2
8174,8174,8174,4552.864074707031,239.91047527995582,2
8175,8175,8175,7888.62419128418,138.5134710761426,2
8176,8176,8176,1412.12797164917,774.0670629698185,2
8177,8177,8177,7876.399993896484,138.83028836947756,2
8178,8178,8178,4431.8718910217285,246.82214161470603,2
8179,8179,8179,7507.167816162109,145.76541586323987,2
8180,8180,8180,4373.744010925293,250.2859932509887,2
8181,8181,8181,7433.568000793457,147.31665700308528,2
8182,8182,8182,4318.992137908936,253.64482595849037,2
8183,8183,8183,7666.255950927734,142.950057497282,2
8184,8184,8184,1424.0479469299316,769.8431428320031,2
8185,8185,8185,7631.711959838867,143.70241814959107,2
8186,8186,8186,4191.63179397583,261.73517418412973,2
8187,8187,8187,7342.976093292236,149.4625035492842,2
8188,8188,8188,4113.247871398926,266.9184633822228,2
8189,8189,8189,7289.055824279785,150.67851543673984,2
8190,8190,8190,4070.1122283935547,269.94501781432496,2
8191,8191,8191,7225.759983062744,152.10981631251562,2
8192,8192,8192,1408.5919857025146,780.5749563651214,2
